Test Suite 'Selected tests' started at 2026-07-27 07:34:39.138.
Test Suite 'Qwen3SpeechPackageTests.xctest' started at 2026-07-27 07:34:39.142.
Test Suite 'AlignCommandTests' started at 2026-07-27 07:34:39.142.
Test Case '-[AudioCLITests.AlignCommandTests testAllOptionsCombined]' started.
Test Case '-[AudioCLITests.AlignCommandTests testAllOptionsCombined]' passed (0.012 seconds).
Test Case '-[AudioCLITests.AlignCommandTests testDefaultAlignerModel]' started.
Test Case '-[AudioCLITests.AlignCommandTests testDefaultAlignerModel]' passed (0.002 seconds).
Test Case '-[AudioCLITests.AlignCommandTests testDefaultEngineIsMLX]' started.
Test Case '-[AudioCLITests.AlignCommandTests testDefaultEngineIsMLX]' passed (0.002 seconds).
Test Case '-[AudioCLITests.AlignCommandTests testDefaultModel]' started.
Test Case '-[AudioCLITests.AlignCommandTests testDefaultModel]' passed (0.001 seconds).
Test Case '-[AudioCLITests.AlignCommandTests testDefaultTextIsNil]' started.
Test Case '-[AudioCLITests.AlignCommandTests testDefaultTextIsNil]' passed (0.002 seconds).
Test Case '-[AudioCLITests.AlignCommandTests testEngineCoremlParses]' started.
Test Case '-[AudioCLITests.AlignCommandTests testEngineCoremlParses]' passed (0.002 seconds).
Test Case '-[AudioCLITests.AlignCommandTests testMissingAudioFileFails]' started.
Test Case '-[AudioCLITests.AlignCommandTests testMissingAudioFileFails]' passed (0.003 seconds).
Test Case '-[AudioCLITests.AlignCommandTests testParsesAlignerModel]' started.
Test Case '-[AudioCLITests.AlignCommandTests testParsesAlignerModel]' passed (0.002 seconds).
Test Case '-[AudioCLITests.AlignCommandTests testParsesAudioFile]' started.
Test Case '-[AudioCLITests.AlignCommandTests testParsesAudioFile]' passed (0.001 seconds).
Test Case '-[AudioCLITests.AlignCommandTests testParsesLanguage]' started.
Test Case '-[AudioCLITests.AlignCommandTests testParsesLanguage]' passed (0.002 seconds).
Test Case '-[AudioCLITests.AlignCommandTests testParsesTextOption]' started.
Test Case '-[AudioCLITests.AlignCommandTests testParsesTextOption]' passed (0.001 seconds).
Test Case '-[AudioCLITests.AlignCommandTests testParsesTextShortFlag]' started.
Test Case '-[AudioCLITests.AlignCommandTests testParsesTextShortFlag]' passed (0.002 seconds).
Test Suite 'AlignCommandTests' passed at 2026-07-27 07:34:39.173.
	 Executed 12 tests, with 0 failures (0 unexpected) in 0.030 (0.031) seconds
Test Suite 'Audio2Face3DParityTests' started at 2026-07-27 07:34:39.173.
Test Case '-[Audio2Face3DTests.Audio2Face3DParityTests testMLXForwardMatchesONNXFixtureWhenAvailable]' started.
/Users/ivan/repos/speech-swift-tts-download/Tests/Audio2Face3DTests/Audio2Face3DParityTests.swift:7: -[Audio2Face3DTests.Audio2Face3DParityTests testMLXForwardMatchesONNXFixtureWhenAvailable] : Test skipped - set AUDIO2FACE3D_FIXTURE_DIR to an exported Audio2Face3D MLX bundle
Test Case '-[Audio2Face3DTests.Audio2Face3DParityTests testMLXForwardMatchesONNXFixtureWhenAvailable]' skipped (0.001 seconds).
Test Suite 'Audio2Face3DParityTests' passed at 2026-07-27 07:34:39.174.
	 Executed 1 test, with 1 test skipped and 0 failures (0 unexpected) in 0.001 (0.001) seconds
Test Suite 'Audio2Face3DTests' started at 2026-07-27 07:34:39.174.
Test Case '-[Audio2Face3DTests.Audio2Face3DTests testConfigurationCanReadJamesCoefficientLayout]' started.
Test Case '-[Audio2Face3DTests.Audio2Face3DTests testConfigurationCanReadJamesCoefficientLayout]' passed (0.002 seconds).
Test Case '-[Audio2Face3DTests.Audio2Face3DTests testDefaultCoefficientLayoutMatchesNvidiaV23Mark]' started.
Test Case '-[Audio2Face3DTests.Audio2Face3DTests testDefaultCoefficientLayoutMatchesNvidiaV23Mark]' passed (0.000 seconds).
Test Case '-[Audio2Face3DTests.Audio2Face3DTests testDefaultConfigurationMatchesNvidiaV23Window]' started.
Test Case '-[Audio2Face3DTests.Audio2Face3DTests testDefaultConfigurationMatchesNvidiaV23Window]' passed (0.000 seconds).
Test Case '-[Audio2Face3DTests.Audio2Face3DTests testFrameKeepsFullCoefficientVector]' started.
Test Case '-[Audio2Face3DTests.Audio2Face3DTests testFrameKeepsFullCoefficientVector]' passed (0.000 seconds).
Test Case '-[Audio2Face3DTests.Audio2Face3DTests testJamesMLXRuntimeLoadsWhenBundleIsAvailable]' started.
/Users/ivan/repos/speech-swift-tts-download/Tests/Audio2Face3DTests/Audio2Face3DTests.swift:86: -[Audio2Face3DTests.Audio2Face3DTests testJamesMLXRuntimeLoadsWhenBundleIsAvailable] : Test skipped - set AUDIO2FACE3D_JAMES_FIXTURE_DIR to an exported James Audio2Face3D MLX bundle
Test Case '-[Audio2Face3DTests.Audio2Face3DTests testJamesMLXRuntimeLoadsWhenBundleIsAvailable]' skipped (0.000 seconds).
Test Case '-[Audio2Face3DTests.Audio2Face3DTests testLocalModelRequiresExportedMLXWeights]' started.
Test Case '-[Audio2Face3DTests.Audio2Face3DTests testLocalModelRequiresExportedMLXWeights]' passed (0.000 seconds).
Test Suite 'Audio2Face3DTests' passed at 2026-07-27 07:34:39.177.
	 Executed 6 tests, with 1 test skipped and 0 failures (0 unexpected) in 0.003 (0.003) seconds
Test Suite 'AudioCLIRootTests' started at 2026-07-27 07:34:39.177.
Test Case '-[AudioCLITests.AudioCLIRootTests testHelpContainsAbstract]' started.
Test Case '-[AudioCLITests.AudioCLIRootTests testHelpContainsAbstract]' passed (0.000 seconds).
Test Case '-[AudioCLITests.AudioCLIRootTests testHelpContainsAllSubcommands]' started.
Test Case '-[AudioCLITests.AudioCLIRootTests testHelpContainsAllSubcommands]' passed (0.000 seconds).
Test Case '-[AudioCLITests.AudioCLIRootTests testHelpParsesSuccessfully]' started.
Test Case '-[AudioCLITests.AudioCLIRootTests testHelpParsesSuccessfully]' passed (0.000 seconds).
Test Case '-[AudioCLITests.AudioCLIRootTests testNoSubcommandParsesRootCommand]' started.
Test Case '-[AudioCLITests.AudioCLIRootTests testNoSubcommandParsesRootCommand]' passed (0.000 seconds).
Test Case '-[AudioCLITests.AudioCLIRootTests testUnknownSubcommandFails]' started.
Test Case '-[AudioCLITests.AudioCLIRootTests testUnknownSubcommandFails]' passed (0.000 seconds).
Test Suite 'AudioCLIRootTests' passed at 2026-07-27 07:34:39.179.
	 Executed 5 tests, with 0 failures (0 unexpected) in 0.002 (0.002) seconds
Test Suite 'AudioRingBufferTests' started at 2026-07-27 07:34:39.179.
Test Case '-[AudioCommonTests.AudioRingBufferTests testConcurrentMultipleWriters]' started.
Test Case '-[AudioCommonTests.AudioRingBufferTests testConcurrentMultipleWriters]' passed (0.003 seconds).
Test Case '-[AudioCommonTests.AudioRingBufferTests testConcurrentWriteAndRead]' started.
Test Case '-[AudioCommonTests.AudioRingBufferTests testConcurrentWriteAndRead]' passed (0.009 seconds).
Test Case '-[AudioCommonTests.AudioRingBufferTests testMultipleWriteReadCycles]' started.
Test Case '-[AudioCommonTests.AudioRingBufferTests testMultipleWriteReadCycles]' passed (0.000 seconds).
Test Case '-[AudioCommonTests.AudioRingBufferTests testOverwriteByLargeBlockDropsCorrectly]' started.
Test Case '-[AudioCommonTests.AudioRingBufferTests testOverwriteByLargeBlockDropsCorrectly]' passed (0.000 seconds).
Test Case '-[AudioCommonTests.AudioRingBufferTests testOverwriteDropsOldest]' started.
Test Case '-[AudioCommonTests.AudioRingBufferTests testOverwriteDropsOldest]' passed (0.000 seconds).
Test Case '-[AudioCommonTests.AudioRingBufferTests testPartialRead]' started.
Test Case '-[AudioCommonTests.AudioRingBufferTests testPartialRead]' passed (0.000 seconds).
Test Case '-[AudioCommonTests.AudioRingBufferTests testReadFromEmptyBufferReturnsZeros]' started.
Test Case '-[AudioCommonTests.AudioRingBufferTests testReadFromEmptyBufferReturnsZeros]' passed (0.000 seconds).
Test Case '-[AudioCommonTests.AudioRingBufferTests testReadUnderrunReturnsPaddedZeros]' started.
Test Case '-[AudioCommonTests.AudioRingBufferTests testReadUnderrunReturnsPaddedZeros]' passed (0.000 seconds).
Test Case '-[AudioCommonTests.AudioRingBufferTests testWriteAndRead]' started.
Test Case '-[AudioCommonTests.AudioRingBufferTests testWriteAndRead]' passed (0.000 seconds).
Test Case '-[AudioCommonTests.AudioRingBufferTests testWriteAndReadAcrossBufferBoundary]' started.
Test Case '-[AudioCommonTests.AudioRingBufferTests testWriteAndReadAcrossBufferBoundary]' passed (0.000 seconds).
Test Case '-[AudioCommonTests.AudioRingBufferTests testWriteFromPointer]' started.
Test Case '-[AudioCommonTests.AudioRingBufferTests testWriteFromPointer]' passed (0.000 seconds).
Test Case '-[AudioCommonTests.AudioRingBufferTests testWriteFromPointerConcurrentWithRead]' started.
Test Case '-[AudioCommonTests.AudioRingBufferTests testWriteFromPointerConcurrentWithRead]' passed (0.007 seconds).
Test Case '-[AudioCommonTests.AudioRingBufferTests testWriteFromPointerOverwriteDropsOldest]' started.
Test Case '-[AudioCommonTests.AudioRingBufferTests testWriteFromPointerOverwriteDropsOldest]' passed (0.000 seconds).
Test Suite 'AudioRingBufferTests' passed at 2026-07-27 07:34:39.198.
	 Executed 13 tests, with 0 failures (0 unexpected) in 0.019 (0.020) seconds
Test Suite 'AudioSampleRingBufferTests' started at 2026-07-27 07:34:39.199.
Test Case '-[AudioCommonTests.AudioSampleRingBufferTests testConcurrentWriteAndRead]' started.
Test Case '-[AudioCommonTests.AudioSampleRingBufferTests testConcurrentWriteAndRead]' passed (0.128 seconds).
Test Case '-[AudioCommonTests.AudioSampleRingBufferTests testInitialState]' started.
Test Case '-[AudioCommonTests.AudioSampleRingBufferTests testInitialState]' passed (0.000 seconds).
Test Case '-[AudioCommonTests.AudioSampleRingBufferTests testManySmallWritesAndReads]' started.
Test Case '-[AudioCommonTests.AudioSampleRingBufferTests testManySmallWritesAndReads]' passed (0.000 seconds).
Test Case '-[AudioCommonTests.AudioSampleRingBufferTests testPartialRead]' started.
Test Case '-[AudioCommonTests.AudioSampleRingBufferTests testPartialRead]' passed (0.000 seconds).
Test Case '-[AudioCommonTests.AudioSampleRingBufferTests testReadFromEmpty]' started.
Test Case '-[AudioCommonTests.AudioSampleRingBufferTests testReadFromEmpty]' passed (0.000 seconds).
Test Case '-[AudioCommonTests.AudioSampleRingBufferTests testReadMoreThanAvailable]' started.
Test Case '-[AudioCommonTests.AudioSampleRingBufferTests testReadMoreThanAvailable]' passed (0.000 seconds).
Test Case '-[AudioCommonTests.AudioSampleRingBufferTests testReset]' started.
Test Case '-[AudioCommonTests.AudioSampleRingBufferTests testReset]' passed (0.000 seconds).
Test Case '-[AudioCommonTests.AudioSampleRingBufferTests testWrapAround]' started.
Test Case '-[AudioCommonTests.AudioSampleRingBufferTests testWrapAround]' passed (0.000 seconds).
Test Case '-[AudioCommonTests.AudioSampleRingBufferTests testWriteAndRead]' started.
Test Case '-[AudioCommonTests.AudioSampleRingBufferTests testWriteAndRead]' passed (0.000 seconds).
Test Case '-[AudioCommonTests.AudioSampleRingBufferTests testWritePartialWhenAlmostFull]' started.
Test Case '-[AudioCommonTests.AudioSampleRingBufferTests testWritePartialWhenAlmostFull]' passed (0.000 seconds).
Test Case '-[AudioCommonTests.AudioSampleRingBufferTests testWriteToFullBuffer]' started.
Test Case '-[AudioCommonTests.AudioSampleRingBufferTests testWriteToFullBuffer]' passed (0.000 seconds).
Test Suite 'AudioSampleRingBufferTests' passed at 2026-07-27 07:34:39.329.
	 Executed 11 tests, with 0 failures (0 unexpected) in 0.130 (0.130) seconds
Test Suite 'BackboneLoadTests' started at 2026-07-27 07:34:39.329.
Test Case '-[OmniVoiceTTSTests.BackboneLoadTests testDiffusionMatchesOracle]' started.
/Users/ivan/repos/speech-swift-tts-download/Tests/OmniVoiceTTSTests/BackboneLoadTests.swift:85: -[OmniVoiceTTSTests.BackboneLoadTests testDiffusionMatchesOracle] : Test skipped - missing /tmp/omnivoice-mlx/model.safetensors; run the deterministic golden capture
Test Case '-[OmniVoiceTTSTests.BackboneLoadTests testDiffusionMatchesOracle]' skipped (0.003 seconds).
Test Case '-[OmniVoiceTTSTests.BackboneLoadTests testFirstLogitsMatchesOracle]' started.
/Users/ivan/repos/speech-swift-tts-download/Tests/OmniVoiceTTSTests/BackboneLoadTests.swift:43: -[OmniVoiceTTSTests.BackboneLoadTests testFirstLogitsMatchesOracle] : Test skipped - missing /tmp/omnivoice-mlx/model.safetensors; run the OmniVoice golden capture
Test Case '-[OmniVoiceTTSTests.BackboneLoadTests testFirstLogitsMatchesOracle]' skipped (0.000 seconds).
Test Case '-[OmniVoiceTTSTests.BackboneLoadTests testLoadAndForwardShape]' started.
/Users/ivan/repos/speech-swift-tts-download/Tests/OmniVoiceTTSTests/BackboneLoadTests.swift:18: -[OmniVoiceTTSTests.BackboneLoadTests testLoadAndForwardShape] : Test skipped - missing /tmp/omnivoice-mlx/model.safetensors; run the OmniVoice converter
Test Case '-[OmniVoiceTTSTests.BackboneLoadTests testLoadAndForwardShape]' skipped (0.000 seconds).
Test Suite 'BackboneLoadTests' passed at 2026-07-27 07:34:39.332.
	 Executed 3 tests, with 3 tests skipped and 0 failures (0 unexpected) in 0.003 (0.003) seconds
Test Suite 'CSMLoadTests' started at 2026-07-27 07:34:39.332.
Test Case '-[CSMTests.CSMLoadTests testGenerateAudio]' started.
/Users/ivan/repos/speech-swift-tts-download/Tests/CSMTests/CSMLoadTests.swift:83: -[CSMTests.CSMLoadTests testGenerateAudio] : Test skipped - set CSM_MODEL_DIR and CSM_PROMPT
Test Case '-[CSMTests.CSMLoadTests testGenerateAudio]' skipped (0.000 seconds).
Test Case '-[CSMTests.CSMLoadTests testGenerateFrameLoop]' started.
/Users/ivan/repos/speech-swift-tts-download/Tests/CSMTests/CSMLoadTests.swift:58: -[CSMTests.CSMLoadTests testGenerateFrameLoop] : Test skipped - set CSM_MODEL_DIR and CSM_PROMPT
Test Case '-[CSMTests.CSMLoadTests testGenerateFrameLoop]' skipped (0.000 seconds).
Test Case '-[CSMTests.CSMLoadTests testGenerateFrameRuns]' started.
/Users/ivan/repos/speech-swift-tts-download/Tests/CSMTests/CSMLoadTests.swift:33: -[CSMTests.CSMLoadTests testGenerateFrameRuns] : Test skipped - set CSM_MODEL_DIR to a converted CSM export directory
Test Case '-[CSMTests.CSMLoadTests testGenerateFrameRuns]' skipped (0.000 seconds).
Test Case '-[CSMTests.CSMLoadTests testLoadOurExport]' started.
/Users/ivan/repos/speech-swift-tts-download/Tests/CSMTests/CSMLoadTests.swift:13: -[CSMTests.CSMLoadTests testLoadOurExport] : Test skipped - set CSM_MODEL_DIR to a converted CSM export directory
Test Case '-[CSMTests.CSMLoadTests testLoadOurExport]' skipped (0.000 seconds).
Test Suite 'CSMLoadTests' passed at 2026-07-27 07:34:39.333.
	 Executed 4 tests, with 4 tests skipped and 0 failures (0 unexpected) in 0.001 (0.001) seconds
Test Suite 'CSMPipelineTests' started at 2026-07-27 07:34:39.333.
Test Case '-[CSMTests.CSMPipelineTests testTextToAudio]' started.
/Users/ivan/repos/speech-swift-tts-download/Tests/CSMTests/CSMPipelineTests.swift:15: -[CSMTests.CSMPipelineTests testTextToAudio] : Test skipped - set CSM_MODEL_DIR, CSM_REFAUDIO, CSM_REFTEXT
Test Case '-[CSMTests.CSMPipelineTests testTextToAudio]' skipped (0.001 seconds).
Test Suite 'CSMPipelineTests' passed at 2026-07-27 07:34:39.334.
	 Executed 1 test, with 1 test skipped and 0 failures (0 unexpected) in 0.001 (0.001) seconds
Test Suite 'CTCGreedyDecoderTests' started at 2026-07-27 07:34:39.334.
Test Case '-[OmnilingualASRTests.CTCGreedyDecoderTests testArgmaxMatchesExpectedFrames]' started.
Test Case '-[OmnilingualASRTests.CTCGreedyDecoderTests testArgmaxMatchesExpectedFrames]' passed (0.000 seconds).
Test Case '-[OmnilingualASRTests.CTCGreedyDecoderTests testCollapsesConsecutiveDuplicates]' started.
Test Case '-[OmnilingualASRTests.CTCGreedyDecoderTests testCollapsesConsecutiveDuplicates]' passed (0.000 seconds).
Test Case '-[OmnilingualASRTests.CTCGreedyDecoderTests testDoesNotFilterBlankInternallyBlankFilteringIsVocabJob]' started.
Test Case '-[OmnilingualASRTests.CTCGreedyDecoderTests testDoesNotFilterBlankInternallyBlankFilteringIsVocabJob]' passed (0.000 seconds).
Test Case '-[OmnilingualASRTests.CTCGreedyDecoderTests testEmptyInput]' started.
Test Case '-[OmnilingualASRTests.CTCGreedyDecoderTests testEmptyInput]' passed (0.000 seconds).
Test Case '-[OmnilingualASRTests.CTCGreedyDecoderTests testValidFramesClampsDecode]' started.
Test Case '-[OmnilingualASRTests.CTCGreedyDecoderTests testValidFramesClampsDecode]' passed (0.000 seconds).
Test Suite 'CTCGreedyDecoderTests' passed at 2026-07-27 07:34:39.335.
	 Executed 5 tests, with 0 failures (0 unexpected) in 0.001 (0.001) seconds
Test Suite 'CamPlusPlusMelExtractorTests' started at 2026-07-27 07:34:39.335.
Test Case '-[CosyVoiceTTSTests.CamPlusPlusMelExtractorTests testMelExtractorNonSilentAudio]' started.
Test Case '-[CosyVoiceTTSTests.CamPlusPlusMelExtractorTests testMelExtractorNonSilentAudio]' passed (0.019 seconds).
Test Case '-[CosyVoiceTTSTests.CamPlusPlusMelExtractorTests testMelExtractorOutputShape]' started.
Test Case '-[CosyVoiceTTSTests.CamPlusPlusMelExtractorTests testMelExtractorOutputShape]' passed (0.015 seconds).
Test Case '-[CosyVoiceTTSTests.CamPlusPlusMelExtractorTests testMelExtractorShortAudio]' started.
Test Case '-[CosyVoiceTTSTests.CamPlusPlusMelExtractorTests testMelExtractorShortAudio]' passed (0.006 seconds).
Test Suite 'CamPlusPlusMelExtractorTests' passed at 2026-07-27 07:34:39.375.
	 Executed 3 tests, with 0 failures (0 unexpected) in 0.040 (0.040) seconds
Test Suite 'CapturedAudioChunkTests' started at 2026-07-27 07:34:39.375.
Test Case '-[AudioCommonTests.CapturedAudioChunkTests testAudioIOKeepsEchoCancellationAndPlaybackChoicesIndependent]' started.
Test Case '-[AudioCommonTests.CapturedAudioChunkTests testAudioIOKeepsEchoCancellationAndPlaybackChoicesIndependent]' passed (0.000 seconds).
Test Case '-[AudioCommonTests.CapturedAudioChunkTests testAudioIOPreservesOnlyValidHostTime]' started.
Test Case '-[AudioCommonTests.CapturedAudioChunkTests testAudioIOPreservesOnlyValidHostTime]' passed (0.000 seconds).
Test Case '-[AudioCommonTests.CapturedAudioChunkTests testAudioIOPropagatesVoiceProcessingFailure]' started.
Test Case '-[AudioCommonTests.CapturedAudioChunkTests testAudioIOPropagatesVoiceProcessingFailure]' passed (0.000 seconds).
Test Case '-[AudioCommonTests.CapturedAudioChunkTests testAudioIORequestsVoiceProcessingOnlyWhenAECIsEnabled]' started.
Test Case '-[AudioCommonTests.CapturedAudioChunkTests testAudioIORequestsVoiceProcessingOnlyWhenAECIsEnabled]' passed (0.000 seconds).
Test Case '-[AudioCommonTests.CapturedAudioChunkTests testChunkPreservesSamplesRateAndOptionalHostTime]' started.
Test Case '-[AudioCommonTests.CapturedAudioChunkTests testChunkPreservesSamplesRateAndOptionalHostTime]' passed (0.000 seconds).
Test Suite 'CapturedAudioChunkTests' passed at 2026-07-27 07:34:39.376.
	 Executed 5 tests, with 0 failures (0 unexpected) in 0.001 (0.001) seconds
Test Suite 'ChatMessageTests' started at 2026-07-27 07:34:39.376.
Test Case '-[Qwen3ChatTests.ChatMessageTests testMessageConstruction]' started.
Test Case '-[Qwen3ChatTests.ChatMessageTests testMessageConstruction]' passed (0.000 seconds).
Test Case '-[Qwen3ChatTests.ChatMessageTests testRoles]' started.
Test Case '-[Qwen3ChatTests.ChatMessageTests testRoles]' passed (0.000 seconds).
Test Case '-[Qwen3ChatTests.ChatMessageTests testSendable]' started.
Test Case '-[Qwen3ChatTests.ChatMessageTests testSendable]' passed (0.000 seconds).
Test Suite 'ChatMessageTests' passed at 2026-07-27 07:34:39.377.
	 Executed 3 tests, with 0 failures (0 unexpected) in 0.001 (0.001) seconds
Test Suite 'ChatModelConfigTests' started at 2026-07-27 07:34:39.377.
Test Case '-[Qwen3ChatTests.ChatModelConfigTests testGemma4ConfigParsesNestedTextConfigAndDerivedLayerTypes]' started.
Test Case '-[Qwen3ChatTests.ChatModelConfigTests testGemma4ConfigParsesNestedTextConfigAndDerivedLayerTypes]' passed (0.001 seconds).
Test Case '-[Qwen3ChatTests.ChatModelConfigTests testQwen3DenseConfigParsesStandardMLXConfig]' started.
Test Case '-[Qwen3ChatTests.ChatModelConfigTests testQwen3DenseConfigParsesStandardMLXConfig]' passed (0.000 seconds).
Test Suite 'ChatModelConfigTests' passed at 2026-07-27 07:34:39.378.
	 Executed 2 tests, with 0 failures (0 unexpected) in 0.002 (0.002) seconds
Test Suite 'ChatModelErrorTests' started at 2026-07-27 07:34:39.378.
Test Case '-[Qwen3ChatTests.ChatModelErrorTests testConfigNotFoundDescription]' started.
Test Case '-[Qwen3ChatTests.ChatModelErrorTests testConfigNotFoundDescription]' passed (0.000 seconds).
Test Case '-[Qwen3ChatTests.ChatModelErrorTests testInferenceFailedDescription]' started.
Test Case '-[Qwen3ChatTests.ChatModelErrorTests testInferenceFailedDescription]' passed (0.000 seconds).
Test Case '-[Qwen3ChatTests.ChatModelErrorTests testModelLoadFailedDescription]' started.
Test Case '-[Qwen3ChatTests.ChatModelErrorTests testModelLoadFailedDescription]' passed (0.000 seconds).
Test Case '-[Qwen3ChatTests.ChatModelErrorTests testModelNotFoundDescription]' started.
Test Case '-[Qwen3ChatTests.ChatModelErrorTests testModelNotFoundDescription]' passed (0.000 seconds).
Test Case '-[Qwen3ChatTests.ChatModelErrorTests testTokenizerLoadFailedDescription]' started.
Test Case '-[Qwen3ChatTests.ChatModelErrorTests testTokenizerLoadFailedDescription]' passed (0.000 seconds).
Test Suite 'ChatModelErrorTests' passed at 2026-07-27 07:34:39.379.
	 Executed 5 tests, with 0 failures (0 unexpected) in 0.001 (0.001) seconds
Test Suite 'ChatSamplingConfigTests' started at 2026-07-27 07:34:39.379.
Test Case '-[Qwen3ChatTests.ChatSamplingConfigTests testCreativePreset]' started.
Test Case '-[Qwen3ChatTests.ChatSamplingConfigTests testCreativePreset]' passed (0.000 seconds).
Test Case '-[Qwen3ChatTests.ChatSamplingConfigTests testCustomInit]' started.
Test Case '-[Qwen3ChatTests.ChatSamplingConfigTests testCustomInit]' passed (0.000 seconds).
Test Case '-[Qwen3ChatTests.ChatSamplingConfigTests testDefaultPreset]' started.
Test Case '-[Qwen3ChatTests.ChatSamplingConfigTests testDefaultPreset]' passed (0.000 seconds).
Test Case '-[Qwen3ChatTests.ChatSamplingConfigTests testPrecisePreset]' started.
Test Case '-[Qwen3ChatTests.ChatSamplingConfigTests testPrecisePreset]' passed (0.000 seconds).
Test Suite 'ChatSamplingConfigTests' passed at 2026-07-27 07:34:39.380.
	 Executed 4 tests, with 0 failures (0 unexpected) in 0.000 (0.000) seconds
Test Suite 'ChatTemplateTests' started at 2026-07-27 07:34:39.380.
Test Case '-[Qwen3ChatTests.ChatTemplateTests testEmptyMessages]' started.
Test Case '-[Qwen3ChatTests.ChatTemplateTests testEmptyMessages]' passed (0.000 seconds).
Test Case '-[Qwen3ChatTests.ChatTemplateTests testEncodeStructure]' started.
Test Case '-[Qwen3ChatTests.ChatTemplateTests testEncodeStructure]' passed (0.000 seconds).
Test Case '-[Qwen3ChatTests.ChatTemplateTests testEncodeWithoutGenerationPrompt]' started.
Test Case '-[Qwen3ChatTests.ChatTemplateTests testEncodeWithoutGenerationPrompt]' passed (0.000 seconds).
Test Case '-[Qwen3ChatTests.ChatTemplateTests testMultipleMessages]' started.
Test Case '-[Qwen3ChatTests.ChatTemplateTests testMultipleMessages]' passed (0.000 seconds).
Test Case '-[Qwen3ChatTests.ChatTemplateTests testSpecialTokenIds]' started.
Test Case '-[Qwen3ChatTests.ChatTemplateTests testSpecialTokenIds]' passed (0.000 seconds).
Test Case '-[Qwen3ChatTests.ChatTemplateTests testStripThinkingComplete]' started.
Test Case '-[Qwen3ChatTests.ChatTemplateTests testStripThinkingComplete]' passed (0.000 seconds).
Test Case '-[Qwen3ChatTests.ChatTemplateTests testStripThinkingIncomplete]' started.
Test Case '-[Qwen3ChatTests.ChatTemplateTests testStripThinkingIncomplete]' passed (0.000 seconds).
Test Case '-[Qwen3ChatTests.ChatTemplateTests testStripThinkingNoThinking]' started.
Test Case '-[Qwen3ChatTests.ChatTemplateTests testStripThinkingNoThinking]' passed (0.000 seconds).
Test Case '-[Qwen3ChatTests.ChatTemplateTests testStripThinkingNoTrailingNewline]' started.
Test Case '-[Qwen3ChatTests.ChatTemplateTests testStripThinkingNoTrailingNewline]' passed (0.000 seconds).
Test Case '-[Qwen3ChatTests.ChatTemplateTests testStripThinkingWithPrefixTokens]' started.
Test Case '-[Qwen3ChatTests.ChatTemplateTests testStripThinkingWithPrefixTokens]' passed (0.000 seconds).
Test Suite 'ChatTemplateTests' passed at 2026-07-27 07:34:39.381.
	 Executed 10 tests, with 0 failures (0 unexpected) in 0.001 (0.001) seconds
Test Suite 'ChatTokenizerDecodeTests' started at 2026-07-27 07:34:39.381.
Test Case '-[Qwen3ChatTests.ChatTokenizerDecodeTests testCompleteASCII]' started.
Test Case '-[Qwen3ChatTests.ChatTokenizerDecodeTests testCompleteASCII]' passed (0.000 seconds).
Test Case '-[Qwen3ChatTests.ChatTokenizerDecodeTests testEmptyBuffer]' started.
Test Case '-[Qwen3ChatTests.ChatTokenizerDecodeTests testEmptyBuffer]' passed (0.000 seconds).
Test Case '-[Qwen3ChatTests.ChatTokenizerDecodeTests testSplitEmojiCarriesRemainder]' started.
Test Case '-[Qwen3ChatTests.ChatTokenizerDecodeTests testSplitEmojiCarriesRemainder]' passed (0.000 seconds).
Test Case '-[Qwen3ChatTests.ChatTokenizerDecodeTests testStreamingReassembly]' started.
Test Case '-[Qwen3ChatTests.ChatTokenizerDecodeTests testStreamingReassembly]' passed (0.000 seconds).
Test Case '-[Qwen3ChatTests.ChatTokenizerDecodeTests testValidPrefixWithIncompleteTail]' started.
Test Case '-[Qwen3ChatTests.ChatTokenizerDecodeTests testValidPrefixWithIncompleteTail]' passed (0.000 seconds).
Test Suite 'ChatTokenizerDecodeTests' passed at 2026-07-27 07:34:39.382.
	 Executed 5 tests, with 0 failures (0 unexpected) in 0.001 (0.001) seconds
Test Suite 'ChatTokenizerTests' started at 2026-07-27 07:34:39.382.
Test Case '-[Qwen3ChatTests.ChatTokenizerTests testAddedTokensFromConfig]' started.
Test Case '-[Qwen3ChatTests.ChatTokenizerTests testAddedTokensFromConfig]' passed (0.001 seconds).
Test Case '-[Qwen3ChatTests.ChatTokenizerTests testBPEMerges]' started.
Test Case '-[Qwen3ChatTests.ChatTokenizerTests testBPEMerges]' passed (0.001 seconds).
Test Case '-[Qwen3ChatTests.ChatTokenizerTests testDecodeEmpty]' started.
Test Case '-[Qwen3ChatTests.ChatTokenizerTests testDecodeEmpty]' passed (0.000 seconds).
Test Case '-[Qwen3ChatTests.ChatTokenizerTests testDecodeTokenNil]' started.
Test Case '-[Qwen3ChatTests.ChatTokenizerTests testDecodeTokenNil]' passed (0.000 seconds).
Test Case '-[Qwen3ChatTests.ChatTokenizerTests testDecodeTokenWithSpace]' started.
Test Case '-[Qwen3ChatTests.ChatTokenizerTests testDecodeTokenWithSpace]' passed (0.001 seconds).
Test Case '-[Qwen3ChatTests.ChatTokenizerTests testDecodeUnknownTokens]' started.
Test Case '-[Qwen3ChatTests.ChatTokenizerTests testDecodeUnknownTokens]' passed (0.000 seconds).
Test Case '-[Qwen3ChatTests.ChatTokenizerTests testDecodeWithVocab]' started.
Test Case '-[Qwen3ChatTests.ChatTokenizerTests testDecodeWithVocab]' passed (0.000 seconds).
Test Case '-[Qwen3ChatTests.ChatTokenizerTests testDefaultEosToken]' started.
Test Case '-[Qwen3ChatTests.ChatTokenizerTests testDefaultEosToken]' passed (0.000 seconds).
Test Case '-[Qwen3ChatTests.ChatTokenizerTests testEmptyEncode]' started.
Test Case '-[Qwen3ChatTests.ChatTokenizerTests testEmptyEncode]' passed (0.000 seconds).
Test Case '-[Qwen3ChatTests.ChatTokenizerTests testEmptyVocabSize]' started.
Test Case '-[Qwen3ChatTests.ChatTokenizerTests testEmptyVocabSize]' passed (0.000 seconds).
Test Case '-[Qwen3ChatTests.ChatTokenizerTests testEncodeMultiWord]' started.
Test Case '-[Qwen3ChatTests.ChatTokenizerTests testEncodeMultiWord]' passed (0.000 seconds).
Test Case '-[Qwen3ChatTests.ChatTokenizerTests testEncodeWithVocab]' started.
Test Case '-[Qwen3ChatTests.ChatTokenizerTests testEncodeWithVocab]' passed (0.000 seconds).
Test Case '-[Qwen3ChatTests.ChatTokenizerTests testIsSpecialToken]' started.
Test Case '-[Qwen3ChatTests.ChatTokenizerTests testIsSpecialToken]' passed (0.000 seconds).
Test Case '-[Qwen3ChatTests.ChatTokenizerTests testLoadVocabFromFile]' started.
Test Case '-[Qwen3ChatTests.ChatTokenizerTests testLoadVocabFromFile]' passed (0.000 seconds).
Test Case '-[Qwen3ChatTests.ChatTokenizerTests testSpecialTokenDetection]' started.
Test Case '-[Qwen3ChatTests.ChatTokenizerTests testSpecialTokenDetection]' passed (0.000 seconds).
Test Suite 'ChatTokenizerTests' passed at 2026-07-27 07:34:39.387.
	 Executed 15 tests, with 0 failures (0 unexpected) in 0.005 (0.005) seconds
Test Suite 'ChatterboxFlashCoreMLTests' started at 2026-07-27 07:34:39.387.
Test Case '-[ChatterboxTTSTests.ChatterboxFlashCoreMLTests testAudioConfigDecodesNestedAudioConfig]' started.
Test Case '-[ChatterboxTTSTests.ChatterboxFlashCoreMLTests testAudioConfigDecodesNestedAudioConfig]' passed (0.001 seconds).
Test Case '-[ChatterboxTTSTests.ChatterboxFlashCoreMLTests testBundleConfigDecodesExportedShapeMetadata]' started.
Test Case '-[ChatterboxTTSTests.ChatterboxFlashCoreMLTests testBundleConfigDecodesExportedShapeMetadata]' passed (0.001 seconds).
Test Case '-[ChatterboxTTSTests.ChatterboxFlashCoreMLTests testFlashTokenizerUsesWhitespaceBPEAndSpecialTokens]' started.
Test Case '-[ChatterboxTTSTests.ChatterboxFlashCoreMLTests testFlashTokenizerUsesWhitespaceBPEAndSpecialTokens]' passed (0.002 seconds).
Test Case '-[ChatterboxTTSTests.ChatterboxFlashCoreMLTests testGaussianRNGIsDeterministic]' started.
Test Case '-[ChatterboxTTSTests.ChatterboxFlashCoreMLTests testGaussianRNGIsDeterministic]' passed (0.000 seconds).
Test Case '-[ChatterboxTTSTests.ChatterboxFlashCoreMLTests testGenerationOptionsDefaultKeepsNullPrefillOptional]' started.
Test Case '-[ChatterboxTTSTests.ChatterboxFlashCoreMLTests testGenerationOptionsDefaultKeepsNullPrefillOptional]' passed (0.000 seconds).
Test Case '-[ChatterboxTTSTests.ChatterboxFlashCoreMLTests testNumpyFloat32VectorReader]' started.
Test Case '-[ChatterboxTTSTests.ChatterboxFlashCoreMLTests testNumpyFloat32VectorReader]' passed (0.000 seconds).
Test Case '-[ChatterboxTTSTests.ChatterboxFlashCoreMLTests testReferenceStoresPromptConditioning]' started.
Test Case '-[ChatterboxTTSTests.ChatterboxFlashCoreMLTests testReferenceStoresPromptConditioning]' passed (0.000 seconds).
Test Case '-[ChatterboxTTSTests.ChatterboxFlashCoreMLTests testT3BlockPositionsUseCacheOffset]' started.
Test Case '-[ChatterboxTTSTests.ChatterboxFlashCoreMLTests testT3BlockPositionsUseCacheOffset]' passed (0.000 seconds).
Test Case '-[ChatterboxTTSTests.ChatterboxFlashCoreMLTests testT3ConfigDecodesStandaloneExportConfig]' started.
Test Case '-[ChatterboxTTSTests.ChatterboxFlashCoreMLTests testT3ConfigDecodesStandaloneExportConfig]' passed (0.001 seconds).
Test Case '-[ChatterboxTTSTests.ChatterboxFlashCoreMLTests testT3PrefixPlanCompactsPaddedText]' started.
Test Case '-[ChatterboxTTSTests.ChatterboxFlashCoreMLTests testT3PrefixPlanCompactsPaddedText]' passed (0.000 seconds).
Test Case '-[ChatterboxTTSTests.ChatterboxFlashCoreMLTests testToFloat32ReadsInt8MultiArrayWithoutSDKCaseReference]' started.
Test Case '-[ChatterboxTTSTests.ChatterboxFlashCoreMLTests testToFloat32ReadsInt8MultiArrayWithoutSDKCaseReference]' passed (0.000 seconds).
Test Suite 'ChatterboxFlashCoreMLTests' passed at 2026-07-27 07:34:39.392.
	 Executed 11 tests, with 0 failures (0 unexpected) in 0.005 (0.005) seconds
Test Suite 'ChatterboxMemoryOptionsTests' started at 2026-07-27 07:34:39.392.
Test Case '-[ChatterboxTTSTests.ChatterboxMemoryOptionsTests testBalancedDefaultsBoundCacheAndClearStages]' started.
Test Case '-[ChatterboxTTSTests.ChatterboxMemoryOptionsTests testBalancedDefaultsBoundCacheAndClearStages]' passed (0.000 seconds).
Test Case '-[ChatterboxTTSTests.ChatterboxMemoryOptionsTests testUnrestrictedPreservesMLXCacheBehavior]' started.
Test Case '-[ChatterboxTTSTests.ChatterboxMemoryOptionsTests testUnrestrictedPreservesMLXCacheBehavior]' passed (0.000 seconds).
Test Case '-[ChatterboxTTSTests.ChatterboxMemoryOptionsTests testWithOptionsDoesNotRaiseStricterCallerCacheLimit]' started.
Test Case '-[ChatterboxTTSTests.ChatterboxMemoryOptionsTests testWithOptionsDoesNotRaiseStricterCallerCacheLimit]' passed (0.044 seconds).
Test Case '-[ChatterboxTTSTests.ChatterboxMemoryOptionsTests testWithOptionsRestoresPriorMLXCacheLimit]' started.
Test Case '-[ChatterboxTTSTests.ChatterboxMemoryOptionsTests testWithOptionsRestoresPriorMLXCacheLimit]' passed (0.000 seconds).
Test Suite 'ChatterboxMemoryOptionsTests' passed at 2026-07-27 07:34:39.436.
	 Executed 4 tests, with 0 failures (0 unexpected) in 0.044 (0.044) seconds
Test Suite 'ChinesePhonemeizerTests' started at 2026-07-27 07:34:39.436.
Test Case '-[KokoroTTSTests.ChinesePhonemeizerTests testChinesePhonemizerMultipleSyllables]' started.
Test Case '-[KokoroTTSTests.ChinesePhonemeizerTests testChinesePhonemizerMultipleSyllables]' passed (0.025 seconds).
Test Case '-[KokoroTTSTests.ChinesePhonemeizerTests testChinesePhonemizerProducesOutput]' started.
Test Case '-[KokoroTTSTests.ChinesePhonemeizerTests testChinesePhonemizerProducesOutput]' passed (0.000 seconds).
Test Case '-[KokoroTTSTests.ChinesePhonemeizerTests testChinesePhonemizerPunctuation]' started.
Test Case '-[KokoroTTSTests.ChinesePhonemeizerTests testChinesePhonemizerPunctuation]' passed (0.000 seconds).
Test Case '-[KokoroTTSTests.ChinesePhonemeizerTests testExtractTone1]' started.
Test Case '-[KokoroTTSTests.ChinesePhonemeizerTests testExtractTone1]' passed (0.000 seconds).
Test Case '-[KokoroTTSTests.ChinesePhonemeizerTests testExtractTone2]' started.
Test Case '-[KokoroTTSTests.ChinesePhonemeizerTests testExtractTone2]' passed (0.000 seconds).
Test Case '-[KokoroTTSTests.ChinesePhonemeizerTests testExtractTone4]' started.
Test Case '-[KokoroTTSTests.ChinesePhonemeizerTests testExtractTone4]' passed (0.000 seconds).
Test Case '-[KokoroTTSTests.ChinesePhonemeizerTests testExtractToneNeutral]' started.
Test Case '-[KokoroTTSTests.ChinesePhonemeizerTests testExtractToneNeutral]' passed (0.000 seconds).
Test Case '-[KokoroTTSTests.ChinesePhonemeizerTests testNormalizeIU]' started.
Test Case '-[KokoroTTSTests.ChinesePhonemeizerTests testNormalizeIU]' passed (0.000 seconds).
Test Case '-[KokoroTTSTests.ChinesePhonemeizerTests testNormalizeJQXU]' started.
Test Case '-[KokoroTTSTests.ChinesePhonemeizerTests testNormalizeJQXU]' passed (0.000 seconds).
Test Case '-[KokoroTTSTests.ChinesePhonemeizerTests testNormalizeUI]' started.
Test Case '-[KokoroTTSTests.ChinesePhonemeizerTests testNormalizeUI]' passed (0.000 seconds).
Test Case '-[KokoroTTSTests.ChinesePhonemeizerTests testNormalizeUN]' started.
Test Case '-[KokoroTTSTests.ChinesePhonemeizerTests testNormalizeUN]' passed (0.000 seconds).
Test Case '-[KokoroTTSTests.ChinesePhonemeizerTests testSyllableMA]' started.
Test Case '-[KokoroTTSTests.ChinesePhonemeizerTests testSyllableMA]' passed (0.000 seconds).
Test Case '-[KokoroTTSTests.ChinesePhonemeizerTests testSyllableSHI]' started.
Test Case '-[KokoroTTSTests.ChinesePhonemeizerTests testSyllableSHI]' passed (0.000 seconds).
Test Case '-[KokoroTTSTests.ChinesePhonemeizerTests testSyllableZHI]' started.
Test Case '-[KokoroTTSTests.ChinesePhonemeizerTests testSyllableZHI]' passed (0.000 seconds).
Test Suite 'ChinesePhonemeizerTests' passed at 2026-07-27 07:34:39.463.
	 Executed 14 tests, with 0 failures (0 unexpected) in 0.026 (0.026) seconds
Test Suite 'ChunkedDecodeBoundsTests' started at 2026-07-27 07:34:39.463.
Test Case '-[Qwen3TTSTests.ChunkedDecodeBoundsTests testSmallLastChunkDoesNotCrash]' started.
Test Case '-[Qwen3TTSTests.ChunkedDecodeBoundsTests testSmallLastChunkDoesNotCrash]' passed (0.000 seconds).
Test Case '-[Qwen3TTSTests.ChunkedDecodeBoundsTests testTrimSamplesNeverExceedsOutput]' started.
Test Case '-[Qwen3TTSTests.ChunkedDecodeBoundsTests testTrimSamplesNeverExceedsOutput]' passed (0.000 seconds).
Test Suite 'ChunkedDecodeBoundsTests' passed at 2026-07-27 07:34:39.463.
	 Executed 2 tests, with 0 failures (0 unexpected) in 0.000 (0.000) seconds
Test Suite 'CodecDecodeTests' started at 2026-07-27 07:34:39.463.
Test Case '-[OmniVoiceTTSTests.CodecDecodeTests testDecodeMatchesOracle]' started.
/Users/ivan/repos/speech-swift-tts-download/Tests/OmniVoiceTTSTests/CodecDecodeTests.swift:19: -[OmniVoiceTTSTests.CodecDecodeTests testDecodeMatchesOracle] : Test skipped - missing /tmp/omnivoice-mlx/audio_tokenizer/model.safetensors; run the OmniVoice codec golden capture
Test Case '-[OmniVoiceTTSTests.CodecDecodeTests testDecodeMatchesOracle]' skipped (0.000 seconds).
Test Suite 'CodecDecodeTests' passed at 2026-07-27 07:34:39.463.
	 Executed 1 test, with 1 test skipped and 0 failures (0 unexpected) in 0.000 (0.000) seconds
Test Suite 'CodecEncodeTests' started at 2026-07-27 07:34:39.463.
Test Case '-[OmniVoiceTTSTests.CodecEncodeTests testAcousticEncoderGate3]' started.
/Users/ivan/repos/speech-swift-tts-download/Tests/OmniVoiceTTSTests/CodecEncodeTests.swift:54: -[OmniVoiceTTSTests.CodecEncodeTests testAcousticEncoderGate3] : Test skipped - missing /tmp/omnivoice-mlx/audio_tokenizer/model.safetensors; run the OmniVoice codec encode golden capture
Test Case '-[OmniVoiceTTSTests.CodecEncodeTests testAcousticEncoderGate3]' skipped (0.000 seconds).
Test Case '-[OmniVoiceTTSTests.CodecEncodeTests testEncoderSemanticGate2]' started.
/Users/ivan/repos/speech-swift-tts-download/Tests/OmniVoiceTTSTests/CodecEncodeTests.swift:54: -[OmniVoiceTTSTests.CodecEncodeTests testEncoderSemanticGate2] : Test skipped - missing /tmp/omnivoice-mlx/audio_tokenizer/model.safetensors; run the OmniVoice codec encode golden capture
Test Case '-[OmniVoiceTTSTests.CodecEncodeTests testEncoderSemanticGate2]' skipped (0.000 seconds).
Test Case '-[OmniVoiceTTSTests.CodecEncodeTests testFullEncodeTokenMatch]' started.
/Users/ivan/repos/speech-swift-tts-download/Tests/OmniVoiceTTSTests/CodecEncodeTests.swift:54: -[OmniVoiceTTSTests.CodecEncodeTests testFullEncodeTokenMatch] : Test skipped - missing /tmp/omnivoice-mlx/audio_tokenizer/model.safetensors; run the OmniVoice codec encode golden capture
Test Case '-[OmniVoiceTTSTests.CodecEncodeTests testFullEncodeTokenMatch]' skipped (0.000 seconds).
Test Case '-[OmniVoiceTTSTests.CodecEncodeTests testFuseEmbeddingsGate4]' started.
/Users/ivan/repos/speech-swift-tts-download/Tests/OmniVoiceTTSTests/CodecEncodeTests.swift:54: -[OmniVoiceTTSTests.CodecEncodeTests testFuseEmbeddingsGate4] : Test skipped - missing /tmp/omnivoice-mlx/audio_tokenizer/model.safetensors; run the OmniVoice codec encode golden capture
Test Case '-[OmniVoiceTTSTests.CodecEncodeTests testFuseEmbeddingsGate4]' skipped (0.000 seconds).
Test Case '-[OmniVoiceTTSTests.CodecEncodeTests testQuantizeFromGoldenEmbeddings]' started.
/Users/ivan/repos/speech-swift-tts-download/Tests/OmniVoiceTTSTests/CodecEncodeTests.swift:54: -[OmniVoiceTTSTests.CodecEncodeTests testQuantizeFromGoldenEmbeddings] : Test skipped - missing /tmp/omnivoice-mlx/audio_tokenizer/model.safetensors; run the OmniVoice codec encode golden capture
Test Case '-[OmniVoiceTTSTests.CodecEncodeTests testQuantizeFromGoldenEmbeddings]' skipped (0.000 seconds).
Test Case '-[OmniVoiceTTSTests.CodecEncodeTests testSemanticFeaturesGate1]' started.
/Users/ivan/repos/speech-swift-tts-download/Tests/OmniVoiceTTSTests/CodecEncodeTests.swift:54: -[OmniVoiceTTSTests.CodecEncodeTests testSemanticFeaturesGate1] : Test skipped - missing /tmp/omnivoice-mlx/audio_tokenizer/model.safetensors; run the OmniVoice codec encode golden capture
Test Case '-[OmniVoiceTTSTests.CodecEncodeTests testSemanticFeaturesGate1]' skipped (0.000 seconds).
Test Suite 'CodecEncodeTests' passed at 2026-07-27 07:34:39.464.
	 Executed 6 tests, with 6 tests skipped and 0 failures (0 unexpected) in 0.001 (0.001) seconds
Test Suite 'CohereTranscribeASRTests' started at 2026-07-27 07:34:39.464.
Test Case '-[CohereTranscribeASRTests.CohereTranscribeASRTests testDecodesExportedConfiguration]' started.
Test Case '-[CohereTranscribeASRTests.CohereTranscribeASRTests testDecodesExportedConfiguration]' passed (0.001 seconds).
Test Case '-[CohereTranscribeASRTests.CohereTranscribeASRTests testEmptyAudioProducesOneSafeRange]' started.
Test Case '-[CohereTranscribeASRTests.CohereTranscribeASRTests testEmptyAudioProducesOneSafeRange]' passed (0.000 seconds).
Test Case '-[CohereTranscribeASRTests.CohereTranscribeASRTests testInt5BundleRoundTripsThroughPublishedLoader]' started.
Test Case '-[CohereTranscribeASRTests.CohereTranscribeASRTests testInt5BundleRoundTripsThroughPublishedLoader]' passed (0.048 seconds).
Test Case '-[CohereTranscribeASRTests.CohereTranscribeASRTests testLanguageAliasesAndFallback]' started.
Test Case '-[CohereTranscribeASRTests.CohereTranscribeASRTests testLanguageAliasesAndFallback]' passed (0.000 seconds).
Test Case '-[CohereTranscribeASRTests.CohereTranscribeASRTests testLongAudioSplitsAtQuietBoundary]' started.
Test Case '-[CohereTranscribeASRTests.CohereTranscribeASRTests testLongAudioSplitsAtQuietBoundary]' passed (0.000 seconds).
Test Case '-[CohereTranscribeASRTests.CohereTranscribeASRTests testNormalizationUsesOnlyCompleteHopFrames]' started.
Test Case '-[CohereTranscribeASRTests.CohereTranscribeASRTests testNormalizationUsesOnlyCompleteHopFrames]' passed (0.000 seconds).
Test Case '-[CohereTranscribeASRTests.CohereTranscribeASRTests testPreEmphasisKnownValues]' started.
Test Case '-[CohereTranscribeASRTests.CohereTranscribeASRTests testPreEmphasisKnownValues]' passed (0.000 seconds).
Test Case '-[CohereTranscribeASRTests.CohereTranscribeASRTests testPublishedDownloadFilesContainOnlyRuntimeInputs]' started.
Test Case '-[CohereTranscribeASRTests.CohereTranscribeASRTests testPublishedDownloadFilesContainOnlyRuntimeInputs]' passed (0.000 seconds).
Test Case '-[CohereTranscribeASRTests.CohereTranscribeASRTests testPublishedVariantsUseSupportedFormats]' started.
Test Case '-[CohereTranscribeASRTests.CohereTranscribeASRTests testPublishedVariantsUseSupportedFormats]' passed (0.000 seconds).
Test Case '-[CohereTranscribeASRTests.CohereTranscribeASRTests testQuantizationContractRejectsInt7]' started.
Test Case '-[CohereTranscribeASRTests.CohereTranscribeASRTests testQuantizationContractRejectsInt7]' passed (0.000 seconds).
Test Case '-[CohereTranscribeASRTests.CohereTranscribeASRTests testTinyModelParameterTreeMatchesCheckpointAliases]' started.
Test Case '-[CohereTranscribeASRTests.CohereTranscribeASRTests testTinyModelParameterTreeMatchesCheckpointAliases]' passed (0.003 seconds).
Test Case '-[CohereTranscribeASRTests.CohereTranscribeASRTests testVocabFallsBackToHeadShape]' started.
Test Case '-[CohereTranscribeASRTests.CohereTranscribeASRTests testVocabFallsBackToHeadShape]' passed (0.000 seconds).
Test Suite 'CohereTranscribeASRTests' passed at 2026-07-27 07:34:39.518.
	 Executed 12 tests, with 0 failures (0 unexpected) in 0.053 (0.053) seconds
Test Suite 'Community1DiarizationTests' started at 2026-07-27 07:34:39.518.
Test Case '-[SpeechVADTests.Community1DiarizationTests testCentroidLinkageCut]' started.
Test Case '-[SpeechVADTests.Community1DiarizationTests testCentroidLinkageCut]' passed (0.001 seconds).
Test Case '-[SpeechVADTests.Community1DiarizationTests testCentroidLinkageScalesToRollingWindowEmbeddingCounts]' started.
Test Case '-[SpeechVADTests.Community1DiarizationTests testCentroidLinkageScalesToRollingWindowEmbeddingCounts]' passed (2.185 seconds).
Test Case '-[SpeechVADTests.Community1DiarizationTests testConstrainedAssignmentUsesEachClusterAtMostOnce]' started.
Test Case '-[SpeechVADTests.Community1DiarizationTests testConstrainedAssignmentUsesEachClusterAtMostOnce]' passed (0.000 seconds).
Test Case '-[SpeechVADTests.Community1DiarizationTests testOfficialChunkStartsIncludePaddedOrphan]' started.
Test Case '-[SpeechVADTests.Community1DiarizationTests testOfficialChunkStartsIncludePaddedOrphan]' passed (0.003 seconds).
Test Case '-[SpeechVADTests.Community1DiarizationTests testPublishedDefaults]' started.
Test Case '-[SpeechVADTests.Community1DiarizationTests testPublishedDefaults]' passed (0.000 seconds).
Test Case '-[SpeechVADTests.Community1DiarizationTests testSpeakerCountUsesOverlapAverageAndNearestEvenRounding]' started.
Test Case '-[SpeechVADTests.Community1DiarizationTests testSpeakerCountUsesOverlapAverageAndNearestEvenRounding]' passed (0.000 seconds).
Test Case '-[SpeechVADTests.Community1DiarizationTests testTimelineUsesReceptiveFieldCenters]' started.
Test Case '-[SpeechVADTests.Community1DiarizationTests testTimelineUsesReceptiveFieldCenters]' passed (0.000 seconds).
Test Case '-[SpeechVADTests.Community1DiarizationTests testVBxMatchesReferenceFixture]' started.
Test Case '-[SpeechVADTests.Community1DiarizationTests testVBxMatchesReferenceFixture]' passed (0.000 seconds).
Test Suite 'Community1DiarizationTests' passed at 2026-07-27 07:34:41.707.
	 Executed 8 tests, with 0 failures (0 unexpected) in 2.189 (2.189) seconds
Test Suite 'ConcurrencyTests' started at 2026-07-27 07:34:41.707.
Test Case '-[AudioCommonTests.ConcurrencyTests testAtomicFlagThreadSafety]' started.
Test Case '-[AudioCommonTests.ConcurrencyTests testAtomicFlagThreadSafety]' passed (0.003 seconds).
Test Case '-[AudioCommonTests.ConcurrencyTests testContinuationErrorPathFinishes]' started.
Test Case '-[AudioCommonTests.ConcurrencyTests testContinuationErrorPathFinishes]' passed (0.000 seconds).
Test Case '-[AudioCommonTests.ConcurrencyTests testContinuationWithoutErrorPathHangs]' started.
Test Case '-[AudioCommonTests.ConcurrencyTests testContinuationWithoutErrorPathHangs]' passed (0.102 seconds).
Test Case '-[AudioCommonTests.ConcurrencyTests testLoopRespectsTaskCancellation]' started.
Test Case '-[AudioCommonTests.ConcurrencyTests testLoopRespectsTaskCancellation]' passed (0.075 seconds).
Test Case '-[AudioCommonTests.ConcurrencyTests testStreamWithoutOnTerminationLeaks]' started.
Test Case '-[AudioCommonTests.ConcurrencyTests testStreamWithoutOnTerminationLeaks]' passed (0.517 seconds).
Test Suite 'ConcurrencyTests' passed at 2026-07-27 07:34:42.404.
	 Executed 5 tests, with 0 failures (0 unexpected) in 0.697 (0.697) seconds
Test Suite 'ConfigurationTests' started at 2026-07-27 07:34:42.404.
Test Case '-[StableAudio3MusicGenTests.ConfigurationTests testComponentRouting]' started.
Test Case '-[StableAudio3MusicGenTests.ConfigurationTests testComponentRouting]' passed (0.000 seconds).
Test Case '-[StableAudio3MusicGenTests.ConfigurationTests testComputeTLat]' started.
Test Case '-[StableAudio3MusicGenTests.ConfigurationTests testComputeTLat]' passed (0.003 seconds).
Test Case '-[HibikiTranslateTests.ConfigurationTests testDepformerGenerateShape]' started.
Test Case '-[HibikiTranslateTests.ConfigurationTests testDepformerGenerateShape]' passed (0.049 seconds).
Test Case '-[HibikiTranslateTests.ConfigurationTests testGQAAttentionShape]' started.
Test Case '-[HibikiTranslateTests.ConfigurationTests testGQAAttentionShape]' passed (0.014 seconds).
Test Case '-[HibikiTranslateTests.ConfigurationTests testJSONLoading]' started.
Test Case '-[HibikiTranslateTests.ConfigurationTests testJSONLoading]' passed (0.001 seconds).
Test Case '-[HibikiTranslateTests.ConfigurationTests testLanguages]' started.
Test Case '-[HibikiTranslateTests.ConfigurationTests testLanguages]' passed (0.000 seconds).
Test Case '-[HibikiTranslateTests.ConfigurationTests testMimi]' started.
Test Case '-[HibikiTranslateTests.ConfigurationTests testMimi]' passed (0.000 seconds).
Test Case '-[HibikiTranslateTests.ConfigurationTests testRoPELayoutMapping]' started.
Test Case '-[HibikiTranslateTests.ConfigurationTests testRoPELayoutMapping]' passed (0.000 seconds).
Test Case '-[HibikiTranslateTests.ConfigurationTests testScheduledMultiLinearSliceMapping]' started.
Test Case '-[HibikiTranslateTests.ConfigurationTests testScheduledMultiLinearSliceMapping]' passed (0.006 seconds).
Test Case '-[HibikiTranslateTests.ConfigurationTests testScheduledMultiLinearStorageShape]' started.
Test Case '-[HibikiTranslateTests.ConfigurationTests testScheduledMultiLinearStorageShape]' passed (0.000 seconds).
Test Case '-[HibikiTranslateTests.ConfigurationTests testStreamCounts]' started.
Test Case '-[HibikiTranslateTests.ConfigurationTests testStreamCounts]' passed (0.000 seconds).
Test Case '-[HibikiTranslateTests.ConfigurationTests testTemporalTransformerForward]' started.
Test Case '-[HibikiTranslateTests.ConfigurationTests testTemporalTransformerForward]' passed (0.789 seconds).
Test Case '-[StableAudio3MusicGenTests.ConfigurationTests testVariantBits]' started.
Test Case '-[StableAudio3MusicGenTests.ConfigurationTests testVariantBits]' passed (0.000 seconds).
Test Case '-[StableAudio3MusicGenTests.ConfigurationTests testVariantFamily]' started.
Test Case '-[StableAudio3MusicGenTests.ConfigurationTests testVariantFamily]' passed (0.000 seconds).
Test Case '-[StableAudio3MusicGenTests.ConfigurationTests testVariantRepoIds]' started.
Test Case '-[StableAudio3MusicGenTests.ConfigurationTests testVariantRepoIds]' passed (0.000 seconds).
Test Case '-[HibikiTranslateTests.ConfigurationTests testZero3BDepformer]' started.
Test Case '-[HibikiTranslateTests.ConfigurationTests testZero3BDepformer]' passed (0.000 seconds).
Test Case '-[HibikiTranslateTests.ConfigurationTests testZero3BSchedule]' started.
Test Case '-[HibikiTranslateTests.ConfigurationTests testZero3BSchedule]' passed (0.000 seconds).
Test Case '-[HibikiTranslateTests.ConfigurationTests testZero3BTemporalDimensions]' started.
Test Case '-[HibikiTranslateTests.ConfigurationTests testZero3BTemporalDimensions]' passed (0.000 seconds).
Test Suite 'ConfigurationTests' passed at 2026-07-27 07:34:43.268.
	 Executed 18 tests, with 0 failures (0 unexpected) in 0.863 (0.865) seconds
Test Suite 'ContextGraphTests' started at 2026-07-27 07:34:43.268.
Test Case '-[SpeechWakeWordTests.ContextGraphTests testAcThresholdTracksLastNode]' started.
Test Case '-[SpeechWakeWordTests.ContextGraphTests testAcThresholdTracksLastNode]' passed (0.000 seconds).
Test Case '-[SpeechWakeWordTests.ContextGraphTests testFinalizeCancelsBoost]' started.
Test Case '-[SpeechWakeWordTests.ContextGraphTests testFinalizeCancelsBoost]' passed (0.000 seconds).
Test Case '-[SpeechWakeWordTests.ContextGraphTests testNoFalseMatchOnPrefix]' started.
Test Case '-[SpeechWakeWordTests.ContextGraphTests testNoFalseMatchOnPrefix]' passed (0.000 seconds).
Test Case '-[SpeechWakeWordTests.ContextGraphTests testPhraseEndDetected]' started.
Test Case '-[SpeechWakeWordTests.ContextGraphTests testPhraseEndDetected]' passed (0.000 seconds).
Test Suite 'ContextGraphTests' passed at 2026-07-27 07:34:43.269.
	 Executed 4 tests, with 0 failures (0 unexpected) in 0.001 (0.001) seconds
Test Suite 'ContextInjectionTests' started at 2026-07-27 07:34:43.269.
Test Case '-[Qwen3ASRTests.ContextInjectionTests testContextInsertsTokens]' started.
Test Case '-[Qwen3ASRTests.ContextInjectionTests testContextInsertsTokens]' passed (0.000 seconds).
Test Case '-[Qwen3ASRTests.ContextInjectionTests testDefaultTranscribeHasNoContext]' started.
Test Case '-[Qwen3ASRTests.ContextInjectionTests testDefaultTranscribeHasNoContext]' passed (0.000 seconds).
Test Case '-[Qwen3ASRTests.ContextInjectionTests testEmptyContextSameAsNil]' started.
Test Case '-[Qwen3ASRTests.ContextInjectionTests testEmptyContextSameAsNil]' passed (0.000 seconds).
Test Case '-[Qwen3ASRTests.ContextInjectionTests testStreamingConfigPassesContext]' started.
Test Case '-[Qwen3ASRTests.ContextInjectionTests testStreamingConfigPassesContext]' passed (0.000 seconds).
Test Suite 'ContextInjectionTests' passed at 2026-07-27 07:34:43.270.
	 Executed 4 tests, with 0 failures (0 unexpected) in 0.001 (0.001) seconds
Test Suite 'CoreMLComputeUnitsResolverTests' started at 2026-07-27 07:34:43.270.
Test Case '-[AudioCommonTests.CoreMLComputeUnitsResolverTests testCpuAndAneAndAll]' started.
Test Case '-[AudioCommonTests.CoreMLComputeUnitsResolverTests testCpuAndAneAndAll]' passed (0.000 seconds).
Test Case '-[AudioCommonTests.CoreMLComputeUnitsResolverTests testGpuOverride]' started.
Test Case '-[AudioCommonTests.CoreMLComputeUnitsResolverTests testGpuOverride]' passed (0.000 seconds).
Test Case '-[AudioCommonTests.CoreMLComputeUnitsResolverTests testUnrecognizedFallsBack]' started.
Test Case '-[AudioCommonTests.CoreMLComputeUnitsResolverTests testUnrecognizedFallsBack]' passed (0.000 seconds).
Test Case '-[AudioCommonTests.CoreMLComputeUnitsResolverTests testUnsetReturnsFallback]' started.
Test Case '-[AudioCommonTests.CoreMLComputeUnitsResolverTests testUnsetReturnsFallback]' passed (0.000 seconds).
Test Suite 'CoreMLComputeUnitsResolverTests' passed at 2026-07-27 07:34:43.271.
	 Executed 4 tests, with 0 failures (0 unexpected) in 0.001 (0.001) seconds
Test Suite 'CoreMLLoaderTests' started at 2026-07-27 07:34:43.271.
Test Case '-[AudioCommonTests.CoreMLLoaderTests testLoadRejectsMissingFile]' started.
Test Case '-[AudioCommonTests.CoreMLLoaderTests testLoadRejectsMissingFile]' passed (0.000 seconds).
Test Case '-[AudioCommonTests.CoreMLLoaderTests testResetWarningStateIsCallable]' started.
Test Case '-[AudioCommonTests.CoreMLLoaderTests testResetWarningStateIsCallable]' passed (0.000 seconds).
Test Suite 'CoreMLLoaderTests' passed at 2026-07-27 07:34:43.272.
	 Executed 2 tests, with 0 failures (0 unexpected) in 0.000 (0.000) seconds
Test Suite 'CosyVoiceMemoryTests' started at 2026-07-27 07:34:43.272.
Test Case '-[CosyVoiceTTSTests.CosyVoiceMemoryTests testCosyVoiceUnload]' started.
Test Case '-[CosyVoiceTTSTests.CosyVoiceMemoryTests testCosyVoiceUnload]' passed (0.060 seconds).
Test Case '-[CosyVoiceTTSTests.CosyVoiceMemoryTests testUnloadIdempotent]' started.
Test Case '-[CosyVoiceTTSTests.CosyVoiceMemoryTests testUnloadIdempotent]' passed (0.038 seconds).
Test Suite 'CosyVoiceMemoryTests' passed at 2026-07-27 07:34:43.370.
	 Executed 2 tests, with 0 failures (0 unexpected) in 0.098 (0.098) seconds
Test Suite 'CosyVoiceTTSConfigTests' started at 2026-07-27 07:34:43.370.
Test Case '-[CosyVoiceTTSTests.CosyVoiceTTSConfigTests testConfigCodable]' started.
Test Case '-[CosyVoiceTTSTests.CosyVoiceTTSConfigTests testConfigCodable]' passed (0.001 seconds).
Test Case '-[CosyVoiceTTSTests.CosyVoiceTTSConfigTests testDefaultConfig]' started.
Test Case '-[CosyVoiceTTSTests.CosyVoiceTTSConfigTests testDefaultConfig]' passed (0.000 seconds).
Test Case '-[CosyVoiceTTSTests.CosyVoiceTTSConfigTests testErrorDescriptions]' started.
Test Case '-[CosyVoiceTTSTests.CosyVoiceTTSConfigTests testErrorDescriptions]' passed (0.000 seconds).
Test Case '-[CosyVoiceTTSTests.CosyVoiceTTSConfigTests testHiFiGANUpsampleMath]' started.
Test Case '-[CosyVoiceTTSTests.CosyVoiceTTSConfigTests testHiFiGANUpsampleMath]' passed (0.000 seconds).
Test Case '-[CosyVoiceTTSTests.CosyVoiceTTSConfigTests testLLMConfigDimensions]' started.
Test Case '-[CosyVoiceTTSTests.CosyVoiceTTSConfigTests testLLMConfigDimensions]' passed (0.000 seconds).
Test Case '-[CosyVoiceTTSTests.CosyVoiceTTSConfigTests testQuantizedLayoutRequires8BitPacking]' started.
Test Case '-[CosyVoiceTTSTests.CosyVoiceTTSConfigTests testQuantizedLayoutRequires8BitPacking]' passed (0.000 seconds).
Test Suite 'CosyVoiceTTSConfigTests' passed at 2026-07-27 07:34:43.372.
	 Executed 6 tests, with 0 failures (0 unexpected) in 0.002 (0.002) seconds
Test Suite 'DERScoringTests' started at 2026-07-27 07:34:43.372.
Test Case '-[SpeechVADTests.DERScoringTests testDERCollarForgiveness]' started.
Test Case '-[SpeechVADTests.DERScoringTests testDERCollarForgiveness]' passed (0.000 seconds).
Test Case '-[SpeechVADTests.DERScoringTests testDERCompleteFalseAlarm]' started.
Test Case '-[SpeechVADTests.DERScoringTests testDERCompleteFalseAlarm]' passed (0.000 seconds).
Test Case '-[SpeechVADTests.DERScoringTests testDERCompleteMiss]' started.
Test Case '-[SpeechVADTests.DERScoringTests testDERCompleteMiss]' passed (0.000 seconds).
Test Case '-[SpeechVADTests.DERScoringTests testDEROptimalMappingFixesSwappedIDs]' started.
Test Case '-[SpeechVADTests.DERScoringTests testDEROptimalMappingFixesSwappedIDs]' passed (0.001 seconds).
Test Case '-[SpeechVADTests.DERScoringTests testDERPartialOverlap]' started.
Test Case '-[SpeechVADTests.DERScoringTests testDERPartialOverlap]' passed (0.000 seconds).
Test Case '-[SpeechVADTests.DERScoringTests testDERPerfectMatch]' started.
Test Case '-[SpeechVADTests.DERScoringTests testDERPerfectMatch]' passed (0.000 seconds).
Test Case '-[SpeechVADTests.DERScoringTests testDERSpeakerConfusion]' started.
Test Case '-[SpeechVADTests.DERScoringTests testDERSpeakerConfusion]' passed (0.000 seconds).
Test Case '-[SpeechVADTests.DERScoringTests testParseRTTMWithExtraWhitespace]' started.
Test Case '-[SpeechVADTests.DERScoringTests testParseRTTMWithExtraWhitespace]' passed (0.000 seconds).
Test Case '-[SpeechVADTests.DERScoringTests testRTTMFormat]' started.
Test Case '-[SpeechVADTests.DERScoringTests testRTTMFormat]' passed (0.000 seconds).
Test Case '-[SpeechVADTests.DERScoringTests testRTTMRoundTrip]' started.
Test Case '-[SpeechVADTests.DERScoringTests testRTTMRoundTrip]' passed (0.000 seconds).
Test Suite 'DERScoringTests' passed at 2026-07-27 07:34:43.376.
	 Executed 10 tests, with 0 failures (0 unexpected) in 0.003 (0.003) seconds
Test Suite 'DialogueParserTests' started at 2026-07-27 07:34:43.376.
Test Case '-[CosyVoiceTTSTests.DialogueParserTests testCombinedSpeakerAndEmotion]' started.
Test Case '-[CosyVoiceTTSTests.DialogueParserTests testCombinedSpeakerAndEmotion]' passed (0.000 seconds).
Test Case '-[CosyVoiceTTSTests.DialogueParserTests testEmotionAliases]' started.
Test Case '-[CosyVoiceTTSTests.DialogueParserTests testEmotionAliases]' passed (0.000 seconds).
Test Case '-[CosyVoiceTTSTests.DialogueParserTests testEmotionCaseInsensitive]' started.
Test Case '-[CosyVoiceTTSTests.DialogueParserTests testEmotionCaseInsensitive]' passed (0.000 seconds).
Test Case '-[CosyVoiceTTSTests.DialogueParserTests testEmotionTags]' started.
Test Case '-[CosyVoiceTTSTests.DialogueParserTests testEmotionTags]' passed (0.000 seconds).
Test Case '-[CosyVoiceTTSTests.DialogueParserTests testEmptyText]' started.
Test Case '-[CosyVoiceTTSTests.DialogueParserTests testEmptyText]' passed (0.000 seconds).
Test Case '-[CosyVoiceTTSTests.DialogueParserTests testFreeformInstruction]' started.
Test Case '-[CosyVoiceTTSTests.DialogueParserTests testFreeformInstruction]' passed (0.000 seconds).
Test Case '-[CosyVoiceTTSTests.DialogueParserTests testKnownEmotions]' started.
Test Case '-[CosyVoiceTTSTests.DialogueParserTests testKnownEmotions]' passed (0.000 seconds).
Test Case '-[CosyVoiceTTSTests.DialogueParserTests testMixedTaggedAndUntagged]' started.
Test Case '-[CosyVoiceTTSTests.DialogueParserTests testMixedTaggedAndUntagged]' passed (0.000 seconds).
Test Case '-[CosyVoiceTTSTests.DialogueParserTests testMultipleEmotionsPerSpeaker]' started.
Test Case '-[CosyVoiceTTSTests.DialogueParserTests testMultipleEmotionsPerSpeaker]' passed (0.000 seconds).
Test Case '-[CosyVoiceTTSTests.DialogueParserTests testPlainText]' started.
Test Case '-[CosyVoiceTTSTests.DialogueParserTests testPlainText]' passed (0.000 seconds).
Test Case '-[CosyVoiceTTSTests.DialogueParserTests testSingleEmotion]' started.
Test Case '-[CosyVoiceTTSTests.DialogueParserTests testSingleEmotion]' passed (0.000 seconds).
Test Case '-[CosyVoiceTTSTests.DialogueParserTests testSingleSpeakerTag]' started.
Test Case '-[CosyVoiceTTSTests.DialogueParserTests testSingleSpeakerTag]' passed (0.000 seconds).
Test Case '-[CosyVoiceTTSTests.DialogueParserTests testSpeakerTags]' started.
Test Case '-[CosyVoiceTTSTests.DialogueParserTests testSpeakerTags]' passed (0.000 seconds).
Test Case '-[CosyVoiceTTSTests.DialogueParserTests testSpeakerTagsWithUnderscore]' started.
Test Case '-[CosyVoiceTTSTests.DialogueParserTests testSpeakerTagsWithUnderscore]' passed (0.000 seconds).
Test Case '-[CosyVoiceTTSTests.DialogueParserTests testTextBeforeSpeakerTag]' started.
Test Case '-[CosyVoiceTTSTests.DialogueParserTests testTextBeforeSpeakerTag]' passed (0.000 seconds).
Test Case '-[CosyVoiceTTSTests.DialogueParserTests testThreeSpeakers]' started.
Test Case '-[CosyVoiceTTSTests.DialogueParserTests testThreeSpeakers]' passed (0.000 seconds).
Test Case '-[CosyVoiceTTSTests.DialogueParserTests testUnknownEmotionPassthrough]' started.
Test Case '-[CosyVoiceTTSTests.DialogueParserTests testUnknownEmotionPassthrough]' passed (0.000 seconds).
Test Case '-[CosyVoiceTTSTests.DialogueParserTests testWhitespaceHandling]' started.
Test Case '-[CosyVoiceTTSTests.DialogueParserTests testWhitespaceHandling]' passed (0.000 seconds).
Test Suite 'DialogueParserTests' passed at 2026-07-27 07:34:43.378.
	 Executed 18 tests, with 0 failures (0 unexpected) in 0.001 (0.002) seconds
Test Suite 'DialogueSynthesizerTests' started at 2026-07-27 07:34:43.378.
Test Case '-[CosyVoiceTTSTests.DialogueSynthesizerTests testConfigCustomValues]' started.
Test Case '-[CosyVoiceTTSTests.DialogueSynthesizerTests testConfigCustomValues]' passed (0.000 seconds).
Test Case '-[CosyVoiceTTSTests.DialogueSynthesizerTests testConfigDefaults]' started.
Test Case '-[CosyVoiceTTSTests.DialogueSynthesizerTests testConfigDefaults]' passed (0.000 seconds).
Test Case '-[CosyVoiceTTSTests.DialogueSynthesizerTests testCrossfadeBasic]' started.
Test Case '-[CosyVoiceTTSTests.DialogueSynthesizerTests testCrossfadeBasic]' passed (0.000 seconds).
Test Case '-[CosyVoiceTTSTests.DialogueSynthesizerTests testCrossfadeClampedToBufferLength]' started.
Test Case '-[CosyVoiceTTSTests.DialogueSynthesizerTests testCrossfadeClampedToBufferLength]' passed (0.000 seconds).
Test Case '-[CosyVoiceTTSTests.DialogueSynthesizerTests testCrossfadePreservesLength]' started.
Test Case '-[CosyVoiceTTSTests.DialogueSynthesizerTests testCrossfadePreservesLength]' passed (0.000 seconds).
Test Case '-[CosyVoiceTTSTests.DialogueSynthesizerTests testCrossfadeSymmetry]' started.
Test Case '-[CosyVoiceTTSTests.DialogueSynthesizerTests testCrossfadeSymmetry]' passed (0.000 seconds).
Test Case '-[CosyVoiceTTSTests.DialogueSynthesizerTests testCrossfadeZeroOverlap]' started.
Test Case '-[CosyVoiceTTSTests.DialogueSynthesizerTests testCrossfadeZeroOverlap]' passed (0.000 seconds).
Test Case '-[CosyVoiceTTSTests.DialogueSynthesizerTests testSilenceGapDifferentSampleRate]' started.
Test Case '-[CosyVoiceTTSTests.DialogueSynthesizerTests testSilenceGapDifferentSampleRate]' passed (0.000 seconds).
Test Case '-[CosyVoiceTTSTests.DialogueSynthesizerTests testSilenceGapNegative]' started.
Test Case '-[CosyVoiceTTSTests.DialogueSynthesizerTests testSilenceGapNegative]' passed (0.000 seconds).
Test Case '-[CosyVoiceTTSTests.DialogueSynthesizerTests testSilenceGapSampleCount]' started.
Test Case '-[CosyVoiceTTSTests.DialogueSynthesizerTests testSilenceGapSampleCount]' passed (0.000 seconds).
Test Case '-[CosyVoiceTTSTests.DialogueSynthesizerTests testSilenceGapZero]' started.
Test Case '-[CosyVoiceTTSTests.DialogueSynthesizerTests testSilenceGapZero]' passed (0.000 seconds).
Test Suite 'DialogueSynthesizerTests' passed at 2026-07-27 07:34:43.379.
	 Executed 11 tests, with 0 failures (0 unexpected) in 0.001 (0.001) seconds
Test Suite 'DiarizationHelpersTests' started at 2026-07-27 07:34:43.379.
Test Case '-[SpeechVADTests.DiarizationHelpersTests testClusteringCentroidLinkage]' started.
Test Case '-[SpeechVADTests.DiarizationHelpersTests testClusteringCentroidLinkage]' passed (0.000 seconds).
Test Case '-[SpeechVADTests.DiarizationHelpersTests testClusteringEmpty]' started.
Test Case '-[SpeechVADTests.DiarizationHelpersTests testClusteringEmpty]' passed (0.000 seconds).
Test Case '-[SpeechVADTests.DiarizationHelpersTests testClusteringMultipleSpeakers]' started.
Test Case '-[SpeechVADTests.DiarizationHelpersTests testClusteringMultipleSpeakers]' passed (0.000 seconds).
Test Case '-[SpeechVADTests.DiarizationHelpersTests testClusteringSameWindowNeverMerge]' started.
Test Case '-[SpeechVADTests.DiarizationHelpersTests testClusteringSameWindowNeverMerge]' passed (0.000 seconds).
Test Case '-[SpeechVADTests.DiarizationHelpersTests testClusteringSimilarEmbeddingsDifferentWindows]' started.
Test Case '-[SpeechVADTests.DiarizationHelpersTests testClusteringSimilarEmbeddingsDifferentWindows]' passed (0.000 seconds).
Test Case '-[SpeechVADTests.DiarizationHelpersTests testClusteringSingleItem]' started.
Test Case '-[SpeechVADTests.DiarizationHelpersTests testClusteringSingleItem]' passed (0.000 seconds).
Test Case '-[SpeechVADTests.DiarizationHelpersTests testClusteringThresholdRespected]' started.
Test Case '-[SpeechVADTests.DiarizationHelpersTests testClusteringThresholdRespected]' passed (0.000 seconds).
Test Case '-[SpeechVADTests.DiarizationHelpersTests testClusteringTransitiveConstraints]' started.
Test Case '-[SpeechVADTests.DiarizationHelpersTests testClusteringTransitiveConstraints]' passed (0.000 seconds).
Test Case '-[SpeechVADTests.DiarizationHelpersTests testClusteringUsesUpdatedCentroidDistances]' started.
Test Case '-[SpeechVADTests.DiarizationHelpersTests testClusteringUsesUpdatedCentroidDistances]' passed (0.000 seconds).
Test Case '-[SpeechVADTests.DiarizationHelpersTests testCompactSpeakerIdsAlreadyContiguous]' started.
Test Case '-[SpeechVADTests.DiarizationHelpersTests testCompactSpeakerIdsAlreadyContiguous]' passed (0.000 seconds).
Test Case '-[SpeechVADTests.DiarizationHelpersTests testCompactSpeakerIdsEmpty]' started.
Test Case '-[SpeechVADTests.DiarizationHelpersTests testCompactSpeakerIdsEmpty]' passed (0.000 seconds).
Test Case '-[SpeechVADTests.DiarizationHelpersTests testCompactSpeakerIdsKeepsCentroidsAlignedAcrossGaps]' started.
Test Case '-[SpeechVADTests.DiarizationHelpersTests testCompactSpeakerIdsKeepsCentroidsAlignedAcrossGaps]' passed (0.000 seconds).
Test Case '-[SpeechVADTests.DiarizationHelpersTests testCompactSpeakerIdsPadsOnlyMissingActiveCentroid]' started.
Test Case '-[SpeechVADTests.DiarizationHelpersTests testCompactSpeakerIdsPadsOnlyMissingActiveCentroid]' passed (0.000 seconds).
Test Case '-[SpeechVADTests.DiarizationHelpersTests testCompactSpeakerIdsPreservesTimestamps]' started.
Test Case '-[SpeechVADTests.DiarizationHelpersTests testCompactSpeakerIdsPreservesTimestamps]' passed (0.000 seconds).
Test Case '-[SpeechVADTests.DiarizationHelpersTests testCompactSpeakerIdsWithGaps]' started.
Test Case '-[SpeechVADTests.DiarizationHelpersTests testCompactSpeakerIdsWithGaps]' passed (0.000 seconds).
Test Case '-[SpeechVADTests.DiarizationHelpersTests testCosineDistanceOpposite]' started.
Test Case '-[SpeechVADTests.DiarizationHelpersTests testCosineDistanceOpposite]' passed (0.000 seconds).
Test Case '-[SpeechVADTests.DiarizationHelpersTests testCosineDistanceOrthogonal]' started.
Test Case '-[SpeechVADTests.DiarizationHelpersTests testCosineDistanceOrthogonal]' passed (0.000 seconds).
Test Case '-[SpeechVADTests.DiarizationHelpersTests testCosineDistanceSameVector]' started.
Test Case '-[SpeechVADTests.DiarizationHelpersTests testCosineDistanceSameVector]' passed (0.000 seconds).
Test Case '-[SpeechVADTests.DiarizationHelpersTests testCosineDistanceZeroVector]' started.
Test Case '-[SpeechVADTests.DiarizationHelpersTests testCosineDistanceZeroVector]' passed (0.000 seconds).
Test Case '-[SpeechVADTests.DiarizationHelpersTests testDiarizationConfigCustomValues]' started.
Test Case '-[SpeechVADTests.DiarizationHelpersTests testDiarizationConfigCustomValues]' passed (0.000 seconds).
Test Case '-[SpeechVADTests.DiarizationHelpersTests testDiarizationConfigDefaultValues]' started.
Test Case '-[SpeechVADTests.DiarizationHelpersTests testDiarizationConfigDefaultValues]' passed (0.000 seconds).
Test Case '-[SpeechVADTests.DiarizationHelpersTests testDiarizationResultEmpty]' started.
Test Case '-[SpeechVADTests.DiarizationHelpersTests testDiarizationResultEmpty]' passed (0.000 seconds).
Test Case '-[SpeechVADTests.DiarizationHelpersTests testMergeSegmentsAdjacentSameSpeaker]' started.
Test Case '-[SpeechVADTests.DiarizationHelpersTests testMergeSegmentsAdjacentSameSpeaker]' passed (0.000 seconds).
Test Case '-[SpeechVADTests.DiarizationHelpersTests testMergeSegmentsDifferentSpeakers]' started.
Test Case '-[SpeechVADTests.DiarizationHelpersTests testMergeSegmentsDifferentSpeakers]' passed (0.000 seconds).
Test Case '-[SpeechVADTests.DiarizationHelpersTests testMergeSegmentsEmpty]' started.
Test Case '-[SpeechVADTests.DiarizationHelpersTests testMergeSegmentsEmpty]' passed (0.000 seconds).
Test Case '-[SpeechVADTests.DiarizationHelpersTests testMergeSegmentsLargeGapNotMerged]' started.
Test Case '-[SpeechVADTests.DiarizationHelpersTests testMergeSegmentsLargeGapNotMerged]' passed (0.000 seconds).
Test Case '-[SpeechVADTests.DiarizationHelpersTests testMergeSegmentsMultipleSpeakersInterleaved]' started.
Test Case '-[SpeechVADTests.DiarizationHelpersTests testMergeSegmentsMultipleSpeakersInterleaved]' passed (0.000 seconds).
Test Case '-[SpeechVADTests.DiarizationHelpersTests testMergeSegmentsSingleSegment]' started.
Test Case '-[SpeechVADTests.DiarizationHelpersTests testMergeSegmentsSingleSegment]' passed (0.000 seconds).
Test Case '-[SpeechVADTests.DiarizationHelpersTests testPyannoteDiarizationPipelineTypealias]' started.
Test Case '-[SpeechVADTests.DiarizationHelpersTests testPyannoteDiarizationPipelineTypealias]' passed (0.000 seconds).
Test Case '-[SpeechVADTests.DiarizationHelpersTests testResampleDownsample]' started.
Test Case '-[SpeechVADTests.DiarizationHelpersTests testResampleDownsample]' passed (0.001 seconds).
Test Case '-[SpeechVADTests.DiarizationHelpersTests testResampleEmpty]' started.
Test Case '-[SpeechVADTests.DiarizationHelpersTests testResampleEmpty]' passed (0.000 seconds).
Test Case '-[SpeechVADTests.DiarizationHelpersTests testResampleSameRate]' started.
Test Case '-[SpeechVADTests.DiarizationHelpersTests testResampleSameRate]' passed (0.000 seconds).
Test Case '-[SpeechVADTests.DiarizationHelpersTests testResampleUpsample]' started.
Test Case '-[SpeechVADTests.DiarizationHelpersTests testResampleUpsample]' passed (0.000 seconds).
Test Case '-[SpeechVADTests.DiarizationHelpersTests testSortformerDiarizationModelConformance]' started.
Test Case '-[SpeechVADTests.DiarizationHelpersTests testSortformerDiarizationModelConformance]' passed (0.000 seconds).
Test Case '-[SpeechVADTests.DiarizationHelpersTests testSpeakerDiarizationModelConformance]' started.
Test Case '-[SpeechVADTests.DiarizationHelpersTests testSpeakerDiarizationModelConformance]' passed (0.000 seconds).
Test Case '-[SpeechVADTests.DiarizationHelpersTests testSpeakerExtractionCapableConformance]' started.
Test Case '-[SpeechVADTests.DiarizationHelpersTests testSpeakerExtractionCapableConformance]' passed (0.000 seconds).
Test Suite 'DiarizationHelpersTests' passed at 2026-07-27 07:34:43.384.
	 Executed 36 tests, with 0 failures (0 unexpected) in 0.004 (0.005) seconds
Test Suite 'DiarizationPipelineTests' started at 2026-07-27 07:34:43.384.
Test Case '-[SpeechVADTests.DiarizationPipelineTests testDefaultDiarizationConfig]' started.
Test Case '-[SpeechVADTests.DiarizationPipelineTests testDefaultDiarizationConfig]' passed (0.000 seconds).
Test Case '-[SpeechVADTests.DiarizationPipelineTests testDiarizationResultEmpty]' started.
Test Case '-[SpeechVADTests.DiarizationPipelineTests testDiarizationResultEmpty]' passed (0.000 seconds).
Test Case '-[SpeechVADTests.DiarizationPipelineTests testDiarizationResultWithSegments]' started.
Test Case '-[SpeechVADTests.DiarizationPipelineTests testDiarizationResultWithSegments]' passed (0.000 seconds).
Test Case '-[SpeechVADTests.DiarizationPipelineTests testDiarizeProgressHandlerOverloadExists]' started.
Test Case '-[SpeechVADTests.DiarizationPipelineTests testDiarizeProgressHandlerOverloadExists]' passed (0.000 seconds).
Test Case '-[SpeechVADTests.DiarizationPipelineTests testSortformerDiarizeProgressHandlerOverloadExists]' started.
Test Case '-[SpeechVADTests.DiarizationPipelineTests testSortformerDiarizeProgressHandlerOverloadExists]' passed (0.000 seconds).
Test Suite 'DiarizationPipelineTests' passed at 2026-07-27 07:34:43.385.
	 Executed 5 tests, with 0 failures (0 unexpected) in 0.000 (0.001) seconds
Test Suite 'DiarizationReportPrinterTests' started at 2026-07-27 07:34:43.385.
Test Case '-[DiarizationBenchmarkTests.DiarizationReportPrinterTests testJSONIncludesSpeakerCountBreakdown]' started.
Test Case '-[DiarizationBenchmarkTests.DiarizationReportPrinterTests testJSONIncludesSpeakerCountBreakdown]' passed (0.001 seconds).
Test Case '-[DiarizationBenchmarkTests.DiarizationReportPrinterTests testTablePrintsSpeakerCountBreakdownSeparately]' started.
Test Case '-[DiarizationBenchmarkTests.DiarizationReportPrinterTests testTablePrintsSpeakerCountBreakdownSeparately]' passed (0.000 seconds).
Test Suite 'DiarizationReportPrinterTests' passed at 2026-07-27 07:34:43.386.
	 Executed 2 tests, with 0 failures (0 unexpected) in 0.001 (0.001) seconds
Test Suite 'DiarizationSpeakerCountAggregationTests' started at 2026-07-27 07:34:43.386.
Test Case '-[BenchmarkSupportTests.DiarizationSpeakerCountAggregationTests testAggregatesDurationWeightedDERByReferenceSpeakerCount]' started.
Test Case '-[BenchmarkSupportTests.DiarizationSpeakerCountAggregationTests testAggregatesDurationWeightedDERByReferenceSpeakerCount]' passed (0.000 seconds).
Test Case '-[BenchmarkSupportTests.DiarizationSpeakerCountAggregationTests testIgnoresEntriesWithoutAReferenceSpeaker]' started.
Test Case '-[BenchmarkSupportTests.DiarizationSpeakerCountAggregationTests testIgnoresEntriesWithoutAReferenceSpeaker]' passed (0.000 seconds).
Test Suite 'DiarizationSpeakerCountAggregationTests' passed at 2026-07-27 07:34:43.387.
	 Executed 2 tests, with 0 failures (0 unexpected) in 0.000 (0.001) seconds
Test Suite 'DiarizeCommandTests' started at 2026-07-27 07:34:43.387.
Test Case '-[AudioCLITests.DiarizeCommandTests testCommunity1Defaults]' started.
Test Case '-[AudioCLITests.DiarizeCommandTests testCommunity1Defaults]' passed (0.003 seconds).
Test Case '-[AudioCLITests.DiarizeCommandTests testCommunity1SpeakerBoundsAndComputeUnitsParse]' started.
Test Case '-[AudioCLITests.DiarizeCommandTests testCommunity1SpeakerBoundsAndComputeUnitsParse]' passed (0.003 seconds).
Test Suite 'DiarizeCommandTests' passed at 2026-07-27 07:34:43.393.
	 Executed 2 tests, with 0 failures (0 unexpected) in 0.006 (0.006) seconds
Test Suite 'DownloadSecurityTests' started at 2026-07-27 07:34:43.393.
Test Case '-[Qwen3ASRTests.DownloadSecurityTests testEmptyFileNameRejected]' started.
Test Case '-[Qwen3ASRTests.DownloadSecurityTests testEmptyFileNameRejected]' passed (0.001 seconds).
Test Case '-[Qwen3ASRTests.DownloadSecurityTests testFileNameDotDotRejected]' started.
Test Case '-[Qwen3ASRTests.DownloadSecurityTests testFileNameDotDotRejected]' passed (0.000 seconds).
Test Case '-[Qwen3ASRTests.DownloadSecurityTests testFileNameWithPathSeparatorRejected]' started.
Test Case '-[Qwen3ASRTests.DownloadSecurityTests testFileNameWithPathSeparatorRejected]' passed (0.000 seconds).
Test Case '-[Qwen3ASRTests.DownloadSecurityTests testFileNameWithSlashRejected]' started.
Test Case '-[Qwen3ASRTests.DownloadSecurityTests testFileNameWithSlashRejected]' passed (0.000 seconds).
Test Case '-[Qwen3ASRTests.DownloadSecurityTests testFileNameWithSpacesRejected]' started.
Test Case '-[Qwen3ASRTests.DownloadSecurityTests testFileNameWithSpacesRejected]' passed (0.000 seconds).
Test Case '-[Qwen3ASRTests.DownloadSecurityTests testHiddenFileRejected]' started.
Test Case '-[Qwen3ASRTests.DownloadSecurityTests testHiddenFileRejected]' passed (0.000 seconds).
Test Case '-[Qwen3ASRTests.DownloadSecurityTests testLocalPathTraversalRejected]' started.
Test Case '-[Qwen3ASRTests.DownloadSecurityTests testLocalPathTraversalRejected]' passed (0.000 seconds).
Test Case '-[Qwen3ASRTests.DownloadSecurityTests testSanitizedCacheKeyDotDot]' started.
Test Case '-[Qwen3ASRTests.DownloadSecurityTests testSanitizedCacheKeyDotDot]' passed (0.000 seconds).
Test Case '-[Qwen3ASRTests.DownloadSecurityTests testSanitizedCacheKeyEmpty]' started.
Test Case '-[Qwen3ASRTests.DownloadSecurityTests testSanitizedCacheKeyEmpty]' passed (0.000 seconds).
Test Case '-[Qwen3ASRTests.DownloadSecurityTests testSanitizedCacheKeyLeadingDots]' started.
Test Case '-[Qwen3ASRTests.DownloadSecurityTests testSanitizedCacheKeyLeadingDots]' passed (0.000 seconds).
Test Case '-[Qwen3ASRTests.DownloadSecurityTests testSanitizedCacheKeyMatchesExistingCache]' started.
Test Case '-[Qwen3ASRTests.DownloadSecurityTests testSanitizedCacheKeyMatchesExistingCache]' passed (0.004 seconds).
Test Case '-[Qwen3ASRTests.DownloadSecurityTests testSanitizedCacheKeyNormal]' started.
Test Case '-[Qwen3ASRTests.DownloadSecurityTests testSanitizedCacheKeyNormal]' passed (0.000 seconds).
Test Case '-[Qwen3ASRTests.DownloadSecurityTests testSanitizedCacheKeyPathTraversal]' started.
Test Case '-[Qwen3ASRTests.DownloadSecurityTests testSanitizedCacheKeyPathTraversal]' passed (0.000 seconds).
Test Case '-[Qwen3ASRTests.DownloadSecurityTests testSanitizedCacheKeySlashesRemoved]' started.
Test Case '-[Qwen3ASRTests.DownloadSecurityTests testSanitizedCacheKeySlashesRemoved]' passed (0.000 seconds).
Test Case '-[Qwen3ASRTests.DownloadSecurityTests testSanitizedCacheKeySpecialChars]' started.
Test Case '-[Qwen3ASRTests.DownloadSecurityTests testSanitizedCacheKeySpecialChars]' passed (0.000 seconds).
Test Case '-[Qwen3ASRTests.DownloadSecurityTests testValidFileNameAccepted]' started.
Test Case '-[Qwen3ASRTests.DownloadSecurityTests testValidFileNameAccepted]' passed (0.000 seconds).
Test Case '-[Qwen3ASRTests.DownloadSecurityTests testValidFileNameWithDashes]' started.
Test Case '-[Qwen3ASRTests.DownloadSecurityTests testValidFileNameWithDashes]' passed (0.000 seconds).
Test Case '-[Qwen3ASRTests.DownloadSecurityTests testValidLocalPath]' started.
Test Case '-[Qwen3ASRTests.DownloadSecurityTests testValidLocalPath]' passed (0.000 seconds).
Test Suite 'DownloadSecurityTests' passed at 2026-07-27 07:34:43.399.
	 Executed 18 tests, with 0 failures (0 unexpected) in 0.006 (0.006) seconds
Test Suite 'DownloaderRobustnessTests' started at 2026-07-27 07:34:43.399.
Test Case '-[AudioCommonTests.DownloaderRobustnessTests testStallGuardStillFiresWithoutGrowth]' started.
Test Case '-[AudioCommonTests.DownloaderRobustnessTests testStallGuardStillFiresWithoutGrowth]' passed (1.024 seconds).
Test Case '-[AudioCommonTests.DownloaderRobustnessTests testStallGuardTicksOnDiskGrowth]' started.
Test Case '-[AudioCommonTests.DownloaderRobustnessTests testStallGuardTicksOnDiskGrowth]' passed (5.159 seconds).
Test Case '-[AudioCommonTests.DownloaderRobustnessTests testWeightsExistAcceptsCompleteShardedBundle]' started.
Test Case '-[AudioCommonTests.DownloaderRobustnessTests testWeightsExistAcceptsCompleteShardedBundle]' passed (0.002 seconds).
Test Case '-[AudioCommonTests.DownloaderRobustnessTests testWeightsExistAcceptsSingleFileWithoutIndex]' started.
Test Case '-[AudioCommonTests.DownloaderRobustnessTests testWeightsExistAcceptsSingleFileWithoutIndex]' passed (0.001 seconds).
Test Case '-[AudioCommonTests.DownloaderRobustnessTests testWeightsExistRejectsMissingShard]' started.
Test Case '-[AudioCommonTests.DownloaderRobustnessTests testWeightsExistRejectsMissingShard]' passed (0.001 seconds).
Test Suite 'DownloaderRobustnessTests' passed at 2026-07-27 07:34:49.587.
	 Executed 5 tests, with 0 failures (0 unexpected) in 6.187 (6.188) seconds
Test Suite 'EOSCapTests' started at 2026-07-27 07:34:49.587.
Test Case '-[Qwen3TTSTests.EOSCapTests testMaxTokensCap]' started.
Test Case '-[Qwen3TTSTests.EOSCapTests testMaxTokensCap]' passed (0.000 seconds).
Test Suite 'EOSCapTests' passed at 2026-07-27 07:34:49.588.
	 Executed 1 test, with 0 failures (0 unexpected) in 0.000 (0.000) seconds
Test Suite 'EmbedSpeakerCommandTests' started at 2026-07-27 07:34:49.588.
Test Case '-[AudioCLITests.EmbedSpeakerCommandTests testHelpDocumentsReDimNet2Engine]' started.
Test Case '-[AudioCLITests.EmbedSpeakerCommandTests testHelpDocumentsReDimNet2Engine]' passed (0.002 seconds).
Test Case '-[AudioCLITests.EmbedSpeakerCommandTests testParsesReDimNet2Engine]' started.
Test Case '-[AudioCLITests.EmbedSpeakerCommandTests testParsesReDimNet2Engine]' passed (0.003 seconds).
Test Suite 'EmbedSpeakerCommandTests' passed at 2026-07-27 07:34:49.592.
	 Executed 2 tests, with 0 failures (0 unexpected) in 0.005 (0.005) seconds
Test Suite 'EndToEndRoundtripTests' started at 2026-07-27 07:34:49.592.
Test Case '-[OmniVoiceTTSTests.EndToEndRoundtripTests testGenerateThenDecodeProducesAudio]' started.
/Users/ivan/repos/speech-swift-tts-download/Tests/OmniVoiceTTSTests/EndToEndRoundtripTests.swift:30: -[OmniVoiceTTSTests.EndToEndRoundtripTests testGenerateThenDecodeProducesAudio] : Test skipped - missing /tmp/omnivoice-mlx/model.safetensors; run the OmniVoice golden capture
Test Case '-[OmniVoiceTTSTests.EndToEndRoundtripTests testGenerateThenDecodeProducesAudio]' skipped (0.001 seconds).
Test Suite 'EndToEndRoundtripTests' passed at 2026-07-27 07:34:49.593.
	 Executed 1 test, with 1 test skipped and 0 failures (0 unexpected) in 0.001 (0.001) seconds
Test Suite 'ErrorHandlingTests' started at 2026-07-27 07:34:49.593.
Test Case '-[AudioCLITests.ErrorHandlingTests testInferenceFailedDescription]' started.
Test Case '-[AudioCLITests.ErrorHandlingTests testInferenceFailedDescription]' passed (0.001 seconds).
Test Case '-[AudioCLITests.ErrorHandlingTests testInvalidConfigurationDescription]' started.
Test Case '-[AudioCLITests.ErrorHandlingTests testInvalidConfigurationDescription]' passed (0.000 seconds).
Test Case '-[AudioCLITests.ErrorHandlingTests testModelLoadFailedDescription]' started.
Test Case '-[AudioCLITests.ErrorHandlingTests testModelLoadFailedDescription]' passed (0.000 seconds).
Test Case '-[AudioCLITests.ErrorHandlingTests testModelLoadFailedWithUnderlying]' started.
Test Case '-[AudioCLITests.ErrorHandlingTests testModelLoadFailedWithUnderlying]' passed (0.000 seconds).
Test Case '-[AudioCLITests.ErrorHandlingTests testVoiceNotFoundDescription]' started.
Test Case '-[AudioCLITests.ErrorHandlingTests testVoiceNotFoundDescription]' passed (0.000 seconds).
Test Case '-[AudioCLITests.ErrorHandlingTests testWeightLoadingFailedDescription]' started.
Test Case '-[AudioCLITests.ErrorHandlingTests testWeightLoadingFailedDescription]' passed (0.000 seconds).
Test Suite 'ErrorHandlingTests' passed at 2026-07-27 07:34:49.595.
	 Executed 6 tests, with 0 failures (0 unexpected) in 0.002 (0.002) seconds
Test Suite 'F5TTSPinyinTests' started at 2026-07-27 07:34:49.595.
Test Case '-[F5TTSTests.F5TTSPinyinTests testCanonicalMandarinSentences]' started.
Test Case '-[F5TTSTests.F5TTSPinyinTests testCanonicalMandarinSentences]' passed (0.002 seconds).
Test Case '-[F5TTSTests.F5TTSPinyinTests testEnglishTextPassesThroughUnchanged]' started.
Test Case '-[F5TTSTests.F5TTSPinyinTests testEnglishTextPassesThroughUnchanged]' passed (0.001 seconds).
Test Case '-[F5TTSTests.F5TTSPinyinTests testLexiconParsesCommentsEntriesAndRejectsEmpty]' started.
Test Case '-[F5TTSTests.F5TTSPinyinTests testLexiconParsesCommentsEntriesAndRejectsEmpty]' passed (0.002 seconds).
Test Case '-[F5TTSTests.F5TTSPinyinTests testSystemFallbackForOutOfLexiconHanzi]' started.
Test Case '-[F5TTSTests.F5TTSPinyinTests testSystemFallbackForOutOfLexiconHanzi]' passed (0.000 seconds).
Test Case '-[F5TTSTests.F5TTSPinyinTests testTokenizerRoutesCJKThroughPinyin]' started.
Test Case '-[F5TTSTests.F5TTSPinyinTests testTokenizerRoutesCJKThroughPinyin]' passed (0.000 seconds).
Test Case '-[F5TTSTests.F5TTSPinyinTests testTokenizerWithoutLexiconKeepsRejectingCJK]' started.
Test Case '-[F5TTSTests.F5TTSPinyinTests testTokenizerWithoutLexiconKeepsRejectingCJK]' passed (0.000 seconds).
Test Case '-[F5TTSTests.F5TTSPinyinTests testToneMarkToTone3Conversion]' started.
Test Case '-[F5TTSTests.F5TTSPinyinTests testToneMarkToTone3Conversion]' passed (0.000 seconds).
Test Case '-[F5TTSTests.F5TTSPinyinTests testUpstreamFixtureParity]' started.
Test Case '-[F5TTSTests.F5TTSPinyinTests testUpstreamFixtureParity]' passed (0.003 seconds).
Test Suite 'F5TTSPinyinTests' passed at 2026-07-27 07:34:49.605.
	 Executed 8 tests, with 0 failures (0 unexpected) in 0.009 (0.010) seconds
Test Suite 'F5TTSTests' started at 2026-07-27 07:34:49.605.
Test Case '-[F5TTSTests.F5TTSTests testBundleLoaderValidatesRequiredFiles]' started.
Test Case '-[F5TTSTests.F5TTSTests testBundleLoaderValidatesRequiredFiles]' passed (0.002 seconds).
Test Case '-[F5TTSTests.F5TTSTests testBundleLoadsAndReportsMemory]' started.
Test Case '-[F5TTSTests.F5TTSTests testBundleLoadsAndReportsMemory]' passed (0.002 seconds).
Test Case '-[F5TTSTests.F5TTSTests testBundleLoadsPinyinLexiconWhenPresent]' started.
Test Case '-[F5TTSTests.F5TTSTests testBundleLoadsPinyinLexiconWhenPresent]' passed (0.003 seconds).
Test Case '-[F5TTSTests.F5TTSTests testBundleWithoutLexiconStaysEnglishOnly]' started.
Test Case '-[F5TTSTests.F5TTSTests testBundleWithoutLexiconStaysEnglishOnly]' passed (0.002 seconds).
Test Case '-[F5TTSTests.F5TTSTests testConfigParsesExporterShape]' started.
Test Case '-[F5TTSTests.F5TTSTests testConfigParsesExporterShape]' passed (0.002 seconds).
Test Case '-[F5TTSTests.F5TTSTests testReferenceTextNormalizationMatchesF5Inference]' started.
Test Case '-[F5TTSTests.F5TTSTests testReferenceTextNormalizationMatchesF5Inference]' passed (0.000 seconds).
Test Case '-[F5TTSTests.F5TTSTests testTextOnlyGenerateRequiresReferenceAudio]' started.
Test Case '-[F5TTSTests.F5TTSTests testTextOnlyGenerateRequiresReferenceAudio]' passed (0.002 seconds).
Test Case '-[F5TTSTests.F5TTSTests testTokenizerNormalizesAsciiAndRejectsCJK]' started.
Test Case '-[F5TTSTests.F5TTSTests testTokenizerNormalizesAsciiAndRejectsCJK]' passed (0.000 seconds).
Test Suite 'F5TTSTests' passed at 2026-07-27 07:34:49.619.
	 Executed 8 tests, with 0 failures (0 unexpected) in 0.013 (0.014) seconds
Test Suite 'FireRedVADTests' started at 2026-07-27 07:34:49.619.
Test Case '-[SpeechVADTests.FireRedVADTests testDefaultConfig]' started.
Test Case '-[SpeechVADTests.FireRedVADTests testDefaultConfig]' passed (0.000 seconds).
Test Case '-[SpeechVADTests.FireRedVADTests testKaldiFbankExtractorEmptyInput]' started.
Test Case '-[SpeechVADTests.FireRedVADTests testKaldiFbankExtractorEmptyInput]' passed (0.017 seconds).
Test Case '-[SpeechVADTests.FireRedVADTests testKaldiFbankExtractorNonSilence]' started.
Test Case '-[SpeechVADTests.FireRedVADTests testKaldiFbankExtractorNonSilence]' passed (0.027 seconds).
Test Case '-[SpeechVADTests.FireRedVADTests testKaldiFbankExtractorOutputShape]' started.
Test Case '-[SpeechVADTests.FireRedVADTests testKaldiFbankExtractorOutputShape]' passed (0.022 seconds).
Test Case '-[SpeechVADTests.FireRedVADTests testKaldiFbankExtractorShortInput]' started.
Test Case '-[SpeechVADTests.FireRedVADTests testKaldiFbankExtractorShortInput]' passed (0.012 seconds).
Test Case '-[SpeechVADTests.FireRedVADTests testKaldiFbankExtractorSilenceFloor]' started.
Test Case '-[SpeechVADTests.FireRedVADTests testKaldiFbankExtractorSilenceFloor]' passed (0.013 seconds).
Test Suite 'FireRedVADTests' passed at 2026-07-27 07:34:49.710.
	 Executed 6 tests, with 0 failures (0 unexpected) in 0.091 (0.091) seconds
Test Suite 'FishAudioRuntimeTests' started at 2026-07-27 07:34:49.710.
Test Case '-[FishAudioTTSTests.FishAudioRuntimeTests testConfigParsesFishS2ProShape]' started.
Test Case '-[FishAudioTTSTests.FishAudioRuntimeTests testConfigParsesFishS2ProShape]' passed (0.001 seconds).
Test Case '-[FishAudioTTSTests.FishAudioRuntimeTests testEmotionMarkerVocabularyMatchesExportManifest]' started.
Test Case '-[FishAudioTTSTests.FishAudioRuntimeTests testEmotionMarkerVocabularyMatchesExportManifest]' passed (0.000 seconds).
Test Case '-[FishAudioTTSTests.FishAudioRuntimeTests testModelShardDiscoveryIgnoresCodecSafetensors]' started.
Test Case '-[FishAudioTTSTests.FishAudioRuntimeTests testModelShardDiscoveryIgnoresCodecSafetensors]' passed (0.001 seconds).
Test Case '-[FishAudioTTSTests.FishAudioRuntimeTests testPromptUsesFishChatTemplateAndSpeakerReferences]' started.
Test Case '-[FishAudioTTSTests.FishAudioRuntimeTests testPromptUsesFishChatTemplateAndSpeakerReferences]' passed (0.000 seconds).
Test Case '-[FishAudioTTSTests.FishAudioRuntimeTests testReferencePromptRejectsInvalidCodebookShape]' started.
Test Case '-[FishAudioTTSTests.FishAudioRuntimeTests testReferencePromptRejectsInvalidCodebookShape]' passed (0.000 seconds).
Test Case '-[FishAudioTTSTests.FishAudioRuntimeTests testReferenceTextTaggingMatchesFishInference]' started.
Test Case '-[FishAudioTTSTests.FishAudioRuntimeTests testReferenceTextTaggingMatchesFishInference]' passed (0.000 seconds).
Test Case '-[FishAudioTTSTests.FishAudioRuntimeTests testSamplerConstrainsAllowedTokens]' started.
Test Case '-[FishAudioTTSTests.FishAudioRuntimeTests testSamplerConstrainsAllowedTokens]' passed (0.000 seconds).
Test Case '-[FishAudioTTSTests.FishAudioRuntimeTests testTinyDualARForwardShapes]' started.
Test Case '-[FishAudioTTSTests.FishAudioRuntimeTests testTinyDualARForwardShapes]' passed (0.035 seconds).
Test Case '-[FishAudioTTSTests.FishAudioRuntimeTests testTokenizerLoadsFishSemanticAndSpecialTokens]' started.
Test Case '-[FishAudioTTSTests.FishAudioRuntimeTests testTokenizerLoadsFishSemanticAndSpecialTokens]' passed (0.025 seconds).
Test Case '-[FishAudioTTSTests.FishAudioRuntimeTests testTokenizerRejectsIncompleteSemanticVocabulary]' started.
Test Case '-[FishAudioTTSTests.FishAudioRuntimeTests testTokenizerRejectsIncompleteSemanticVocabulary]' passed (0.001 seconds).
Test Case '-[FishAudioTTSTests.FishAudioRuntimeTests testWeightRemapMatchesFishQwen3OmniExport]' started.
Test Case '-[FishAudioTTSTests.FishAudioRuntimeTests testWeightRemapMatchesFishQwen3OmniExport]' passed (0.000 seconds).
Test Suite 'FishAudioRuntimeTests' passed at 2026-07-27 07:34:49.774.
	 Executed 11 tests, with 0 failures (0 unexpected) in 0.063 (0.063) seconds
Test Suite 'FlashSRConfigTests' started at 2026-07-27 07:34:49.774.
Test Case '-[FlashSRTests.FlashSRConfigTests testConfigDecodeMatchesPublishedSchema]' started.
Test Case '-[FlashSRTests.FlashSRConfigTests testConfigDecodeMatchesPublishedSchema]' passed (0.001 seconds).
Test Case '-[FlashSRTests.FlashSRConfigTests testVariantRepoIds]' started.
Test Case '-[FlashSRTests.FlashSRConfigTests testVariantRepoIds]' passed (0.000 seconds).
Test Suite 'FlashSRConfigTests' passed at 2026-07-27 07:34:49.774.
	 Executed 2 tests, with 0 failures (0 unexpected) in 0.001 (0.001) seconds
Test Suite 'FlowVocoderParityTests' started at 2026-07-27 07:34:49.774.
Test Case '-[CosyVoiceTTSTests.FlowVocoderParityTests testFixedNoiseBufferSlicing]' started.
Test Case '-[CosyVoiceTTSTests.FlowVocoderParityTests testFixedNoiseBufferSlicing]' passed (0.002 seconds).
Test Case '-[CosyVoiceTTSTests.FlowVocoderParityTests testFlowSolverIsFloat32AndDeterministic]' started.
Test Case '-[CosyVoiceTTSTests.FlowVocoderParityTests testFlowSolverIsFloat32AndDeterministic]' passed (0.019 seconds).
Test Case '-[CosyVoiceTTSTests.FlowVocoderParityTests testPreLookaheadLayerHasResidualConnection]' started.
Test Case '-[CosyVoiceTTSTests.FlowVocoderParityTests testPreLookaheadLayerHasResidualConnection]' passed (0.003 seconds).
Test Case '-[CosyVoiceTTSTests.FlowVocoderParityTests testPreLookaheadLayerUsesLeakyRelu]' started.
Test Case '-[CosyVoiceTTSTests.FlowVocoderParityTests testPreLookaheadLayerUsesLeakyRelu]' passed (0.002 seconds).
Test Case '-[CosyVoiceTTSTests.FlowVocoderParityTests testSineSourceIsFrameStaircase]' started.
Test Case '-[CosyVoiceTTSTests.FlowVocoderParityTests testSineSourceIsFrameStaircase]' passed (0.003 seconds).
Test Case '-[CosyVoiceTTSTests.FlowVocoderParityTests testSourceModuleIsDeterministic]' started.
Test Case '-[CosyVoiceTTSTests.FlowVocoderParityTests testSourceModuleIsDeterministic]' passed (0.002 seconds).
Test Case '-[CosyVoiceTTSTests.FlowVocoderParityTests testUnvoicedExcitationAmplitude]' started.
Test Case '-[CosyVoiceTTSTests.FlowVocoderParityTests testUnvoicedExcitationAmplitude]' passed (0.001 seconds).
Test Suite 'FlowVocoderParityTests' passed at 2026-07-27 07:34:49.806.
	 Executed 7 tests, with 0 failures (0 unexpected) in 0.031 (0.032) seconds
Test Suite 'ForcedAlignerTests' started at 2026-07-27 07:34:49.806.
Test Case '-[Qwen3ASRTests.ForcedAlignerTests testForcedAlignerLatency]' started.
Loaded 63 added tokens from tokenizer_config.json
Loaded tokenizer with 151706 tokens, 151291 merges
Test Case '-[Qwen3ASRTests.ForcedAlignerTests testForcedAlignerLatency]' passed (99.755 seconds).
Test Case '-[Qwen3ASRTests.ForcedAlignerTests testLISBasic]' started.
Test Case '-[Qwen3ASRTests.ForcedAlignerTests testLISBasic]' passed (0.000 seconds).
Test Case '-[Qwen3ASRTests.ForcedAlignerTests testNoPlateauOnHealthyAlignment]' started.
Test Case '-[Qwen3ASRTests.ForcedAlignerTests testNoPlateauOnHealthyAlignment]' passed (0.000 seconds).
Test Case '-[Qwen3ASRTests.ForcedAlignerTests testOffsetWordsAddsConstant]' started.
Test Case '-[Qwen3ASRTests.ForcedAlignerTests testOffsetWordsAddsConstant]' passed (0.000 seconds).
Test Case '-[Qwen3ASRTests.ForcedAlignerTests testOffsetWordsByZeroNoOp]' started.
Test Case '-[Qwen3ASRTests.ForcedAlignerTests testOffsetWordsByZeroNoOp]' passed (0.000 seconds).
Test Case '-[Qwen3ASRTests.ForcedAlignerTests testPlateauBelowMinSizeIgnored]' started.
Test Case '-[Qwen3ASRTests.ForcedAlignerTests testPlateauBelowMinSizeIgnored]' passed (0.000 seconds).
Test Case '-[Qwen3ASRTests.ForcedAlignerTests testSurfacePreservesApostropheAndTrailingPeriod]' started.
Test Case '-[Qwen3ASRTests.ForcedAlignerTests testSurfacePreservesApostropheAndTrailingPeriod]' passed (0.000 seconds).
Test Case '-[Qwen3ASRTests.ForcedAlignerTests testSurfacePreservesCJKPunctuation]' started.
Test Case '-[Qwen3ASRTests.ForcedAlignerTests testSurfacePreservesCJKPunctuation]' passed (0.000 seconds).
Test Case '-[Qwen3ASRTests.ForcedAlignerTests testSurfacePreservesEnglishPunctuation]' started.
Test Case '-[Qwen3ASRTests.ForcedAlignerTests testSurfacePreservesEnglishPunctuation]' passed (0.000 seconds).
Test Case '-[Qwen3ASRTests.ForcedAlignerTests testSurfacePreservesLeadingPunctuation]' started.
Test Case '-[Qwen3ASRTests.ForcedAlignerTests testSurfacePreservesLeadingPunctuation]' passed (0.000 seconds).
Test Case '-[Qwen3ASRTests.ForcedAlignerTests testSurfacePreservesMixedHanLatinPunctuation]' started.
Test Case '-[Qwen3ASRTests.ForcedAlignerTests testSurfacePreservesMixedHanLatinPunctuation]' passed (0.000 seconds).
Test Case '-[Qwen3ASRTests.ForcedAlignerTests testTextPreprocessingApostropheKept]' started.
Test Case '-[Qwen3ASRTests.ForcedAlignerTests testTextPreprocessingApostropheKept]' passed (0.000 seconds).
Test Case '-[Qwen3ASRTests.ForcedAlignerTests testTextPreprocessingBengaliMarksPreserved]' started.
Test Case '-[Qwen3ASRTests.ForcedAlignerTests testTextPreprocessingBengaliMarksPreserved]' passed (0.000 seconds).
Test Case '-[Qwen3ASRTests.ForcedAlignerTests testTextPreprocessingBurmese]' started.
Test Case '-[Qwen3ASRTests.ForcedAlignerTests testTextPreprocessingBurmese]' passed (0.002 seconds).
Test Case '-[Qwen3ASRTests.ForcedAlignerTests testTextPreprocessingChinese]' started.
Test Case '-[Qwen3ASRTests.ForcedAlignerTests testTextPreprocessingChinese]' passed (0.000 seconds).
Test Case '-[Qwen3ASRTests.ForcedAlignerTests testTextPreprocessingEnglish]' started.
Test Case '-[Qwen3ASRTests.ForcedAlignerTests testTextPreprocessingEnglish]' passed (0.000 seconds).
Test Case '-[Qwen3ASRTests.ForcedAlignerTests testTextPreprocessingGerman]' started.
Test Case '-[Qwen3ASRTests.ForcedAlignerTests testTextPreprocessingGerman]' passed (0.000 seconds).
Test Case '-[Qwen3ASRTests.ForcedAlignerTests testTextPreprocessingHindiMarksPreserved]' started.
Test Case '-[Qwen3ASRTests.ForcedAlignerTests testTextPreprocessingHindiMarksPreserved]' passed (0.000 seconds).
Test Case '-[Qwen3ASRTests.ForcedAlignerTests testTextPreprocessingHiraganaGreeting]' started.
Test Case '-[Qwen3ASRTests.ForcedAlignerTests testTextPreprocessingHiraganaGreeting]' passed (0.001 seconds).
Test Case '-[Qwen3ASRTests.ForcedAlignerTests testTextPreprocessingJapaneseMorpheme]' started.
Test Case '-[Qwen3ASRTests.ForcedAlignerTests testTextPreprocessingJapaneseMorpheme]' passed (0.000 seconds).
Test Case '-[Qwen3ASRTests.ForcedAlignerTests testTextPreprocessingJapaneseWithLatin]' started.
Test Case '-[Qwen3ASRTests.ForcedAlignerTests testTextPreprocessingJapaneseWithLatin]' passed (0.000 seconds).
Test Case '-[Qwen3ASRTests.ForcedAlignerTests testTextPreprocessingKatakanaSingleWord]' started.
Test Case '-[Qwen3ASRTests.ForcedAlignerTests testTextPreprocessingKatakanaSingleWord]' passed (0.000 seconds).
Test Case '-[Qwen3ASRTests.ForcedAlignerTests testTextPreprocessingKhmer]' started.
Test Case '-[Qwen3ASRTests.ForcedAlignerTests testTextPreprocessingKhmer]' passed (0.000 seconds).
Test Case '-[Qwen3ASRTests.ForcedAlignerTests testTextPreprocessingKorean]' started.
Test Case '-[Qwen3ASRTests.ForcedAlignerTests testTextPreprocessingKorean]' passed (0.000 seconds).
Test Case '-[Qwen3ASRTests.ForcedAlignerTests testTextPreprocessingLao]' started.
Test Case '-[Qwen3ASRTests.ForcedAlignerTests testTextPreprocessingLao]' passed (0.000 seconds).
Test Case '-[Qwen3ASRTests.ForcedAlignerTests testTextPreprocessingMixedHanLatin]' started.
Test Case '-[Qwen3ASRTests.ForcedAlignerTests testTextPreprocessingMixedHanLatin]' passed (0.000 seconds).
Test Case '-[Qwen3ASRTests.ForcedAlignerTests testTextPreprocessingPunctuationStripped]' started.
Test Case '-[Qwen3ASRTests.ForcedAlignerTests testTextPreprocessingPunctuationStripped]' passed (0.000 seconds).
Test Case '-[Qwen3ASRTests.ForcedAlignerTests testTextPreprocessingThai]' started.
Test Case '-[Qwen3ASRTests.ForcedAlignerTests testTextPreprocessingThai]' passed (0.001 seconds).
Test Case '-[Qwen3ASRTests.ForcedAlignerTests testTextPreprocessingTibetan]' started.
Test Case '-[Qwen3ASRTests.ForcedAlignerTests testTextPreprocessingTibetan]' passed (0.000 seconds).
Test Case '-[Qwen3ASRTests.ForcedAlignerTests testTimestampCorrectionAllSame]' started.
Test Case '-[Qwen3ASRTests.ForcedAlignerTests testTimestampCorrectionAllSame]' passed (0.000 seconds).
Test Case '-[Qwen3ASRTests.ForcedAlignerTests testTimestampCorrectionAlreadyMonotonic]' started.
Test Case '-[Qwen3ASRTests.ForcedAlignerTests testTimestampCorrectionAlreadyMonotonic]' passed (0.000 seconds).
Test Case '-[Qwen3ASRTests.ForcedAlignerTests testTimestampCorrectionDescending]' started.
Test Case '-[Qwen3ASRTests.ForcedAlignerTests testTimestampCorrectionDescending]' passed (0.000 seconds).
Test Case '-[Qwen3ASRTests.ForcedAlignerTests testTimestampCorrectionSingleOutOfOrder]' started.
Test Case '-[Qwen3ASRTests.ForcedAlignerTests testTimestampCorrectionSingleOutOfOrder]' passed (0.000 seconds).
Test Case '-[Qwen3ASRTests.ForcedAlignerTests testToleranceAcceptsTinyDrift]' started.
Test Case '-[Qwen3ASRTests.ForcedAlignerTests testToleranceAcceptsTinyDrift]' passed (0.000 seconds).
Test Case '-[Qwen3ASRTests.ForcedAlignerTests testTrailingPlateauDetected]' started.
Test Case '-[Qwen3ASRTests.ForcedAlignerTests testTrailingPlateauDetected]' passed (0.000 seconds).
Test Suite 'ForcedAlignerTests' passed at 2026-07-27 07:36:29.570.
	 Executed 35 tests, with 0 failures (0 unexpected) in 99.763 (99.764) seconds
Test Suite 'FormatJSONTests' started at 2026-07-27 07:36:29.570.
Test Case '-[AudioServerTests.FormatJSONTests testBasicJSON]' started.
Test Case '-[AudioServerTests.FormatJSONTests testBasicJSON]' passed (0.000 seconds).
Test Case '-[AudioServerTests.FormatJSONTests testBoolJSON]' started.
Test Case '-[AudioServerTests.FormatJSONTests testBoolJSON]' passed (0.000 seconds).
Test Case '-[AudioServerTests.FormatJSONTests testNumericJSON]' started.
Test Case '-[AudioServerTests.FormatJSONTests testNumericJSON]' passed (0.000 seconds).
Test Case '-[AudioServerTests.FormatJSONTests testSortedKeys]' started.
Test Case '-[AudioServerTests.FormatJSONTests testSortedKeys]' passed (0.000 seconds).
Test Suite 'FormatJSONTests' passed at 2026-07-27 07:36:29.571.
	 Executed 4 tests, with 0 failures (0 unexpected) in 0.001 (0.001) seconds
Test Suite 'FunctionGemmaParserTests' started at 2026-07-27 07:36:29.571.
Test Case '-[FunctionGemmaTests.FunctionGemmaParserTests testNoCallReturnsEmpty]' started.
Test Case '-[FunctionGemmaTests.FunctionGemmaParserTests testNoCallReturnsEmpty]' passed (0.000 seconds).
Test Case '-[FunctionGemmaTests.FunctionGemmaParserTests testParseDoubleAndNull]' started.
Test Case '-[FunctionGemmaTests.FunctionGemmaParserTests testParseDoubleAndNull]' passed (0.000 seconds).
Test Case '-[FunctionGemmaTests.FunctionGemmaParserTests testParseExchangeRateCanonicalPrompt]' started.
Test Case '-[FunctionGemmaTests.FunctionGemmaParserTests testParseExchangeRateCanonicalPrompt]' passed (0.000 seconds).
Test Case '-[FunctionGemmaTests.FunctionGemmaParserTests testParseParallelCalls]' started.
Test Case '-[FunctionGemmaTests.FunctionGemmaParserTests testParseParallelCalls]' passed (0.000 seconds).
Test Case '-[FunctionGemmaTests.FunctionGemmaParserTests testParseScalarArguments]' started.
Test Case '-[FunctionGemmaTests.FunctionGemmaParserTests testParseScalarArguments]' passed (0.000 seconds).
Test Case '-[FunctionGemmaTests.FunctionGemmaParserTests testParseSingleCallWithEscapedString]' started.
Test Case '-[FunctionGemmaTests.FunctionGemmaParserTests testParseSingleCallWithEscapedString]' passed (0.000 seconds).
Test Suite 'FunctionGemmaParserTests' passed at 2026-07-27 07:36:29.572.
	 Executed 6 tests, with 0 failures (0 unexpected) in 0.001 (0.001) seconds
Test Suite 'FunctionGemmaPromptTests' started at 2026-07-27 07:36:29.572.
Test Case '-[FunctionGemmaTests.FunctionGemmaPromptTests testFormatDeveloperTurnConcatenatesTools]' started.
Test Case '-[FunctionGemmaTests.FunctionGemmaPromptTests testFormatDeveloperTurnConcatenatesTools]' passed (0.000 seconds).
Test Case '-[FunctionGemmaTests.FunctionGemmaPromptTests testFormatFunctionDeclarationMatchesPythonGrammar]' started.
Test Case '-[FunctionGemmaTests.FunctionGemmaPromptTests testFormatFunctionDeclarationMatchesPythonGrammar]' passed (0.000 seconds).
Test Case '-[FunctionGemmaTests.FunctionGemmaPromptTests testFormatToolCallPromptIncludesDeveloperAndDeclarationBlocks]' started.
Test Case '-[FunctionGemmaTests.FunctionGemmaPromptTests testFormatToolCallPromptIncludesDeveloperAndDeclarationBlocks]' passed (0.000 seconds).
Test Suite 'FunctionGemmaPromptTests' passed at 2026-07-27 07:36:29.572.
	 Executed 3 tests, with 0 failures (0 unexpected) in 0.000 (0.000) seconds
Test Suite 'HTDemucsConfigTests' started at 2026-07-27 07:36:29.572.
Test Case '-[SourceSeparationTests.HTDemucsConfigTests testDecode]' started.
Test Case '-[SourceSeparationTests.HTDemucsConfigTests testDecode]' passed (0.001 seconds).
Test Suite 'HTDemucsConfigTests' passed at 2026-07-27 07:36:29.573.
	 Executed 1 test, with 0 failures (0 unexpected) in 0.001 (0.001) seconds
Test Suite 'HiggsTTSTests' started at 2026-07-27 07:36:29.573.
Test Case '-[HiggsTTSTests.HiggsTTSTests testConfigParsesUpstreamShape]' started.
Test Case '-[HiggsTTSTests.HiggsTTSTests testConfigParsesUpstreamShape]' passed (0.001 seconds).
Test Case '-[HiggsTTSTests.HiggsTTSTests testConfigRejectsUnknownModelType]' started.
Test Case '-[HiggsTTSTests.HiggsTTSTests testConfigRejectsUnknownModelType]' passed (0.001 seconds).
Test Case '-[HiggsTTSTests.HiggsTTSTests testDelayPatternMatchesReferenceLayout]' started.
Test Case '-[HiggsTTSTests.HiggsTTSTests testDelayPatternMatchesReferenceLayout]' passed (0.000 seconds).
Test Case '-[HiggsTTSTests.HiggsTTSTests testDelayRejectsInvalidShapes]' started.
Test Case '-[HiggsTTSTests.HiggsTTSTests testDelayRejectsInvalidShapes]' passed (0.000 seconds).
Test Case '-[HiggsTTSTests.HiggsTTSTests testDelayReverseRoundTrip]' started.
Test Case '-[HiggsTTSTests.HiggsTTSTests testDelayReverseRoundTrip]' passed (0.000 seconds).
Test Case '-[HiggsTTSTests.HiggsTTSTests testPromptBuilderMatchesReferenceLayout]' started.
Test Case '-[HiggsTTSTests.HiggsTTSTests testPromptBuilderMatchesReferenceLayout]' passed (0.000 seconds).
Test Case '-[HiggsTTSTests.HiggsTTSTests testPromptBuilderWithoutReferenceOrRefTextToken]' started.
Test Case '-[HiggsTTSTests.HiggsTTSTests testPromptBuilderWithoutReferenceOrRefTextToken]' passed (0.000 seconds).
Test Case '-[HiggsTTSTests.HiggsTTSTests testSamplerEOCCountdownStopsAfterNMinusTwoSteps]' started.
Test Case '-[HiggsTTSTests.HiggsTTSTests testSamplerEOCCountdownStopsAfterNMinusTwoSteps]' passed (0.000 seconds).
Test Case '-[HiggsTTSTests.HiggsTTSTests testSamplerRampForcesBOCOnUpperCodebooks]' started.
Test Case '-[HiggsTTSTests.HiggsTTSTests testSamplerRampForcesBOCOnUpperCodebooks]' passed (0.000 seconds).
Test Case '-[HiggsTTSTests.HiggsTTSTests testSamplerRejectsWrongWidth]' started.
Test Case '-[HiggsTTSTests.HiggsTTSTests testSamplerRejectsWrongWidth]' passed (0.000 seconds).
Test Case '-[HiggsTTSTests.HiggsTTSTests testSamplerTwoCodebooksStopsImmediatelyOnEOC]' started.
Test Case '-[HiggsTTSTests.HiggsTTSTests testSamplerTwoCodebooksStopsImmediatelyOnEOC]' passed (0.000 seconds).
Test Case '-[HiggsTTSTests.HiggsTTSTests testWeightMapRoutesUpstreamKeys]' started.
Test Case '-[HiggsTTSTests.HiggsTTSTests testWeightMapRoutesUpstreamKeys]' passed (0.000 seconds).
Test Suite 'HiggsTTSTests' passed at 2026-07-27 07:36:29.576.
	 Executed 12 tests, with 0 failures (0 unexpected) in 0.002 (0.003) seconds
Test Suite 'HindiEmotionTTSCatalogTests' started at 2026-07-27 07:36:29.576.
Test Case '-[AudioCommonTests.HindiEmotionTTSCatalogTests testCatalogIncludesHindiEmotionModels]' started.
Test Case '-[AudioCommonTests.HindiEmotionTTSCatalogTests testCatalogIncludesHindiEmotionModels]' passed (0.000 seconds).
Test Case '-[AudioCommonTests.HindiEmotionTTSCatalogTests testCommercialImplementationCandidatesExcludeResearchOnlyModels]' started.
Test Case '-[AudioCommonTests.HindiEmotionTTSCatalogTests testCommercialImplementationCandidatesExcludeResearchOnlyModels]' passed (0.000 seconds).
Test Case '-[AudioCommonTests.HindiEmotionTTSCatalogTests testFishAudioIsBenchmarkOnlyBecauseOfLicense]' started.
Test Case '-[AudioCommonTests.HindiEmotionTTSCatalogTests testFishAudioIsBenchmarkOnlyBecauseOfLicense]' passed (0.000 seconds).
Test Case '-[AudioCommonTests.HindiEmotionTTSCatalogTests testIndicMioUsesIndianLanguageAngleTags]' started.
Test Case '-[AudioCommonTests.HindiEmotionTTSCatalogTests testIndicMioUsesIndianLanguageAngleTags]' passed (0.000 seconds).
Test Case '-[AudioCommonTests.HindiEmotionTTSCatalogTests testTrackedOnlyModelsAreNotEmotionMarkerCandidates]' started.
Test Case '-[AudioCommonTests.HindiEmotionTTSCatalogTests testTrackedOnlyModelsAreNotEmotionMarkerCandidates]' passed (0.000 seconds).
Test Suite 'HindiEmotionTTSCatalogTests' passed at 2026-07-27 07:36:29.577.
	 Executed 5 tests, with 0 failures (0 unexpected) in 0.001 (0.001) seconds
Test Suite 'HindiPhonemizerTests' started at 2026-07-27 07:36:29.577.
Test Case '-[KokoroTTSTests.HindiPhonemizerTests testHindiMultipleWords]' started.
Test Case '-[KokoroTTSTests.HindiPhonemizerTests testHindiMultipleWords]' passed (0.001 seconds).
Test Case '-[KokoroTTSTests.HindiPhonemizerTests testHindiPhonemizerProducesOutput]' started.
Test Case '-[KokoroTTSTests.HindiPhonemizerTests testHindiPhonemizerProducesOutput]' passed (0.000 seconds).
Test Case '-[KokoroTTSTests.HindiPhonemizerTests testRomanToIPA]' started.
Test Case '-[KokoroTTSTests.HindiPhonemizerTests testRomanToIPA]' passed (0.000 seconds).
Test Suite 'HindiPhonemizerTests' passed at 2026-07-27 07:36:29.578.
	 Executed 3 tests, with 0 failures (0 unexpected) in 0.001 (0.001) seconds
Test Suite 'HuggingFaceDownloaderTests' started at 2026-07-27 07:36:29.578.
Test Case '-[AudioCommonTests.HuggingFaceDownloaderTests testByteWeightedDownloadAllowsMissingOptionalIndexOffline]' started.
Test Case '-[AudioCommonTests.HuggingFaceDownloaderTests testByteWeightedDownloadAllowsMissingOptionalIndexOffline]' passed (0.001 seconds).
Test Case '-[AudioCommonTests.HuggingFaceDownloaderTests testContentRangeTotalParsesByteRange]' started.
Test Case '-[AudioCommonTests.HuggingFaceDownloaderTests testContentRangeTotalParsesByteRange]' passed (0.000 seconds).
Test Case '-[AudioCommonTests.HuggingFaceDownloaderTests testContentRangeTotalRejectsMalformedHeader]' started.
Test Case '-[AudioCommonTests.HuggingFaceDownloaderTests testContentRangeTotalRejectsMalformedHeader]' passed (0.000 seconds).
Test Case '-[AudioCommonTests.HuggingFaceDownloaderTests testCustomCacheDirSkipsDefaultResolution]' started.
Test Case '-[AudioCommonTests.HuggingFaceDownloaderTests testCustomCacheDirSkipsDefaultResolution]' passed (0.000 seconds).
Test Case '-[AudioCommonTests.HuggingFaceDownloaderTests testHubRequestPropagatesTokenToRangeProbeRequest]' started.
Test Case '-[AudioCommonTests.HuggingFaceDownloaderTests testHubRequestPropagatesTokenToRangeProbeRequest]' passed (0.000 seconds).
Test Case '-[AudioCommonTests.HuggingFaceDownloaderTests testOfflineModeFalseDoesNotSkip]' started.
Test Case '-[AudioCommonTests.HuggingFaceDownloaderTests testOfflineModeFalseDoesNotSkip]' passed (0.136 seconds).
Test Case '-[AudioCommonTests.HuggingFaceDownloaderTests testOfflineModeSkipsDownloadWhenMlmodelcExists]' started.
Test Case '-[AudioCommonTests.HuggingFaceDownloaderTests testOfflineModeSkipsDownloadWhenMlmodelcExists]' passed (0.001 seconds).
Test Case '-[AudioCommonTests.HuggingFaceDownloaderTests testOfflineModeSkipsDownloadWhenWeightsExist]' started.
Test Case '-[AudioCommonTests.HuggingFaceDownloaderTests testOfflineModeSkipsDownloadWhenWeightsExist]' passed (0.001 seconds).
Test Case '-[AudioCommonTests.HuggingFaceDownloaderTests testOfflineModeWithoutWeightsFallsThrough]' started.
Test Case '-[AudioCommonTests.HuggingFaceDownloaderTests testOfflineModeWithoutWeightsFallsThrough]' passed (0.001 seconds).
Test Case '-[AudioCommonTests.HuggingFaceDownloaderTests testParseRepoFileListingExtractsShardNames]' started.
Test Case '-[AudioCommonTests.HuggingFaceDownloaderTests testParseRepoFileListingExtractsShardNames]' passed (0.000 seconds).
Test Case '-[AudioCommonTests.HuggingFaceDownloaderTests testParseRepoFileListingIgnoresEntriesWithoutFilenames]' started.
Test Case '-[AudioCommonTests.HuggingFaceDownloaderTests testParseRepoFileListingIgnoresEntriesWithoutFilenames]' passed (0.001 seconds).
Test Case '-[AudioCommonTests.HuggingFaceDownloaderTests testParseRepoFileListingRejectsMalformedPayload]' started.
Test Case '-[AudioCommonTests.HuggingFaceDownloaderTests testParseRepoFileListingRejectsMalformedPayload]' passed (0.000 seconds).
Test Case '-[AudioCommonTests.HuggingFaceDownloaderTests testRangeDownloadConcurrencyCapsOverride]' started.
Test Case '-[AudioCommonTests.HuggingFaceDownloaderTests testRangeDownloadConcurrencyCapsOverride]' passed (0.000 seconds).
Test Case '-[AudioCommonTests.HuggingFaceDownloaderTests testRangeDownloadConcurrencyDefaultIsFast]' started.
Test Case '-[AudioCommonTests.HuggingFaceDownloaderTests testRangeDownloadConcurrencyDefaultIsFast]' passed (0.000 seconds).
Test Case '-[AudioCommonTests.HuggingFaceDownloaderTests testRangeDownloadConcurrencyHonorsOverride]' started.
Test Case '-[AudioCommonTests.HuggingFaceDownloaderTests testRangeDownloadConcurrencyHonorsOverride]' passed (0.000 seconds).
Test Case '-[AudioCommonTests.HuggingFaceDownloaderTests testRangeDownloadConcurrencyRejectsInvalidOverride]' started.
Test Case '-[AudioCommonTests.HuggingFaceDownloaderTests testRangeDownloadConcurrencyRejectsInvalidOverride]' passed (0.000 seconds).
Test Case '-[AudioCommonTests.HuggingFaceDownloaderTests testResolvedEndpointHonorsHttpMirror]' started.
Test Case '-[AudioCommonTests.HuggingFaceDownloaderTests testResolvedEndpointHonorsHttpMirror]' passed (0.000 seconds).
Test Case '-[AudioCommonTests.HuggingFaceDownloaderTests testResolvedEndpointHonorsValidMirror]' started.
Test Case '-[AudioCommonTests.HuggingFaceDownloaderTests testResolvedEndpointHonorsValidMirror]' passed (0.000 seconds).
Test Case '-[AudioCommonTests.HuggingFaceDownloaderTests testResolvedEndpointNilWhenBlank]' started.
Test Case '-[AudioCommonTests.HuggingFaceDownloaderTests testResolvedEndpointNilWhenBlank]' passed (0.000 seconds).
Test Case '-[AudioCommonTests.HuggingFaceDownloaderTests testResolvedEndpointNilWhenMalformed]' started.
Test Case '-[AudioCommonTests.HuggingFaceDownloaderTests testResolvedEndpointNilWhenMalformed]' passed (0.000 seconds).
Test Case '-[AudioCommonTests.HuggingFaceDownloaderTests testResolvedEndpointNilWhenUnset]' started.
Test Case '-[AudioCommonTests.HuggingFaceDownloaderTests testResolvedEndpointNilWhenUnset]' passed (0.000 seconds).
Test Case '-[AudioCommonTests.HuggingFaceDownloaderTests testResolvedEndpointTrimsWhitespace]' started.
Test Case '-[AudioCommonTests.HuggingFaceDownloaderTests testResolvedEndpointTrimsWhitespace]' passed (0.000 seconds).
Test Case '-[AudioCommonTests.HuggingFaceDownloaderTests testRetryLadderShape]' started.
Test Case '-[AudioCommonTests.HuggingFaceDownloaderTests testRetryLadderShape]' passed (0.000 seconds).
Test Case '-[AudioCommonTests.HuggingFaceDownloaderTests testStallGuardAbortsWedgedDownload]' started.
Test Case '-[AudioCommonTests.HuggingFaceDownloaderTests testStallGuardAbortsWedgedDownload]' passed (1.005 seconds).
Test Case '-[AudioCommonTests.HuggingFaceDownloaderTests testStallGuardAllowsProgressingDownload]' started.
Test Case '-[AudioCommonTests.HuggingFaceDownloaderTests testStallGuardAllowsProgressingDownload]' passed (1.657 seconds).
Test Case '-[AudioCommonTests.HuggingFaceDownloaderTests testStallTimeoutDefaultIsEndUserTuned]' started.
Test Case '-[AudioCommonTests.HuggingFaceDownloaderTests testStallTimeoutDefaultIsEndUserTuned]' passed (0.001 seconds).
Test Case '-[AudioCommonTests.HuggingFaceDownloaderTests testWeightsExistReturnsFalseForDirectoryWithoutWeightFiles]' started.
Test Case '-[AudioCommonTests.HuggingFaceDownloaderTests testWeightsExistReturnsFalseForDirectoryWithoutWeightFiles]' passed (0.003 seconds).
Test Case '-[AudioCommonTests.HuggingFaceDownloaderTests testWeightsExistReturnsFalseForEmptyDirectory]' started.
Test Case '-[AudioCommonTests.HuggingFaceDownloaderTests testWeightsExistReturnsFalseForEmptyDirectory]' passed (0.000 seconds).
Test Case '-[AudioCommonTests.HuggingFaceDownloaderTests testWeightsExistReturnsFalseForNonexistentDirectory]' started.
Test Case '-[AudioCommonTests.HuggingFaceDownloaderTests testWeightsExistReturnsFalseForNonexistentDirectory]' passed (0.000 seconds).
Test Case '-[AudioCommonTests.HuggingFaceDownloaderTests testWeightsExistReturnsTrueForMixedSafetensorsAndMlmodelc]' started.
Test Case '-[AudioCommonTests.HuggingFaceDownloaderTests testWeightsExistReturnsTrueForMixedSafetensorsAndMlmodelc]' passed (0.002 seconds).
Test Case '-[AudioCommonTests.HuggingFaceDownloaderTests testWeightsExistReturnsTrueForMlmodelcDirectory]' started.
Test Case '-[AudioCommonTests.HuggingFaceDownloaderTests testWeightsExistReturnsTrueForMlmodelcDirectory]' passed (0.001 seconds).
Test Case '-[AudioCommonTests.HuggingFaceDownloaderTests testWeightsExistReturnsTrueForMlpackageDirectory]' started.
Test Case '-[AudioCommonTests.HuggingFaceDownloaderTests testWeightsExistReturnsTrueForMlpackageDirectory]' passed (0.001 seconds).
Test Case '-[AudioCommonTests.HuggingFaceDownloaderTests testWeightsExistReturnsTrueForMultipleMlmodelcDirs]' started.
Test Case '-[AudioCommonTests.HuggingFaceDownloaderTests testWeightsExistReturnsTrueForMultipleMlmodelcDirs]' passed (0.001 seconds).
Test Case '-[AudioCommonTests.HuggingFaceDownloaderTests testWeightsExistReturnsTrueForSafetensors]' started.
Test Case '-[AudioCommonTests.HuggingFaceDownloaderTests testWeightsExistReturnsTrueForSafetensors]' passed (0.001 seconds).
Test Suite 'HuggingFaceDownloaderTests' passed at 2026-07-27 07:36:32.394.
	 Executed 34 tests, with 0 failures (0 unexpected) in 2.814 (2.817) seconds
Test Suite 'ICLVoiceCloningTests' started at 2026-07-27 07:36:32.394.
Test Case '-[Qwen3TTSTests.ICLVoiceCloningTests testEncoderBlockDimensions]' started.
Test Case '-[Qwen3TTSTests.ICLVoiceCloningTests testEncoderBlockDimensions]' passed (0.006 seconds).
Test Case '-[Qwen3TTSTests.ICLVoiceCloningTests testEncoderConstruction]' started.
Test Case '-[Qwen3TTSTests.ICLVoiceCloningTests testEncoderConstruction]' passed (0.004 seconds).
Test Case '-[Qwen3TTSTests.ICLVoiceCloningTests testICLMethodExists]' started.
Test Case '-[Qwen3TTSTests.ICLVoiceCloningTests testICLMethodExists]' passed (0.001 seconds).
Test Case '-[Qwen3TTSTests.ICLVoiceCloningTests testRVQEncode]' started.
Test Case '-[Qwen3TTSTests.ICLVoiceCloningTests testRVQEncode]' passed (0.007 seconds).
Test Case '-[Qwen3TTSTests.ICLVoiceCloningTests testSplitRVQEncode]' started.
Test Case '-[Qwen3TTSTests.ICLVoiceCloningTests testSplitRVQEncode]' passed (0.009 seconds).
Test Case '-[Qwen3TTSTests.ICLVoiceCloningTests testVectorQuantizerCodebookEncode]' started.
Test Case '-[Qwen3TTSTests.ICLVoiceCloningTests testVectorQuantizerCodebookEncode]' passed (0.001 seconds).
Test Case '-[Qwen3TTSTests.ICLVoiceCloningTests testVectorQuantizerRoundTrip]' started.
Test Case '-[Qwen3TTSTests.ICLVoiceCloningTests testVectorQuantizerRoundTrip]' passed (0.001 seconds).
Test Suite 'ICLVoiceCloningTests' passed at 2026-07-27 07:36:32.424.
	 Executed 7 tests, with 0 failures (0 unexpected) in 0.029 (0.029) seconds
Test Suite 'IndexTTS2KVCacheTests' started at 2026-07-27 07:36:32.424.
Test Case '-[IndexTTS2TTSTests.IndexTTS2KVCacheTests testBatchedCacheMatchesConcatReferenceAcrossChunkGrowth]' started.
Test Case '-[IndexTTS2TTSTests.IndexTTS2KVCacheTests testBatchedCacheMatchesConcatReferenceAcrossChunkGrowth]' passed (0.011 seconds).
Test Case '-[IndexTTS2TTSTests.IndexTTS2KVCacheTests testBatchedCachePromotesHalfPrecisionHistoryToFloat32]' started.
Test Case '-[IndexTTS2TTSTests.IndexTTS2KVCacheTests testBatchedCachePromotesHalfPrecisionHistoryToFloat32]' passed (0.001 seconds).
Test Case '-[IndexTTS2TTSTests.IndexTTS2KVCacheTests testReorderRowsMatchesGatherAndIdentityIsNoOp]' started.
Test Case '-[IndexTTS2TTSTests.IndexTTS2KVCacheTests testReorderRowsMatchesGatherAndIdentityIsNoOp]' passed (0.001 seconds).
Test Suite 'IndexTTS2KVCacheTests' passed at 2026-07-27 07:36:32.436.
	 Executed 3 tests, with 0 failures (0 unexpected) in 0.013 (0.013) seconds
Test Suite 'IndexTTS2TTSTests' started at 2026-07-27 07:36:32.436.
Test Case '-[IndexTTS2TTSTests.IndexTTS2TTSTests testBundleLoaderValidatesCopiedFiles]' started.
Test Case '-[IndexTTS2TTSTests.IndexTTS2TTSTests testBundleLoaderValidatesCopiedFiles]' passed (0.002 seconds).
Test Case '-[IndexTTS2TTSTests.IndexTTS2TTSTests testIndexTTS2BundleLoadsAndReportsMetadata]' started.
Test Case '-[IndexTTS2TTSTests.IndexTTS2TTSTests testIndexTTS2BundleLoadsAndReportsMetadata]' passed (0.001 seconds).
Test Case '-[IndexTTS2TTSTests.IndexTTS2TTSTests testIndexTTS2BundleRejectsWrongManifestKey]' started.
Test Case '-[IndexTTS2TTSTests.IndexTTS2TTSTests testIndexTTS2BundleRejectsWrongManifestKey]' passed (0.001 seconds).
Test Case '-[IndexTTS2TTSTests.IndexTTS2TTSTests testIndexTTS2DocumentsAuxiliaryModelsNeededForNativePort]' started.
Test Case '-[IndexTTS2TTSTests.IndexTTS2TTSTests testIndexTTS2DocumentsAuxiliaryModelsNeededForNativePort]' passed (0.000 seconds).
Test Case '-[IndexTTS2TTSTests.IndexTTS2TTSTests testIndexTTS2EmotionPresetVectors]' started.
Test Case '-[IndexTTS2TTSTests.IndexTTS2TTSTests testIndexTTS2EmotionPresetVectors]' passed (0.000 seconds).
Test Case '-[IndexTTS2TTSTests.IndexTTS2TTSTests testIndexTTS2EmotionVectorValidation]' started.
Test Case '-[IndexTTS2TTSTests.IndexTTS2TTSTests testIndexTTS2EmotionVectorValidation]' passed (0.000 seconds).
Test Case '-[IndexTTS2TTSTests.IndexTTS2TTSTests testIndexTTS2PauseCompressorCapsInternalSilence]' started.
Test Case '-[IndexTTS2TTSTests.IndexTTS2TTSTests testIndexTTS2PauseCompressorCapsInternalSilence]' passed (0.000 seconds).
Test Case '-[IndexTTS2TTSTests.IndexTTS2TTSTests testIndexTTS2ProtocolGenerateRequiresReferenceAudio]' started.
Test Case '-[IndexTTS2TTSTests.IndexTTS2TTSTests testIndexTTS2ProtocolGenerateRequiresReferenceAudio]' passed (0.001 seconds).
Test Case '-[IndexTTS2TTSTests.IndexTTS2TTSTests testIndexTTS2RuntimeConfigParsesUpstreamYamlShape]' started.
Test Case '-[IndexTTS2TTSTests.IndexTTS2TTSTests testIndexTTS2RuntimeConfigParsesUpstreamYamlShape]' passed (0.001 seconds).
Test Case '-[IndexTTS2TTSTests.IndexTTS2TTSTests testIndexTTS2SynthesisOptionsValidateSpeakingRate]' started.
Test Case '-[IndexTTS2TTSTests.IndexTTS2TTSTests testIndexTTS2SynthesisOptionsValidateSpeakingRate]' passed (0.000 seconds).
Test Case '-[IndexTTS2TTSTests.IndexTTS2TTSTests testIndexTTS2TokenizerUsesSentencePieceScores]' started.
Test Case '-[IndexTTS2TTSTests.IndexTTS2TTSTests testIndexTTS2TokenizerUsesSentencePieceScores]' passed (0.000 seconds).
Test Case '-[IndexTTS2TTSTests.IndexTTS2TTSTests testManifestDecodesAuxiliaryModels]' started.
Test Case '-[IndexTTS2TTSTests.IndexTTS2TTSTests testManifestDecodesAuxiliaryModels]' passed (0.001 seconds).
Test Case '-[IndexTTS2TTSTests.IndexTTS2TTSTests testUnloadClearsMemoryFootprint]' started.
Test Case '-[IndexTTS2TTSTests.IndexTTS2TTSTests testUnloadClearsMemoryFootprint]' passed (0.001 seconds).
Test Suite 'IndexTTS2TTSTests' passed at 2026-07-27 07:36:32.444.
	 Executed 13 tests, with 0 failures (0 unexpected) in 0.007 (0.008) seconds
Test Suite 'IndicMioRuntimeTests' started at 2026-07-27 07:36:32.444.
Test Case '-[IndicMioTTSTests.IndicMioRuntimeTests testDecodePlanUsesTwentyFiveHzCodecRate]' started.
Test Case '-[IndicMioTTSTests.IndicMioRuntimeTests testDecodePlanUsesTwentyFiveHzCodecRate]' passed (0.000 seconds).
Test Case '-[IndicMioTTSTests.IndicMioRuntimeTests testMioCodecFSQDecode]' started.
Test Case '-[IndicMioTTSTests.IndicMioRuntimeTests testMioCodecFSQDecode]' passed (0.002 seconds).
Test Case '-[IndicMioTTSTests.IndicMioRuntimeTests testModelConfigParsesIndicMioShape]' started.
Test Case '-[IndicMioTTSTests.IndicMioRuntimeTests testModelConfigParsesIndicMioShape]' passed (0.001 seconds).
Test Case '-[IndicMioTTSTests.IndicMioRuntimeTests testPromptRejectsUnsupportedAngleMarker]' started.
Test Case '-[IndicMioTTSTests.IndicMioRuntimeTests testPromptRejectsUnsupportedAngleMarker]' passed (0.000 seconds).
Test Case '-[IndicMioTTSTests.IndicMioRuntimeTests testPromptUsesIndicMioChatTemplate]' started.
Test Case '-[IndicMioTTSTests.IndicMioRuntimeTests testPromptUsesIndicMioChatTemplate]' passed (0.000 seconds).
Test Case '-[IndicMioTTSTests.IndicMioRuntimeTests testReferenceEncoderUsesSoniqoSafetensorsCompanionId]' started.
Test Case '-[IndicMioTTSTests.IndicMioRuntimeTests testReferenceEncoderUsesSoniqoSafetensorsCompanionId]' passed (0.000 seconds).
Test Case '-[IndicMioTTSTests.IndicMioRuntimeTests testSpeechTokenMappingUsesIndicMioOffset]' started.
Test Case '-[IndicMioTTSTests.IndicMioRuntimeTests testSpeechTokenMappingUsesIndicMioOffset]' passed (0.000 seconds).
Test Case '-[IndicMioTTSTests.IndicMioRuntimeTests testWavLMFeatureExtractorMinimumInputLength]' started.
Test Case '-[IndicMioTTSTests.IndicMioRuntimeTests testWavLMFeatureExtractorMinimumInputLength]' passed (0.002 seconds).
Test Suite 'IndicMioRuntimeTests' passed at 2026-07-27 07:36:32.451.
	 Executed 8 tests, with 0 failures (0 unexpected) in 0.006 (0.006) seconds
Test Suite 'InputConstructionTests' started at 2026-07-27 07:36:32.451.
Test Case '-[OmniVoiceTTSTests.InputConstructionTests testApplyEdgeFadesKeepsLengthAndFadesEdges]' started.
Test Case '-[OmniVoiceTTSTests.InputConstructionTests testApplyEdgeFadesKeepsLengthAndFadesEdges]' passed (0.000 seconds).
Test Case '-[OmniVoiceTTSTests.InputConstructionTests testBuildInputsMatchesGolden]' started.
/Users/ivan/repos/speech-swift-tts-download/Tests/OmniVoiceTTSTests/InputConstructionTests.swift:66: -[OmniVoiceTTSTests.InputConstructionTests testBuildInputsMatchesGolden] : Test skipped - missing /tmp/omnivoice-mlx/tokenizer.json
Test Case '-[OmniVoiceTTSTests.InputConstructionTests testBuildInputsMatchesGolden]' skipped (0.000 seconds).
Test Case '-[OmniVoiceTTSTests.InputConstructionTests testDurationEstimatorBasic]' started.
Test Case '-[OmniVoiceTTSTests.InputConstructionTests testDurationEstimatorBasic]' passed (0.000 seconds).
Test Case '-[OmniVoiceTTSTests.InputConstructionTests testReferencePacedTargetTokenEstimator]' started.
Test Case '-[OmniVoiceTTSTests.InputConstructionTests testReferencePacedTargetTokenEstimator]' passed (0.000 seconds).
Test Case '-[OmniVoiceTTSTests.InputConstructionTests testSpecialTokenIds]' started.
/Users/ivan/repos/speech-swift-tts-download/Tests/OmniVoiceTTSTests/InputConstructionTests.swift:35: -[OmniVoiceTTSTests.InputConstructionTests testSpecialTokenIds] : Test skipped - missing /tmp/omnivoice-mlx/tokenizer.json
Test Case '-[OmniVoiceTTSTests.InputConstructionTests testSpecialTokenIds]' skipped (0.000 seconds).
Test Case '-[OmniVoiceTTSTests.InputConstructionTests testTrimLeadingNoiseKeepsShortLeadInBeforeSustainedSpeech]' started.
Test Case '-[OmniVoiceTTSTests.InputConstructionTests testTrimLeadingNoiseKeepsShortLeadInBeforeSustainedSpeech]' passed (0.000 seconds).
Test Case '-[OmniVoiceTTSTests.InputConstructionTests testTrimLeadingNoiseLeavesSilentClipUnchanged]' started.
Test Case '-[OmniVoiceTTSTests.InputConstructionTests testTrimLeadingNoiseLeavesSilentClipUnchanged]' passed (0.000 seconds).
Test Suite 'InputConstructionTests' passed at 2026-07-27 07:36:32.452.
	 Executed 7 tests, with 2 tests skipped and 0 failures (0 unexpected) in 0.001 (0.001) seconds
Test Suite 'JapanesePhonemeizerTests' started at 2026-07-27 07:36:32.452.
Test Case '-[KokoroTTSTests.JapanesePhonemeizerTests testDigraphKatakana]' started.
Test Case '-[KokoroTTSTests.JapanesePhonemeizerTests testDigraphKatakana]' passed (0.000 seconds).
Test Case '-[KokoroTTSTests.JapanesePhonemeizerTests testDigraphPriority]' started.
Test Case '-[KokoroTTSTests.JapanesePhonemeizerTests testDigraphPriority]' passed (0.000 seconds).
Test Case '-[KokoroTTSTests.JapanesePhonemeizerTests testJapanesePhonemizerKanji]' started.
Test Case '-[KokoroTTSTests.JapanesePhonemeizerTests testJapanesePhonemizerKanji]' passed (0.002 seconds).
Test Case '-[KokoroTTSTests.JapanesePhonemeizerTests testJapanesePhonemizerProducesOutput]' started.
Test Case '-[KokoroTTSTests.JapanesePhonemeizerTests testJapanesePhonemizerProducesOutput]' passed (0.000 seconds).
Test Case '-[KokoroTTSTests.JapanesePhonemeizerTests testJapanesePhonemizerPunctuation]' started.
Test Case '-[KokoroTTSTests.JapanesePhonemeizerTests testJapanesePhonemizerPunctuation]' passed (0.000 seconds).
Test Case '-[KokoroTTSTests.JapanesePhonemeizerTests testKatakanaSequence]' started.
Test Case '-[KokoroTTSTests.JapanesePhonemeizerTests testKatakanaSequence]' passed (0.000 seconds).
Test Case '-[KokoroTTSTests.JapanesePhonemeizerTests testRomajiToKatakana]' started.
Test Case '-[KokoroTTSTests.JapanesePhonemeizerTests testRomajiToKatakana]' passed (0.000 seconds).
Test Case '-[KokoroTTSTests.JapanesePhonemeizerTests testSingleKatakana]' started.
Test Case '-[KokoroTTSTests.JapanesePhonemeizerTests testSingleKatakana]' passed (0.000 seconds).
Test Case '-[KokoroTTSTests.JapanesePhonemeizerTests testSpecialKatakana]' started.
Test Case '-[KokoroTTSTests.JapanesePhonemeizerTests testSpecialKatakana]' passed (0.000 seconds).
Test Suite 'JapanesePhonemeizerTests' passed at 2026-07-27 07:36:32.455.
	 Executed 9 tests, with 0 failures (0 unexpected) in 0.003 (0.003) seconds
Test Suite 'KVCacheTests' started at 2026-07-27 07:36:32.455.
Test Case '-[PersonaPlexTests.KVCacheTests testPreAllocatedBasic]' started.
Test Case '-[PersonaPlexTests.KVCacheTests testPreAllocatedBasic]' passed (0.000 seconds).
Test Case '-[PersonaPlexTests.KVCacheTests testPreAllocatedCapacityLimit]' started.
Test Case '-[PersonaPlexTests.KVCacheTests testPreAllocatedCapacityLimit]' passed (0.000 seconds).
Test Case '-[PersonaPlexTests.KVCacheTests testPreAllocatedFasterThanConcat]' started.
Test Case '-[PersonaPlexTests.KVCacheTests testPreAllocatedFasterThanConcat]' passed (0.303 seconds).
Test Case '-[PersonaPlexTests.KVCacheTests testPreAllocatedMultipleSteps]' started.
Test Case '-[PersonaPlexTests.KVCacheTests testPreAllocatedMultipleSteps]' passed (0.001 seconds).
Test Case '-[PersonaPlexTests.KVCacheTests testPreAllocatedPrefill]' started.
Test Case '-[PersonaPlexTests.KVCacheTests testPreAllocatedPrefill]' passed (0.000 seconds).
Test Case '-[PersonaPlexTests.KVCacheTests testPreAllocatedTrim]' started.
Test Case '-[PersonaPlexTests.KVCacheTests testPreAllocatedTrim]' passed (0.000 seconds).
Test Case '-[PersonaPlexTests.KVCacheTests testSimpleCacheStillWorks]' started.
Test Case '-[PersonaPlexTests.KVCacheTests testSimpleCacheStillWorks]' passed (0.000 seconds).
Test Suite 'KVCacheTests' passed at 2026-07-27 07:36:32.761.
	 Executed 7 tests, with 0 failures (0 unexpected) in 0.305 (0.306) seconds
Test Suite 'KWSVocabularyTests' started at 2026-07-27 07:36:32.761.
Test Case '-[SpeechWakeWordTests.KWSVocabularyTests testDecodeSkipsUnknownIds]' started.
Test Case '-[SpeechWakeWordTests.KWSVocabularyTests testDecodeSkipsUnknownIds]' passed (0.003 seconds).
Test Case '-[SpeechWakeWordTests.KWSVocabularyTests testDecodeSubwordConcat]' started.
Test Case '-[SpeechWakeWordTests.KWSVocabularyTests testDecodeSubwordConcat]' passed (0.000 seconds).
Test Case '-[SpeechWakeWordTests.KWSVocabularyTests testDecodeWithWordMarkers]' started.
Test Case '-[SpeechWakeWordTests.KWSVocabularyTests testDecodeWithWordMarkers]' passed (0.000 seconds).
Test Case '-[SpeechWakeWordTests.KWSVocabularyTests testLoadFromFile]' started.
Test Case '-[SpeechWakeWordTests.KWSVocabularyTests testLoadFromFile]' passed (0.001 seconds).
Test Suite 'KWSVocabularyTests' passed at 2026-07-27 07:36:32.765.
	 Executed 4 tests, with 0 failures (0 unexpected) in 0.004 (0.005) seconds
Test Suite 'KWSZipformerConfigTests' started at 2026-07-27 07:36:32.765.
Test Case '-[SpeechWakeWordTests.KWSZipformerConfigTests testCodableRoundTrip]' started.
Test Case '-[SpeechWakeWordTests.KWSZipformerConfigTests testCodableRoundTrip]' passed (0.001 seconds).
Test Case '-[SpeechWakeWordTests.KWSZipformerConfigTests testDefaults]' started.
Test Case '-[SpeechWakeWordTests.KWSZipformerConfigTests testDefaults]' passed (0.000 seconds).
Test Case '-[SpeechWakeWordTests.KWSZipformerConfigTests testKeywordSpecDefaults]' started.
Test Case '-[SpeechWakeWordTests.KWSZipformerConfigTests testKeywordSpecDefaults]' passed (0.000 seconds).
Test Case '-[SpeechWakeWordTests.KWSZipformerConfigTests testModelIdConstant]' started.
Test Case '-[SpeechWakeWordTests.KWSZipformerConfigTests testModelIdConstant]' passed (0.000 seconds).
Test Suite 'KWSZipformerConfigTests' passed at 2026-07-27 07:36:32.767.
	 Executed 4 tests, with 0 failures (0 unexpected) in 0.001 (0.001) seconds
Test Suite 'KaldiFbankTests' started at 2026-07-27 07:36:32.767.
Test Case '-[SpeechWakeWordTests.KaldiFbankTests testFrameCountSilence]' started.
Test Case '-[SpeechWakeWordTests.KaldiFbankTests testFrameCountSilence]' passed (0.002 seconds).
Test Case '-[SpeechWakeWordTests.KaldiFbankTests testFrameCountSnipEdges]' started.
Test Case '-[SpeechWakeWordTests.KaldiFbankTests testFrameCountSnipEdges]' passed (0.002 seconds).
Test Case '-[SpeechWakeWordTests.KaldiFbankTests testParityWithKaldiNativeFbank]' started.
Test Case '-[SpeechWakeWordTests.KaldiFbankTests testParityWithKaldiNativeFbank]' passed (0.014 seconds).
Test Case '-[SpeechWakeWordTests.KaldiFbankTests testSilenceIsFiniteNonPositive]' started.
Test Case '-[SpeechWakeWordTests.KaldiFbankTests testSilenceIsFiniteNonPositive]' passed (0.016 seconds).
Test Case '-[SpeechWakeWordTests.KaldiFbankTests testSineWaveProducesFiniteEnergy]' started.
Test Case '-[SpeechWakeWordTests.KaldiFbankTests testSineWaveProducesFiniteEnergy]' passed (0.015 seconds).
Test Case '-[SpeechWakeWordTests.KaldiFbankTests testStreamingMatchesBatch]' started.
Test Case '-[SpeechWakeWordTests.KaldiFbankTests testStreamingMatchesBatch]' passed (0.027 seconds).
Test Case '-[SpeechWakeWordTests.KaldiFbankTests testStreamingResetRestartsFromScratch]' started.
Test Case '-[SpeechWakeWordTests.KaldiFbankTests testStreamingResetRestartsFromScratch]' passed (0.013 seconds).
Test Case '-[SpeechWakeWordTests.KaldiFbankTests testStreamingTrimsBuffer]' started.
Test Case '-[SpeechWakeWordTests.KaldiFbankTests testStreamingTrimsBuffer]' passed (0.697 seconds).
Test Case '-[SpeechWakeWordTests.KaldiFbankTests testZeroInputYieldsEmpty]' started.
Test Case '-[SpeechWakeWordTests.KaldiFbankTests testZeroInputYieldsEmpty]' passed (0.002 seconds).
Test Suite 'KaldiFbankTests' passed at 2026-07-27 07:36:33.555.
	 Executed 9 tests, with 0 failures (0 unexpected) in 0.787 (0.788) seconds
Test Suite 'KokoroTTSTests' started at 2026-07-27 07:36:33.555.
Test Case '-[KokoroTTSTests.KokoroTTSTests testConfigCodable]' started.
Test Case '-[KokoroTTSTests.KokoroTTSTests testConfigCodable]' passed (0.000 seconds).
Test Case '-[KokoroTTSTests.KokoroTTSTests testDefaultConfig]' started.
Test Case '-[KokoroTTSTests.KokoroTTSTests testDefaultConfig]' passed (0.000 seconds).
Test Case '-[KokoroTTSTests.KokoroTTSTests testDefaultModelId]' started.
Test Case '-[KokoroTTSTests.KokoroTTSTests testDefaultModelId]' passed (0.000 seconds).
Test Case '-[KokoroTTSTests.KokoroTTSTests testPhonemizerPadding]' started.
Test Case '-[KokoroTTSTests.KokoroTTSTests testPhonemizerPadding]' passed (0.005 seconds).
Test Case '-[KokoroTTSTests.KokoroTTSTests testPhonemizerTokenize]' started.
Test Case '-[KokoroTTSTests.KokoroTTSTests testPhonemizerTokenize]' passed (0.031 seconds).
Test Case '-[KokoroTTSTests.KokoroTTSTests testPhonemizerTruncation]' started.
Test Case '-[KokoroTTSTests.KokoroTTSTests testPhonemizerTruncation]' passed (0.030 seconds).
Test Case '-[KokoroTTSTests.KokoroTTSTests testPhonemizerUnknownChars]' started.
Test Case '-[KokoroTTSTests.KokoroTTSTests testPhonemizerUnknownChars]' passed (0.028 seconds).
Test Suite 'KokoroTTSTests' passed at 2026-07-27 07:36:33.650.
	 Executed 7 tests, with 0 failures (0 unexpected) in 0.094 (0.095) seconds
Test Suite 'LSTMCellTests' started at 2026-07-27 07:36:33.650.
Test Case '-[SourceSeparationTests.LSTMCellTests testBiLSTMLayerOutputShape]' started.
Test Case '-[SourceSeparationTests.LSTMCellTests testBiLSTMLayerOutputShape]' passed (0.003 seconds).
Test Case '-[SourceSeparationTests.LSTMCellTests testBiLSTMStackOutputShape]' started.
Test Case '-[SourceSeparationTests.LSTMCellTests testBiLSTMStackOutputShape]' passed (0.010 seconds).
Test Case '-[SourceSeparationTests.LSTMCellTests testLSTMCellFusedEqualsUnfused]' started.
Test Case '-[SourceSeparationTests.LSTMCellTests testLSTMCellFusedEqualsUnfused]' passed (0.006 seconds).
Test Case '-[SourceSeparationTests.LSTMCellTests testLSTMCellOutputShape]' started.
Test Case '-[SourceSeparationTests.LSTMCellTests testLSTMCellOutputShape]' passed (0.001 seconds).
Test Suite 'LSTMCellTests' passed at 2026-07-27 07:36:33.669.
	 Executed 4 tests, with 0 failures (0 unexpected) in 0.019 (0.019) seconds
Test Suite 'LatinPhonemizerTests' started at 2026-07-27 07:36:33.669.
Test Case '-[KokoroTTSTests.LatinPhonemizerTests testFrenchBasic]' started.
Test Case '-[KokoroTTSTests.LatinPhonemizerTests testFrenchBasic]' passed (0.000 seconds).
Test Case '-[KokoroTTSTests.LatinPhonemizerTests testFrenchNasalVowels]' started.
Test Case '-[KokoroTTSTests.LatinPhonemizerTests testFrenchNasalVowels]' passed (0.000 seconds).
Test Case '-[KokoroTTSTests.LatinPhonemizerTests testPortugueseBasic]' started.
Test Case '-[KokoroTTSTests.LatinPhonemizerTests testPortugueseBasic]' passed (0.000 seconds).
Test Case '-[KokoroTTSTests.LatinPhonemizerTests testPunctuation]' started.
Test Case '-[KokoroTTSTests.LatinPhonemizerTests testPunctuation]' passed (0.000 seconds).
Test Case '-[KokoroTTSTests.LatinPhonemizerTests testSpanishBasic]' started.
Test Case '-[KokoroTTSTests.LatinPhonemizerTests testSpanishBasic]' passed (0.000 seconds).
Test Case '-[KokoroTTSTests.LatinPhonemizerTests testSpanishContextRules]' started.
Test Case '-[KokoroTTSTests.LatinPhonemizerTests testSpanishContextRules]' passed (0.000 seconds).
Test Suite 'LatinPhonemizerTests' passed at 2026-07-27 07:36:33.670.
	 Executed 6 tests, with 0 failures (0 unexpected) in 0.001 (0.001) seconds
Test Suite 'LocalVQEAECTests' started at 2026-07-27 07:36:33.670.
Test Case '-[SpeechEnhancementTests.LocalVQEAECTests testBatchRejectsUnsynchronizedInputsBeforeResettingState]' started.
Test Case '-[SpeechEnhancementTests.LocalVQEAECTests testBatchRejectsUnsynchronizedInputsBeforeResettingState]' passed (0.001 seconds).
Test Case '-[SpeechEnhancementTests.LocalVQEAECTests testOfflineDelayPrimingFindsDelayedReference]' started.
Test Case '-[SpeechEnhancementTests.LocalVQEAECTests testOfflineDelayPrimingFindsDelayedReference]' passed (0.046 seconds).
Test Case '-[SpeechEnhancementTests.LocalVQEAECTests testProcessFrameRejectsMissingOrNonFiniteStreams]' started.
Test Case '-[SpeechEnhancementTests.LocalVQEAECTests testProcessFrameRejectsMissingOrNonFiniteStreams]' passed (0.001 seconds).
Test Case '-[SpeechEnhancementTests.LocalVQEAECTests testPublicConstantsPinNativeStreamingContract]' started.
Test Case '-[SpeechEnhancementTests.LocalVQEAECTests testPublicConstantsPinNativeStreamingContract]' passed (0.000 seconds).
Test Case '-[SpeechEnhancementTests.LocalVQEAECTests testResetRestoresAllStreamingState]' started.
Test Case '-[SpeechEnhancementTests.LocalVQEAECTests testResetRestoresAllStreamingState]' passed (0.013 seconds).
Test Case '-[SpeechEnhancementTests.LocalVQEAECTests testSilentReferenceDoesNotMuteMicrophone]' started.
Test Case '-[SpeechEnhancementTests.LocalVQEAECTests testSilentReferenceDoesNotMuteMicrophone]' passed (0.008 seconds).
Test Suite 'LocalVQEAECTests' passed at 2026-07-27 07:36:33.739.
	 Executed 6 tests, with 0 failures (0 unexpected) in 0.069 (0.069) seconds
Test Suite 'LongFormSplitTests' started at 2026-07-27 07:36:33.739.
Test Case '-[CosyVoiceTTSTests.LongFormSplitTests testCleanCloneOutputFadesEdgesWithoutTrimming]' started.
Test Case '-[CosyVoiceTTSTests.LongFormSplitTests testCleanCloneOutputFadesEdgesWithoutTrimming]' passed (0.000 seconds).
Test Case '-[CosyVoiceTTSTests.LongFormSplitTests testEmptyInputReturnsEmpty]' started.
Test Case '-[CosyVoiceTTSTests.LongFormSplitTests testEmptyInputReturnsEmpty]' passed (0.000 seconds).
Test Case '-[CosyVoiceTTSTests.LongFormSplitTests testLongSentenceSplitsOnComma]' started.
Test Case '-[CosyVoiceTTSTests.LongFormSplitTests testLongSentenceSplitsOnComma]' passed (0.000 seconds).
Test Case '-[CosyVoiceTTSTests.LongFormSplitTests testNoPunctuationFallsBackToSingleSegment]' started.
Test Case '-[CosyVoiceTTSTests.LongFormSplitTests testNoPunctuationFallsBackToSingleSegment]' passed (0.000 seconds).
Test Case '-[CosyVoiceTTSTests.LongFormSplitTests testRealisticLongFormInput]' started.
Test Case '-[CosyVoiceTTSTests.LongFormSplitTests testRealisticLongFormInput]' passed (0.000 seconds).
Test Case '-[CosyVoiceTTSTests.LongFormSplitTests testRepeatedSplitsAreStable]' started.
Test Case '-[CosyVoiceTTSTests.LongFormSplitTests testRepeatedSplitsAreStable]' passed (0.000 seconds).
Test Case '-[CosyVoiceTTSTests.LongFormSplitTests testShortLeadFragmentMergesIntoNext]' started.
Test Case '-[CosyVoiceTTSTests.LongFormSplitTests testShortLeadFragmentMergesIntoNext]' passed (0.000 seconds).
Test Case '-[CosyVoiceTTSTests.LongFormSplitTests testShortQuestionLeadMergesIntoFollowingSentence]' started.
Test Case '-[CosyVoiceTTSTests.LongFormSplitTests testShortQuestionLeadMergesIntoFollowingSentence]' passed (0.000 seconds).
Test Case '-[CosyVoiceTTSTests.LongFormSplitTests testShortQuestionMergesForward]' started.
Test Case '-[CosyVoiceTTSTests.LongFormSplitTests testShortQuestionMergesForward]' passed (0.000 seconds).
Test Case '-[CosyVoiceTTSTests.LongFormSplitTests testSingleSentenceReturnsItself]' started.
Test Case '-[CosyVoiceTTSTests.LongFormSplitTests testSingleSentenceReturnsItself]' passed (0.000 seconds).
Test Case '-[CosyVoiceTTSTests.LongFormSplitTests testSplitsOnPeriod]' started.
Test Case '-[CosyVoiceTTSTests.LongFormSplitTests testSplitsOnPeriod]' passed (0.000 seconds).
Test Case '-[CosyVoiceTTSTests.LongFormSplitTests testSplitsOnQuestionMark]' started.
Test Case '-[CosyVoiceTTSTests.LongFormSplitTests testSplitsOnQuestionMark]' passed (0.000 seconds).
Test Case '-[CosyVoiceTTSTests.LongFormSplitTests testStitchLongFormSegmentsCollapsedMultiSegmentStillFades]' started.
Test Case '-[CosyVoiceTTSTests.LongFormSplitTests testStitchLongFormSegmentsCollapsedMultiSegmentStillFades]' passed (0.000 seconds).
Test Case '-[CosyVoiceTTSTests.LongFormSplitTests testStitchLongFormSegmentsFadesInsertedGapEdges]' started.
Test Case '-[CosyVoiceTTSTests.LongFormSplitTests testStitchLongFormSegmentsFadesInsertedGapEdges]' passed (0.000 seconds).
Test Case '-[CosyVoiceTTSTests.LongFormSplitTests testStitchLongFormSegmentsFadesTailOfSingleSegment]' started.
Test Case '-[CosyVoiceTTSTests.LongFormSplitTests testStitchLongFormSegmentsFadesTailOfSingleSegment]' passed (0.000 seconds).
Test Case '-[CosyVoiceTTSTests.LongFormSplitTests testTrailingTextWithoutTerminatorIsKept]' started.
Test Case '-[CosyVoiceTTSTests.LongFormSplitTests testTrailingTextWithoutTerminatorIsKept]' passed (0.000 seconds).
Test Case '-[CosyVoiceTTSTests.LongFormSplitTests testTwoVeryShortSegmentsMerge]' started.
Test Case '-[CosyVoiceTTSTests.LongFormSplitTests testTwoVeryShortSegmentsMerge]' passed (0.000 seconds).
Test Suite 'LongFormSplitTests' passed at 2026-07-27 07:36:33.742.
	 Executed 17 tests, with 0 failures (0 unexpected) in 0.002 (0.002) seconds
Test Suite 'MADLADTranslationConfigTests' started at 2026-07-27 07:36:33.742.
Test Case '-[MADLADTranslationTests.MADLADTranslationConfigTests testDecodeFromHFStyleJSON]' started.
Test Case '-[MADLADTranslationTests.MADLADTranslationConfigTests testDecodeFromHFStyleJSON]' passed (0.000 seconds).
Test Case '-[MADLADTranslationTests.MADLADTranslationConfigTests testDefault3BConfig]' started.
Test Case '-[MADLADTranslationTests.MADLADTranslationConfigTests testDefault3BConfig]' passed (0.000 seconds).
Test Case '-[MADLADTranslationTests.MADLADTranslationConfigTests testJSONRoundTrip]' started.
Test Case '-[MADLADTranslationTests.MADLADTranslationConfigTests testJSONRoundTrip]' passed (0.000 seconds).
Test Suite 'MADLADTranslationConfigTests' passed at 2026-07-27 07:36:33.742.
	 Executed 3 tests, with 0 failures (0 unexpected) in 0.001 (0.001) seconds
Test Suite 'MADLADTranslationErrorTests' started at 2026-07-27 07:36:33.742.
Test Case '-[MADLADTranslationTests.MADLADTranslationErrorTests testErrorDescriptions]' started.
Test Case '-[MADLADTranslationTests.MADLADTranslationErrorTests testErrorDescriptions]' passed (0.000 seconds).
Test Suite 'MADLADTranslationErrorTests' passed at 2026-07-27 07:36:33.743.
	 Executed 1 test, with 0 failures (0 unexpected) in 0.000 (0.000) seconds
Test Suite 'MAGNeTConfigTests' started at 2026-07-27 07:36:33.743.
Test Case '-[MAGNeTMusicGenTests.MAGNeTConfigTests testDecodeMediumInt8Config]' started.
Test Case '-[MAGNeTMusicGenTests.MAGNeTConfigTests testDecodeMediumInt8Config]' passed (0.000 seconds).
Test Case '-[MAGNeTMusicGenTests.MAGNeTConfigTests testVariantRepoIds]' started.
Test Case '-[MAGNeTMusicGenTests.MAGNeTConfigTests testVariantRepoIds]' passed (0.000 seconds).
Test Suite 'MAGNeTConfigTests' passed at 2026-07-27 07:36:33.743.
	 Executed 2 tests, with 0 failures (0 unexpected) in 0.001 (0.001) seconds
Test Suite 'MAGNeTEncodecConfigTests' started at 2026-07-27 07:36:33.743.
Test Case '-[MAGNeTMusicGenTests.MAGNeTEncodecConfigTests testDecodeEncodecConfig]' started.
Test Case '-[MAGNeTMusicGenTests.MAGNeTEncodecConfigTests testDecodeEncodecConfig]' passed (0.000 seconds).
Test Suite 'MAGNeTEncodecConfigTests' passed at 2026-07-27 07:36:33.743.
	 Executed 1 test, with 0 failures (0 unexpected) in 0.000 (0.000) seconds
Test Suite 'MAGNeTUtilitiesTests' started at 2026-07-27 07:36:33.743.
Test Case '-[MAGNeTMusicGenTests.MAGNeTUtilitiesTests testPositionsToMask]' started.
Test Case '-[MAGNeTMusicGenTests.MAGNeTUtilitiesTests testPositionsToMask]' passed (0.002 seconds).
Test Case '-[MAGNeTMusicGenTests.MAGNeTUtilitiesTests testSinEmbeddingShape]' started.
Test Case '-[MAGNeTMusicGenTests.MAGNeTUtilitiesTests testSinEmbeddingShape]' passed (0.001 seconds).
Test Case '-[MAGNeTMusicGenTests.MAGNeTUtilitiesTests testStageWriteOnlyTouchesTargetStage]' started.
Test Case '-[MAGNeTMusicGenTests.MAGNeTUtilitiesTests testStageWriteOnlyTouchesTargetStage]' passed (0.001 seconds).
Test Suite 'MAGNeTUtilitiesTests' passed at 2026-07-27 07:36:33.747.
	 Executed 3 tests, with 0 failures (0 unexpected) in 0.004 (0.004) seconds
Test Suite 'MTLTokenizerTests' started at 2026-07-27 07:36:33.747.
Test Case '-[ChatterboxTTSTests.MTLTokenizerTests testBenchmarkSentencesDoNotEmitUnknownTokens]' started.
Test Case '-[ChatterboxTTSTests.MTLTokenizerTests testBenchmarkSentencesDoNotEmitUnknownTokens]' passed (0.807 seconds).
Test Case '-[ChatterboxTTSTests.MTLTokenizerTests testChineseFrontendSegmentsWordsBeforeCangjie]' started.
Test Case '-[ChatterboxTTSTests.MTLTokenizerTests testChineseFrontendSegmentsWordsBeforeCangjie]' passed (0.818 seconds).
Test Case '-[ChatterboxTTSTests.MTLTokenizerTests testChineseUsesCangjieFrontendWhenMapIsAvailable]' started.
Test Case '-[ChatterboxTTSTests.MTLTokenizerTests testChineseUsesCangjieFrontendWhenMapIsAvailable]' passed (0.759 seconds).
Test Case '-[ChatterboxTTSTests.MTLTokenizerTests testEncodeMatchesReferenceGolden]' started.
Test Case '-[ChatterboxTTSTests.MTLTokenizerTests testEncodeMatchesReferenceGolden]' passed (0.851 seconds).
Test Case '-[ChatterboxTTSTests.MTLTokenizerTests testHebrewDiacriticsEncodeWithoutUnknownTokens]' started.
Test Case '-[ChatterboxTTSTests.MTLTokenizerTests testHebrewDiacriticsEncodeWithoutUnknownTokens]' passed (0.833 seconds).
Test Case '-[ChatterboxTTSTests.MTLTokenizerTests testHebrewRequiresDiacriticsForStrictEncoding]' started.
Test Case '-[ChatterboxTTSTests.MTLTokenizerTests testHebrewRequiresDiacriticsForStrictEncoding]' passed (0.779 seconds).
Test Case '-[ChatterboxTTSTests.MTLTokenizerTests testJapaneseUsesHiraganaFrontendForKanji]' started.
Test Case '-[ChatterboxTTSTests.MTLTokenizerTests testJapaneseUsesHiraganaFrontendForKanji]' passed (0.771 seconds).
Test Case '-[ChatterboxTTSTests.MTLTokenizerTests testLanguageSetsSeparateUpstreamFromRuntimeReadyFrontends]' started.
Test Case '-[ChatterboxTTSTests.MTLTokenizerTests testLanguageSetsSeparateUpstreamFromRuntimeReadyFrontends]' passed (0.883 seconds).
Test Case '-[ChatterboxTTSTests.MTLTokenizerTests testLanguageTokenPrepended]' started.
Test Case '-[ChatterboxTTSTests.MTLTokenizerTests testLanguageTokenPrepended]' passed (0.782 seconds).
Test Suite 'MTLTokenizerTests' passed at 2026-07-27 07:36:41.031.
	 Executed 9 tests, with 0 failures (0 unexpected) in 7.283 (7.283) seconds
Test Suite 'MagpieConfigTests' started at 2026-07-27 07:36:41.031.
Test Case '-[MagpieTTSTests.MagpieConfigTests testDecoderConfigParse]' started.
Test Case '-[MagpieTTSTests.MagpieConfigTests testDecoderConfigParse]' passed (0.003 seconds).
Test Case '-[MagpieTTSTests.MagpieConfigTests testLanguageCodes]' started.
Test Case '-[MagpieTTSTests.MagpieConfigTests testLanguageCodes]' passed (0.000 seconds).
Test Case '-[MagpieTTSTests.MagpieConfigTests testNanoCodecConfigParse]' started.
Test Case '-[MagpieTTSTests.MagpieConfigTests testNanoCodecConfigParse]' passed (0.000 seconds).
Test Case '-[MagpieTTSTests.MagpieConfigTests testParamsDefaults]' started.
Test Case '-[MagpieTTSTests.MagpieConfigTests testParamsDefaults]' passed (0.000 seconds).
Test Case '-[MagpieTTSTests.MagpieConfigTests testQuantizedDecoderConfigParse]' started.
Test Case '-[MagpieTTSTests.MagpieConfigTests testQuantizedDecoderConfigParse]' passed (0.000 seconds).
Test Case '-[MagpieTTSTests.MagpieConfigTests testSpeakerNames]' started.
Test Case '-[MagpieTTSTests.MagpieConfigTests testSpeakerNames]' passed (0.000 seconds).
Test Case '-[MagpieTTSTests.MagpieConfigTests testVariantHFIDs]' started.
Test Case '-[MagpieTTSTests.MagpieConfigTests testVariantHFIDs]' passed (0.000 seconds).
Test Suite 'MagpieConfigTests' passed at 2026-07-27 07:36:41.035.
	 Executed 7 tests, with 0 failures (0 unexpected) in 0.004 (0.004) seconds
Test Suite 'MagpieCoreMLConfigTests' started at 2026-07-27 07:36:41.035.
Test Case '-[MagpieTTSCoreMLTests.MagpieCoreMLConfigTests testFsqInverseBosCodeDecodesToZero]' started.
Test Case '-[MagpieTTSCoreMLTests.MagpieCoreMLConfigTests testFsqInverseBosCodeDecodesToZero]' passed (0.001 seconds).
Test Case '-[MagpieTTSCoreMLTests.MagpieCoreMLConfigTests testLanguageRoundTripExcludesJapanese]' started.
Test Case '-[MagpieTTSCoreMLTests.MagpieCoreMLConfigTests testLanguageRoundTripExcludesJapanese]' passed (0.000 seconds).
Test Case '-[MagpieTTSCoreMLTests.MagpieCoreMLConfigTests testParamsClampMaxStepsToARCap]' started.
Test Case '-[MagpieTTSCoreMLTests.MagpieCoreMLConfigTests testParamsClampMaxStepsToARCap]' passed (0.000 seconds).
Test Case '-[MagpieTTSCoreMLTests.MagpieCoreMLConfigTests testParamsDefaultsMatchMlx]' started.
Test Case '-[MagpieTTSCoreMLTests.MagpieCoreMLConfigTests testParamsDefaultsMatchMlx]' passed (0.000 seconds).
Test Case '-[MagpieTTSCoreMLTests.MagpieCoreMLConfigTests testSpeakerMlxBridge]' started.
Test Case '-[MagpieTTSCoreMLTests.MagpieCoreMLConfigTests testSpeakerMlxBridge]' passed (0.000 seconds).
Test Case '-[MagpieTTSCoreMLTests.MagpieCoreMLConfigTests testSpeakerNameLookup]' started.
Test Case '-[MagpieTTSCoreMLTests.MagpieCoreMLConfigTests testSpeakerNameLookup]' passed (0.000 seconds).
Test Case '-[MagpieTTSCoreMLTests.MagpieCoreMLConfigTests testSpeakerOrderingMatchesCoreMLBundle]' started.
Test Case '-[MagpieTTSCoreMLTests.MagpieCoreMLConfigTests testSpeakerOrderingMatchesCoreMLBundle]' passed (0.000 seconds).
Test Suite 'MagpieCoreMLConfigTests' passed at 2026-07-27 07:36:41.036.
	 Executed 7 tests, with 0 failures (0 unexpected) in 0.001 (0.001) seconds
Test Suite 'MagpieSamplingTests' started at 2026-07-27 07:36:41.036.
Test Case '-[MagpieTTSTests.MagpieSamplingTests testForbidIdsZeroesOutSpecificIndices]' started.
Test Case '-[MagpieTTSTests.MagpieSamplingTests testForbidIdsZeroesOutSpecificIndices]' passed (0.003 seconds).
Test Case '-[MagpieTTSTests.MagpieSamplingTests testGreedySampleSelectsArgmax]' started.
Test Case '-[MagpieTTSTests.MagpieSamplingTests testGreedySampleSelectsArgmax]' passed (0.002 seconds).
Test Case '-[MagpieTTSTests.MagpieSamplingTests testSampleWithSeedIsReproducible]' started.
Test Case '-[MagpieTTSTests.MagpieSamplingTests testSampleWithSeedIsReproducible]' passed (0.003 seconds).
Test Case '-[MagpieTTSTests.MagpieSamplingTests testTopKFilterKeepsTop2]' started.
Test Case '-[MagpieTTSTests.MagpieSamplingTests testTopKFilterKeepsTop2]' passed (0.000 seconds).
Test Suite 'MagpieSamplingTests' passed at 2026-07-27 07:36:41.044.
	 Executed 4 tests, with 0 failures (0 unexpected) in 0.008 (0.008) seconds
Test Suite 'MagpieTokenizerTests' started at 2026-07-27 07:36:41.044.
Test Case '-[MagpieTTSTests.MagpieTokenizerTests testCharLookup]' started.
Test Case '-[MagpieTTSTests.MagpieTokenizerTests testCharLookup]' passed (0.000 seconds).
Test Case '-[MagpieTTSTests.MagpieTokenizerTests testEmptyInput]' started.
Test Case '-[MagpieTTSTests.MagpieTokenizerTests testEmptyInput]' passed (0.267 seconds).
Test Case '-[MagpieTTSTests.MagpieTokenizerTests testEosIdMatchesShape]' started.
Test Case '-[MagpieTTSTests.MagpieTokenizerTests testEosIdMatchesShape]' passed (0.000 seconds).
Test Case '-[MagpieTTSTests.MagpieTokenizerTests testOOVFallback]' started.
Test Case '-[MagpieTTSTests.MagpieTokenizerTests testOOVFallback]' passed (0.000 seconds).
Test Case '-[MagpieTTSTests.MagpieTokenizerTests testPadWithSpaceWraps]' started.
Test Case '-[MagpieTTSTests.MagpieTokenizerTests testPadWithSpaceWraps]' passed (0.000 seconds).
Test Case '-[MagpieTTSTests.MagpieTokenizerTests testPunctuationLookedUp]' started.
Test Case '-[MagpieTTSTests.MagpieTokenizerTests testPunctuationLookedUp]' passed (0.000 seconds).
Test Suite 'MagpieTokenizerTests' passed at 2026-07-27 07:36:41.311.
	 Executed 6 tests, with 0 failures (0 unexpected) in 0.267 (0.267) seconds
Test Suite 'MagpieZhTokenizationTests' started at 2026-07-27 07:36:41.311.
Test Case '-[MagpieTTSTests.MagpieZhTokenizationTests testAsciiLettersUppercasedAndWhitespaceCollapsed]' started.
Test Case '-[MagpieTTSTests.MagpieZhTokenizationTests testAsciiLettersUppercasedAndWhitespaceCollapsed]' passed (0.004 seconds).
Test Case '-[MagpieTTSTests.MagpieZhTokenizationTests testHanGroupsEndWithToneMarkers]' started.
Test Case '-[MagpieTTSTests.MagpieZhTokenizationTests testHanGroupsEndWithToneMarkers]' passed (0.001 seconds).
Test Case '-[MagpieTTSTests.MagpieZhTokenizationTests testTokenizeEmitsNoInterSyllableSpaces]' started.
Test Case '-[MagpieTTSTests.MagpieZhTokenizationTests testTokenizeEmitsNoInterSyllableSpaces]' passed (0.001 seconds).
Test Suite 'MagpieZhTokenizationTests' passed at 2026-07-27 07:36:41.317.
	 Executed 3 tests, with 0 failures (0 unexpected) in 0.005 (0.005) seconds
Test Suite 'MelExtractorTests' started at 2026-07-27 07:36:41.317.
Test Case '-[CosyVoiceTTSTests.MelExtractorTests testFlowMelIsDeterministic]' started.
Test Case '-[CosyVoiceTTSTests.MelExtractorTests testFlowMelIsDeterministic]' passed (0.027 seconds).
Test Case '-[CosyVoiceTTSTests.MelExtractorTests testFlowMelNaturalLogRange]' started.
Test Case '-[CosyVoiceTTSTests.MelExtractorTests testFlowMelNaturalLogRange]' passed (0.024 seconds).
Test Case '-[CosyVoiceTTSTests.MelExtractorTests testFlowMelOutputShape]' started.
Test Case '-[CosyVoiceTTSTests.MelExtractorTests testFlowMelOutputShape]' passed (0.030 seconds).
Test Case '-[CosyVoiceTTSTests.MelExtractorTests testFlowMelSilenceSitsAtClampFloor]' started.
Test Case '-[CosyVoiceTTSTests.MelExtractorTests testFlowMelSilenceSitsAtClampFloor]' passed (0.021 seconds).
Test Case '-[CosyVoiceTTSTests.MelExtractorTests testWhisperAndFlowProduceDifferentNormalisations]' started.
Test Case '-[CosyVoiceTTSTests.MelExtractorTests testWhisperAndFlowProduceDifferentNormalisations]' passed (0.030 seconds).
Test Case '-[CosyVoiceTTSTests.MelExtractorTests testWhisperMelIsDeterministic]' started.
Test Case '-[CosyVoiceTTSTests.MelExtractorTests testWhisperMelIsDeterministic]' passed (0.019 seconds).
Test Case '-[CosyVoiceTTSTests.MelExtractorTests testWhisperMelOutputShape]' started.
Test Case '-[CosyVoiceTTSTests.MelExtractorTests testWhisperMelOutputShape]' passed (0.017 seconds).
Test Case '-[CosyVoiceTTSTests.MelExtractorTests testWhisperMelSilenceIsBoundedLow]' started.
Test Case '-[CosyVoiceTTSTests.MelExtractorTests testWhisperMelSilenceIsBoundedLow]' passed (0.012 seconds).
Test Case '-[CosyVoiceTTSTests.MelExtractorTests testWhisperMelSineHasHigherEnergyThanSilence]' started.
Test Case '-[CosyVoiceTTSTests.MelExtractorTests testWhisperMelSineHasHigherEnergyThanSilence]' passed (0.015 seconds).
Test Suite 'MelExtractorTests' passed at 2026-07-27 07:36:41.513.
	 Executed 9 tests, with 0 failures (0 unexpected) in 0.195 (0.196) seconds
Test Suite 'MelFrontEndTests' started at 2026-07-27 07:36:41.513.
Test Case '-[ChatterboxTTSTests.MelFrontEndTests testMelMatchesOracle]' started.
/Users/ivan/repos/speech-swift-tts-download/Tests/ChatterboxTTSTests/MelFrontEndTests.swift:21: -[ChatterboxTTSTests.MelFrontEndTests testMelMatchesOracle] : Test skipped - golden input /tmp/cbx_ve_input16k.f32 not present; run /tmp/cbx_ve_golden.py
Test Case '-[ChatterboxTTSTests.MelFrontEndTests testMelMatchesOracle]' skipped (0.000 seconds).
Test Suite 'MelFrontEndTests' passed at 2026-07-27 07:36:41.513.
	 Executed 1 test, with 1 test skipped and 0 failures (0 unexpected) in 0.000 (0.000) seconds
Test Suite 'MemoryManagementTests' started at 2026-07-27 07:36:41.513.
Test Case '-[Qwen3TTSTests.MemoryManagementTests testQwen3TTSUnload]' started.
Test Case '-[Qwen3TTSTests.MemoryManagementTests testQwen3TTSUnload]' passed (0.094 seconds).
Test Case '-[Qwen3TTSTests.MemoryManagementTests testUnloadIdempotent]' started.
Test Case '-[Qwen3TTSTests.MemoryManagementTests testUnloadIdempotent]' passed (0.037 seconds).
Test Suite 'MemoryManagementTests' passed at 2026-07-27 07:36:41.644.
	 Executed 2 tests, with 0 failures (0 unexpected) in 0.131 (0.131) seconds
Test Suite 'MemoryTierTests' started at 2026-07-27 07:36:41.644.
Test Case '-[SpeechCoreTests.MemoryTierTests testConstrainedTierFallsBackOnASR]' started.
Test Case '-[SpeechCoreTests.MemoryTierTests testConstrainedTierFallsBackOnASR]' passed (0.000 seconds).
Test Case '-[SpeechCoreTests.MemoryTierTests testDescriptionContainsTierName]' started.
Test Case '-[SpeechCoreTests.MemoryTierTests testDescriptionContainsTierName]' passed (0.000 seconds).
Test Case '-[SpeechCoreTests.MemoryTierTests testDescriptionNotEmpty]' started.
Test Case '-[SpeechCoreTests.MemoryTierTests testDescriptionNotEmpty]' passed (0.000 seconds).
Test Case '-[SpeechCoreTests.MemoryTierTests testDetectOnMacOS]' started.
Test Case '-[SpeechCoreTests.MemoryTierTests testDetectOnMacOS]' passed (0.000 seconds).
Test Case '-[SpeechCoreTests.MemoryTierTests testDetectReturnsValidTier]' started.
Test Case '-[SpeechCoreTests.MemoryTierTests testDetectReturnsValidTier]' passed (0.000 seconds).
Test Case '-[SpeechCoreTests.MemoryTierTests testFullTierEnablesEverything]' started.
Test Case '-[SpeechCoreTests.MemoryTierTests testFullTierEnablesEverything]' passed (0.000 seconds).
Test Case '-[SpeechCoreTests.MemoryTierTests testMinimalTierUsesOnlySystemTTS]' started.
Test Case '-[SpeechCoreTests.MemoryTierTests testMinimalTierUsesOnlySystemTTS]' passed (0.000 seconds).
Test Case '-[SpeechCoreTests.MemoryTierTests testRawValueRoundtrip]' started.
Test Case '-[SpeechCoreTests.MemoryTierTests testRawValueRoundtrip]' passed (0.000 seconds).
Test Case '-[SpeechCoreTests.MemoryTierTests testStandardTierEnablesCoreMLWithAutoUnload]' started.
Test Case '-[SpeechCoreTests.MemoryTierTests testStandardTierEnablesCoreMLWithAutoUnload]' passed (0.000 seconds).
Test Case '-[SpeechCoreTests.MemoryTierTests testTierCapabilityOrdering]' started.
Test Case '-[SpeechCoreTests.MemoryTierTests testTierCapabilityOrdering]' passed (0.000 seconds).
Test Suite 'MemoryTierTests' passed at 2026-07-27 07:36:41.645.
	 Executed 10 tests, with 0 failures (0 unexpected) in 0.001 (0.001) seconds
Test Suite 'MetallibScriptTests' started at 2026-07-27 07:36:41.645.
Test Case '-[Qwen3ASRTests.MetallibScriptTests testScriptExists]' started.
Test Case '-[Qwen3ASRTests.MetallibScriptTests testScriptExists]' passed (0.000 seconds).
Test Case '-[Qwen3ASRTests.MetallibScriptTests testScriptHasProperShebang]' started.
Test Case '-[Qwen3ASRTests.MetallibScriptTests testScriptHasProperShebang]' passed (0.000 seconds).
Test Case '-[Qwen3ASRTests.MetallibScriptTests testScriptIsExecutable]' started.
Test Case '-[Qwen3ASRTests.MetallibScriptTests testScriptIsExecutable]' passed (0.000 seconds).
Test Case '-[Qwen3ASRTests.MetallibScriptTests testScriptRejectsInvalidConfig]' started.
Test Case '-[Qwen3ASRTests.MetallibScriptTests testScriptRejectsInvalidConfig]' passed (0.064 seconds).
Test Suite 'MetallibScriptTests' passed at 2026-07-27 07:36:41.710.
	 Executed 4 tests, with 0 failures (0 unexpected) in 0.065 (0.065) seconds
Test Suite 'MicrophoneResamplingTests' started at 2026-07-27 07:36:41.710.
Test Case '-[AudioCommonTests.MicrophoneResamplingTests testStreamingConversionDoesNotAccumulatePerCallbackRoundingDrift]' started.
Test Case '-[AudioCommonTests.MicrophoneResamplingTests testStreamingConversionDoesNotAccumulatePerCallbackRoundingDrift]' passed (0.457 seconds).
Test Suite 'MicrophoneResamplingTests' passed at 2026-07-27 07:36:42.167.
	 Executed 1 test, with 0 failures (0 unexpected) in 0.457 (0.457) seconds
Test Suite 'ModelCacheDirectoryTests' started at 2026-07-27 07:36:42.167.
Test Case '-[PersonaPlexTests.ModelCacheDirectoryTests testModelCacheDirectoryEncodesRepoIdentifier]' started.
Test Case '-[PersonaPlexTests.ModelCacheDirectoryTests testModelCacheDirectoryEncodesRepoIdentifier]' passed (0.028 seconds).
Test Case '-[PersonaPlexTests.ModelCacheDirectoryTests testModelCacheDirectoryOnDefaultMatchesDefaultModelId]' started.
Test Case '-[PersonaPlexTests.ModelCacheDirectoryTests testModelCacheDirectoryOnDefaultMatchesDefaultModelId]' passed (0.018 seconds).
Test Case '-[PersonaPlexTests.ModelCacheDirectoryTests testModelCacheDirectoryReflectsModelId]' started.
Test Case '-[PersonaPlexTests.ModelCacheDirectoryTests testModelCacheDirectoryReflectsModelId]' passed (0.042 seconds).
Test Suite 'ModelCacheDirectoryTests' passed at 2026-07-27 07:36:42.255.
	 Executed 3 tests, with 0 failures (0 unexpected) in 0.088 (0.088) seconds
Test Suite 'ModelLoaderTests' started at 2026-07-27 07:36:42.255.
Test Case '-[AudioCommonTests.ModelLoaderTests testErrorIdentifiesFailedModel]' started.
Test Case '-[AudioCommonTests.ModelLoaderTests testErrorIdentifiesFailedModel]' passed (0.004 seconds).
Test Case '-[AudioCommonTests.ModelLoaderTests testGroup0ErrorCancelsParallel]' started.
Test Case '-[AudioCommonTests.ModelLoaderTests testGroup0ErrorCancelsParallel]' passed (0.000 seconds).
Test Case '-[AudioCommonTests.ModelLoaderTests testGroup0ErrorSkipsGroup1]' started.
Test Case '-[AudioCommonTests.ModelLoaderTests testGroup0ErrorSkipsGroup1]' passed (0.000 seconds).
Test Case '-[AudioCommonTests.ModelLoaderTests testGroup0LoadsInParallel]' started.
Test Case '-[AudioCommonTests.ModelLoaderTests testGroup0LoadsInParallel]' passed (0.055 seconds).
Test Case '-[AudioCommonTests.ModelLoaderTests testLoadAllModels]' started.
Test Case '-[AudioCommonTests.ModelLoaderTests testLoadAllModels]' passed (0.001 seconds).
Test Case '-[AudioCommonTests.ModelLoaderTests testLoadEmpty]' started.
Test Case '-[AudioCommonTests.ModelLoaderTests testLoadEmpty]' passed (0.000 seconds).
Test Case '-[AudioCommonTests.ModelLoaderTests testLoadOnlyTTS]' started.
Test Case '-[AudioCommonTests.ModelLoaderTests testLoadOnlyTTS]' passed (0.000 seconds).
Test Case '-[AudioCommonTests.ModelLoaderTests testLoadOnlyVAD]' started.
Test Case '-[AudioCommonTests.ModelLoaderTests testLoadOnlyVAD]' passed (0.000 seconds).
Test Case '-[AudioCommonTests.ModelLoaderTests testLoadSubset]' started.
Test Case '-[AudioCommonTests.ModelLoaderTests testLoadSubset]' passed (0.000 seconds).
Test Case '-[AudioCommonTests.ModelLoaderTests testProgressForwardsStatusText]' started.
Test Case '-[AudioCommonTests.ModelLoaderTests testProgressForwardsStatusText]' passed (0.000 seconds).
Test Case '-[AudioCommonTests.ModelLoaderTests testProgressForwardsSubProgress]' started.
Test Case '-[AudioCommonTests.ModelLoaderTests testProgressForwardsSubProgress]' passed (0.000 seconds).
Test Case '-[AudioCommonTests.ModelLoaderTests testProgressIsMonotonic]' started.
Test Case '-[AudioCommonTests.ModelLoaderTests testProgressIsMonotonic]' passed (0.000 seconds).
Test Case '-[AudioCommonTests.ModelLoaderTests testStageNamesIncludeModelName]' started.
Test Case '-[AudioCommonTests.ModelLoaderTests testStageNamesIncludeModelName]' passed (0.000 seconds).
Test Case '-[AudioCommonTests.ModelLoaderTests testTTSLoadsAfterGroup0]' started.
Test Case '-[AudioCommonTests.ModelLoaderTests testTTSLoadsAfterGroup0]' passed (0.000 seconds).
Test Suite 'ModelLoaderTests' passed at 2026-07-27 07:36:42.317.
	 Executed 14 tests, with 0 failures (0 unexpected) in 0.062 (0.062) seconds
Test Suite 'MossBundleConfigurationTests' started at 2026-07-27 07:36:42.318.
Test Case '-[MossTranscribeTests.MossBundleConfigurationTests testMismatchedFrontendIsRejected]' started.
Test Case '-[MossTranscribeTests.MossBundleConfigurationTests testMismatchedFrontendIsRejected]' passed (0.005 seconds).
Test Case '-[MossTranscribeTests.MossBundleConfigurationTests testPublishedHostAndPreprocessorContractsValidate]' started.
Test Case '-[MossTranscribeTests.MossBundleConfigurationTests testPublishedHostAndPreprocessorContractsValidate]' passed (0.000 seconds).
Test Suite 'MossBundleConfigurationTests' passed at 2026-07-27 07:36:42.323.
	 Executed 2 tests, with 0 failures (0 unexpected) in 0.005 (0.005) seconds
Test Suite 'MossDecoderConfigurationTests' started at 2026-07-27 07:36:42.323.
Test Case '-[MossTranscribeTests.MossDecoderConfigurationTests testEnumeratedPrefillRequiresSingleTokenShape]' started.
Test Case '-[MossTranscribeTests.MossDecoderConfigurationTests testEnumeratedPrefillRequiresSingleTokenShape]' passed (0.000 seconds).
Test Case '-[MossTranscribeTests.MossDecoderConfigurationTests testRangePrefillUsesFewestCalls]' started.
Test Case '-[MossTranscribeTests.MossDecoderConfigurationTests testRangePrefillUsesFewestCalls]' passed (0.000 seconds).
Test Suite 'MossDecoderConfigurationTests' passed at 2026-07-27 07:36:42.323.
	 Executed 2 tests, with 0 failures (0 unexpected) in 0.000 (0.000) seconds
Test Suite 'MossDiarizationBridgeTests' started at 2026-07-27 07:36:42.323.
Test Case '-[MossTranscribeTests.MossDiarizationBridgeTests testAnonymousLabelsBecomeContiguousAndClampToAudio]' started.
Test Case '-[MossTranscribeTests.MossDiarizationBridgeTests testAnonymousLabelsBecomeContiguousAndClampToAudio]' passed (0.000 seconds).
Test Suite 'MossDiarizationBridgeTests' passed at 2026-07-27 07:36:42.323.
	 Executed 1 test, with 0 failures (0 unexpected) in 0.000 (0.000) seconds
Test Suite 'MossMLXConfigurationTests' started at 2026-07-27 07:36:42.323.
Test Case '-[MossTranscribeTests.MossMLXConfigurationTests testPrecisionMustMatchQuantizationBits]' started.
Test Case '-[MossTranscribeTests.MossMLXConfigurationTests testPrecisionMustMatchQuantizationBits]' passed (0.001 seconds).
Test Case '-[MossTranscribeTests.MossMLXConfigurationTests testPublishedINT5GeometryValidates]' started.
Test Case '-[MossTranscribeTests.MossMLXConfigurationTests testPublishedINT5GeometryValidates]' passed (0.000 seconds).
Test Case '-[MossTranscribeTests.MossMLXConfigurationTests testUnexpectedWeightPathIsRejected]' started.
Test Case '-[MossTranscribeTests.MossMLXConfigurationTests testUnexpectedWeightPathIsRejected]' passed (0.000 seconds).
Test Case '-[MossTranscribeTests.MossMLXConfigurationTests testUnsupportedQuantizationIsRejected]' started.
Test Case '-[MossTranscribeTests.MossMLXConfigurationTests testUnsupportedQuantizationIsRejected]' passed (0.000 seconds).
Test Suite 'MossMLXConfigurationTests' passed at 2026-07-27 07:36:42.324.
	 Executed 4 tests, with 0 failures (0 unexpected) in 0.001 (0.001) seconds
Test Suite 'MossMLXMemoryTests' started at 2026-07-27 07:36:42.324.
Test Case '-[MossTranscribeTests.MossMLXMemoryTests testMLXVariantRepositoriesAndDefaults]' started.
Test Case '-[MossTranscribeTests.MossMLXMemoryTests testMLXVariantRepositoriesAndDefaults]' passed (0.000 seconds).
Test Case '-[MossTranscribeTests.MossMLXMemoryTests testNinetyMinuteCacheEstimatesSeparateCachePrecision]' started.
Test Case '-[MossTranscribeTests.MossMLXMemoryTests testNinetyMinuteCacheEstimatesSeparateCachePrecision]' passed (0.000 seconds).
Test Suite 'MossMLXMemoryTests' passed at 2026-07-27 07:36:42.325.
	 Executed 2 tests, with 0 failures (0 unexpected) in 0.000 (0.000) seconds
Test Suite 'MossPromptProcessorTests' started at 2026-07-27 07:36:42.325.
Test Case '-[MossTranscribeTests.MossPromptProcessorTests testAudioTokenLengthUsesCeilingStride]' started.
Test Case '-[MossTranscribeTests.MossPromptProcessorTests testAudioTokenLengthUsesCeilingStride]' passed (0.000 seconds).
Test Case '-[MossTranscribeTests.MossPromptProcessorTests testDefaultPromptMatchesPublishedChatTemplate]' started.
Test Case '-[MossTranscribeTests.MossPromptProcessorTests testDefaultPromptMatchesPublishedChatTemplate]' passed (0.000 seconds).
Test Case '-[MossTranscribeTests.MossPromptProcessorTests testThirtySecondAudioSpanMatchesReferenceMarkerPositions]' started.
Test Case '-[MossTranscribeTests.MossPromptProcessorTests testThirtySecondAudioSpanMatchesReferenceMarkerPositions]' passed (0.000 seconds).
Test Suite 'MossPromptProcessorTests' passed at 2026-07-27 07:36:42.325.
	 Executed 3 tests, with 0 failures (0 unexpected) in 0.001 (0.001) seconds
Test Suite 'MossTranscriptParserTests' started at 2026-07-27 07:36:42.325.
Test Case '-[MossTranscribeTests.MossTranscriptParserTests testEmptyAndBackwardsSegmentsAreIgnored]' started.
Test Case '-[MossTranscribeTests.MossTranscriptParserTests testEmptyAndBackwardsSegmentsAreIgnored]' passed (0.000 seconds).
Test Case '-[MossTranscribeTests.MossTranscriptParserTests testMalformedStructureRemainsVisible]' started.
Test Case '-[MossTranscribeTests.MossTranscriptParserTests testMalformedStructureRemainsVisible]' passed (0.000 seconds).
Test Case '-[MossTranscribeTests.MossTranscriptParserTests testParsesTimestampedSpeakerSegmentsAndPlainText]' started.
Test Case '-[MossTranscribeTests.MossTranscriptParserTests testParsesTimestampedSpeakerSegmentsAndPlainText]' passed (0.000 seconds).
Test Suite 'MossTranscriptParserTests' passed at 2026-07-27 07:36:42.326.
	 Executed 3 tests, with 0 failures (0 unexpected) in 0.000 (0.000) seconds
Test Suite 'MossWhisperFeatureExtractorTests' started at 2026-07-27 07:36:42.326.
Test Case '-[MossTranscribeTests.MossWhisperFeatureExtractorTests testMatchesHuggingFaceWhisperFrontend]' started.
Test Case '-[MossTranscribeTests.MossWhisperFeatureExtractorTests testMatchesHuggingFaceWhisperFrontend]' passed (0.035 seconds).
Test Suite 'MossWhisperFeatureExtractorTests' passed at 2026-07-27 07:36:42.361.
	 Executed 1 test, with 0 failures (0 unexpected) in 0.035 (0.035) seconds
Test Suite 'MultilingualTokenizerTests' started at 2026-07-27 07:36:42.361.
Test Case '-[KokoroTTSTests.MultilingualTokenizerTests testChineseRouting]' started.
Test Case '-[KokoroTTSTests.MultilingualTokenizerTests testChineseRouting]' passed (0.000 seconds).
Test Case '-[KokoroTTSTests.MultilingualTokenizerTests testEnglishRoutingDefault]' started.
Test Case '-[KokoroTTSTests.MultilingualTokenizerTests testEnglishRoutingDefault]' passed (0.000 seconds).
Test Case '-[KokoroTTSTests.MultilingualTokenizerTests testFrenchRouting]' started.
Test Case '-[KokoroTTSTests.MultilingualTokenizerTests testFrenchRouting]' passed (0.002 seconds).
Test Case '-[KokoroTTSTests.MultilingualTokenizerTests testHindiRouting]' started.
Test Case '-[KokoroTTSTests.MultilingualTokenizerTests testHindiRouting]' passed (0.001 seconds).
Test Case '-[KokoroTTSTests.MultilingualTokenizerTests testJapaneseRouting]' started.
Test Case '-[KokoroTTSTests.MultilingualTokenizerTests testJapaneseRouting]' passed (0.001 seconds).
Test Case '-[KokoroTTSTests.MultilingualTokenizerTests testPortugueseRouting]' started.
Test Case '-[KokoroTTSTests.MultilingualTokenizerTests testPortugueseRouting]' passed (0.001 seconds).
Test Case '-[KokoroTTSTests.MultilingualTokenizerTests testSpanishRouting]' started.
Test Case '-[KokoroTTSTests.MultilingualTokenizerTests testSpanishRouting]' passed (0.000 seconds).
Test Suite 'MultilingualTokenizerTests' passed at 2026-07-27 07:36:42.368.
	 Executed 7 tests, with 0 failures (0 unexpected) in 0.006 (0.006) seconds
Test Suite 'MultipartParserTests' started at 2026-07-27 07:36:42.368.
Test Case '-[AudioServerTests.MultipartParserTests testBinaryBodyWithCRLFInside]' started.
Test Case '-[AudioServerTests.MultipartParserTests testBinaryBodyWithCRLFInside]' passed (0.000 seconds).
Test Case '-[AudioServerTests.MultipartParserTests testFileAndFields]' started.
Test Case '-[AudioServerTests.MultipartParserTests testFileAndFields]' passed (0.000 seconds).
Test Case '-[AudioServerTests.MultipartParserTests testNoBoundaryReturnsEmpty]' started.
Test Case '-[AudioServerTests.MultipartParserTests testNoBoundaryReturnsEmpty]' passed (0.000 seconds).
Test Case '-[AudioServerTests.MultipartParserTests testSingleTextField]' started.
Test Case '-[AudioServerTests.MultipartParserTests testSingleTextField]' passed (0.000 seconds).
Test Suite 'MultipartParserTests' passed at 2026-07-27 07:36:42.369.
	 Executed 4 tests, with 0 failures (0 unexpected) in 0.001 (0.001) seconds
Test Suite 'NemotronLanguagesTests' started at 2026-07-27 07:36:42.369.
Test Case '-[NemotronStreamingASRTests.NemotronLanguagesTests testFlatDictionaryParses]' started.
Test Case '-[NemotronStreamingASRTests.NemotronLanguagesTests testFlatDictionaryParses]' passed (0.001 seconds).
Test Case '-[NemotronStreamingASRTests.NemotronLanguagesTests testPrefixFallback]' started.
Test Case '-[NemotronStreamingASRTests.NemotronLanguagesTests testPrefixFallback]' passed (0.000 seconds).
Test Case '-[NemotronStreamingASRTests.NemotronLanguagesTests testUnderscoreNormalization]' started.
Test Case '-[NemotronStreamingASRTests.NemotronLanguagesTests testUnderscoreNormalization]' passed (0.000 seconds).
Test Case '-[NemotronStreamingASRTests.NemotronLanguagesTests testWrappedDictionaryParses]' started.
Test Case '-[NemotronStreamingASRTests.NemotronLanguagesTests testWrappedDictionaryParses]' passed (0.000 seconds).
Test Suite 'NemotronLanguagesTests' passed at 2026-07-27 07:36:42.370.
	 Executed 4 tests, with 0 failures (0 unexpected) in 0.001 (0.001) seconds
Test Suite 'NemotronMLXTests' started at 2026-07-27 07:36:42.370.
Test Case '-[NemotronStreamingASRTests.NemotronMLXTests testDefaultPretrainedLoaderIsUnambiguous]' started.
Test Case '-[NemotronStreamingASRTests.NemotronMLXTests testDefaultPretrainedLoaderIsUnambiguous]' passed (0.000 seconds).
Test Case '-[NemotronStreamingASRTests.NemotronMLXTests testMLXOrderedVocabularyLoadsWithoutRenumbering]' started.
Test Case '-[NemotronStreamingASRTests.NemotronMLXTests testMLXOrderedVocabularyLoadsWithoutRenumbering]' passed (0.001 seconds).
Test Case '-[NemotronStreamingASRTests.NemotronMLXTests testPublishedInt5AndInt8ConfigurationsValidate]' started.
Test Case '-[NemotronStreamingASRTests.NemotronMLXTests testPublishedInt5AndInt8ConfigurationsValidate]' passed (0.001 seconds).
Test Case '-[NemotronStreamingASRTests.NemotronMLXTests testPublishedVariantIdentifiersAndPrecisions]' started.
Test Case '-[NemotronStreamingASRTests.NemotronMLXTests testPublishedVariantIdentifiersAndPrecisions]' passed (0.000 seconds).
Test Case '-[NemotronStreamingASRTests.NemotronMLXTests testUnsupportedQuantizationFailsClosed]' started.
Test Case '-[NemotronStreamingASRTests.NemotronMLXTests testUnsupportedQuantizationFailsClosed]' passed (0.000 seconds).
Test Suite 'NemotronMLXTests' passed at 2026-07-27 07:36:42.372.
	 Executed 5 tests, with 0 failures (0 unexpected) in 0.002 (0.002) seconds
Test Suite 'NemotronStreamingConfigTests' started at 2026-07-27 07:36:42.372.
Test Case '-[NemotronStreamingASRTests.NemotronStreamingConfigTests testConfigDecodesWithoutNumPrompts]' started.
Test Case '-[NemotronStreamingASRTests.NemotronStreamingConfigTests testConfigDecodesWithoutNumPrompts]' passed (0.001 seconds).
Test Case '-[NemotronStreamingASRTests.NemotronStreamingConfigTests testConfigRoundtripsThroughJSON]' started.
Test Case '-[NemotronStreamingASRTests.NemotronStreamingConfigTests testConfigRoundtripsThroughJSON]' passed (0.000 seconds).
Test Case '-[NemotronStreamingASRTests.NemotronStreamingConfigTests testDefaultConfigIsMultilingual]' started.
Test Case '-[NemotronStreamingASRTests.NemotronStreamingConfigTests testDefaultConfigIsMultilingual]' passed (0.000 seconds).
Test Case '-[NemotronStreamingASRTests.NemotronStreamingConfigTests testStreamingDefaultsForChunk320ms]' started.
Test Case '-[NemotronStreamingASRTests.NemotronStreamingConfigTests testStreamingDefaultsForChunk320ms]' passed (0.000 seconds).
Test Suite 'NemotronStreamingConfigTests' passed at 2026-07-27 07:36:42.373.
	 Executed 4 tests, with 0 failures (0 unexpected) in 0.001 (0.001) seconds
Test Suite 'NemotronVocabularyTests' started at 2026-07-27 07:36:42.373.
Test Case '-[NemotronStreamingASRTests.NemotronVocabularyTests testDecodeFiltersLanguageTagTokens]' started.
Test Case '-[NemotronStreamingASRTests.NemotronVocabularyTests testDecodeFiltersLanguageTagTokens]' passed (0.000 seconds).
Test Case '-[NemotronStreamingASRTests.NemotronVocabularyTests testDecodeJoinsSentencePieceTokens]' started.
Test Case '-[NemotronStreamingASRTests.NemotronVocabularyTests testDecodeJoinsSentencePieceTokens]' passed (0.000 seconds).
Test Case '-[NemotronStreamingASRTests.NemotronVocabularyTests testDecodeStripsUnknownIds]' started.
Test Case '-[NemotronStreamingASRTests.NemotronVocabularyTests testDecodeStripsUnknownIds]' passed (0.000 seconds).
Test Case '-[NemotronStreamingASRTests.NemotronVocabularyTests testDecodeTimedWordsHandlesLeadingContinuationAndBadInput]' started.
Test Case '-[NemotronStreamingASRTests.NemotronVocabularyTests testDecodeTimedWordsHandlesLeadingContinuationAndBadInput]' passed (0.000 seconds).
Test Case '-[NemotronStreamingASRTests.NemotronVocabularyTests testDecodeTimedWordsSpansMultiTokenWordsAndSkipsSpecials]' started.
Test Case '-[NemotronStreamingASRTests.NemotronVocabularyTests testDecodeTimedWordsSpansMultiTokenWordsAndSkipsSpecials]' passed (0.000 seconds).
Test Case '-[NemotronStreamingASRTests.NemotronVocabularyTests testDecodeWordsEmitsConfidences]' started.
Test Case '-[NemotronStreamingASRTests.NemotronVocabularyTests testDecodeWordsEmitsConfidences]' passed (0.000 seconds).
Test Suite 'NemotronVocabularyTests' passed at 2026-07-27 07:36:42.374.
	 Executed 6 tests, with 0 failures (0 unexpected) in 0.001 (0.001) seconds
Test Suite 'OmniVoiceFullPipelineTests' started at 2026-07-27 07:36:42.374.
Test Case '-[OmniVoiceTTSTests.OmniVoiceFullPipelineTests testTextToSpeechEndToEnd]' started.
/Users/ivan/repos/speech-swift-tts-download/Tests/OmniVoiceTTSTests/OmniVoiceFullPipelineTests.swift:27: -[OmniVoiceTTSTests.OmniVoiceFullPipelineTests testTextToSpeechEndToEnd] : Test skipped - missing /tmp/omnivoice-fp32/model.safetensors
Test Case '-[OmniVoiceTTSTests.OmniVoiceFullPipelineTests testTextToSpeechEndToEnd]' skipped (0.000 seconds).
Test Suite 'OmniVoiceFullPipelineTests' passed at 2026-07-27 07:36:42.374.
	 Executed 1 test, with 1 test skipped and 0 failures (0 unexpected) in 0.000 (0.000) seconds
Test Suite 'OmniVoiceInt8BundleTests' started at 2026-07-27 07:36:42.374.
Test Case '-[OmniVoiceTTSTests.OmniVoiceInt8BundleTests testQuantizeSaveReload]' started.
/Users/ivan/repos/speech-swift-tts-download/Tests/OmniVoiceTTSTests/OmniVoiceInt8BundleTests.swift:20: -[OmniVoiceTTSTests.OmniVoiceInt8BundleTests testQuantizeSaveReload] : Test skipped - missing /tmp/omnivoice-fp32/model.safetensors
Test Case '-[OmniVoiceTTSTests.OmniVoiceInt8BundleTests testQuantizeSaveReload]' skipped (0.000 seconds).
Test Suite 'OmniVoiceInt8BundleTests' passed at 2026-07-27 07:36:42.374.
	 Executed 1 test, with 1 test skipped and 0 failures (0 unexpected) in 0.000 (0.000) seconds
Test Suite 'OmniVoiceModelFacadeTests' started at 2026-07-27 07:36:42.374.
Test Case '-[OmniVoiceTTSTests.OmniVoiceModelFacadeTests testDefaultModelIdUsesFp16Bundle]' started.
Test Case '-[OmniVoiceTTSTests.OmniVoiceModelFacadeTests testDefaultModelIdUsesFp16Bundle]' passed (0.000 seconds).
Test Case '-[OmniVoiceTTSTests.OmniVoiceModelFacadeTests testFromBundleAndGenerate]' started.
/Users/ivan/repos/speech-swift-tts-download/Tests/OmniVoiceTTSTests/OmniVoiceModelFacadeTests.swift:23: -[OmniVoiceTTSTests.OmniVoiceModelFacadeTests testFromBundleAndGenerate] : Test skipped - missing /tmp/omnivoice-int8/model.safetensors
Test Case '-[OmniVoiceTTSTests.OmniVoiceModelFacadeTests testFromBundleAndGenerate]' skipped (0.000 seconds).
Test Suite 'OmniVoiceModelFacadeTests' passed at 2026-07-27 07:36:42.375.
	 Executed 2 tests, with 1 test skipped and 0 failures (0 unexpected) in 0.000 (0.001) seconds
Test Suite 'OmniVoiceQuantTests' started at 2026-07-27 07:36:42.375.
Test Case '-[OmniVoiceTTSTests.OmniVoiceQuantTests testInt8RTFAndQuality]' started.
/Users/ivan/repos/speech-swift-tts-download/Tests/OmniVoiceTTSTests/OmniVoiceQuantTests.swift:18: -[OmniVoiceTTSTests.OmniVoiceQuantTests testInt8RTFAndQuality] : Test skipped - missing /tmp/omnivoice-fp32/model.safetensors
Test Case '-[OmniVoiceTTSTests.OmniVoiceQuantTests testInt8RTFAndQuality]' skipped (0.000 seconds).
Test Suite 'OmniVoiceQuantTests' passed at 2026-07-27 07:36:42.375.
	 Executed 1 test, with 1 test skipped and 0 failures (0 unexpected) in 0.000 (0.000) seconds
Test Suite 'OmniVoiceRSSTests' started at 2026-07-27 07:36:42.375.
Test Case '-[OmniVoiceTTSTests.OmniVoiceRSSTests testResidentSet]' started.
/Users/ivan/repos/speech-swift-tts-download/Tests/OmniVoiceTTSTests/OmniVoiceRSSTests.swift:24: -[OmniVoiceTTSTests.OmniVoiceRSSTests testResidentSet] : Test skipped - missing /tmp/omnivoice-int8/model.safetensors
Test Case '-[OmniVoiceTTSTests.OmniVoiceRSSTests testResidentSet]' skipped (0.000 seconds).
Test Suite 'OmniVoiceRSSTests' passed at 2026-07-27 07:36:42.375.
	 Executed 1 test, with 1 test skipped and 0 failures (0 unexpected) in 0.000 (0.000) seconds
Test Suite 'OmniVoiceStepSweepTests' started at 2026-07-27 07:36:42.375.
Test Case '-[OmniVoiceTTSTests.OmniVoiceStepSweepTests testStepCountSweep]' started.
/Users/ivan/repos/speech-swift-tts-download/Tests/OmniVoiceTTSTests/OmniVoiceStepSweepTests.swift:18: -[OmniVoiceTTSTests.OmniVoiceStepSweepTests testStepCountSweep] : Test skipped - missing /tmp/omnivoice-fp32/model.safetensors
Test Case '-[OmniVoiceTTSTests.OmniVoiceStepSweepTests testStepCountSweep]' skipped (0.000 seconds).
Test Suite 'OmniVoiceStepSweepTests' passed at 2026-07-27 07:36:42.375.
	 Executed 1 test, with 1 test skipped and 0 failures (0 unexpected) in 0.000 (0.000) seconds
Test Suite 'OmnilingualConfigTests' started at 2026-07-27 07:36:42.375.
Test Case '-[OmnilingualASRTests.OmnilingualConfigTests testDecodesPublishedConfig10s]' started.
Test Case '-[OmnilingualASRTests.OmnilingualConfigTests testDecodesPublishedConfig10s]' passed (0.001 seconds).
Test Case '-[OmnilingualASRTests.OmnilingualConfigTests testDecodesPublishedConfig5s]' started.
Test Case '-[OmnilingualASRTests.OmnilingualConfigTests testDecodesPublishedConfig5s]' passed (0.000 seconds).
Test Case '-[OmnilingualASRTests.OmnilingualConfigTests testDefaultsMatchPublishedShapes]' started.
Test Case '-[OmnilingualASRTests.OmnilingualConfigTests testDefaultsMatchPublishedShapes]' passed (0.000 seconds).
Test Suite 'OmnilingualConfigTests' passed at 2026-07-27 07:36:42.376.
	 Executed 3 tests, with 0 failures (0 unexpected) in 0.001 (0.001) seconds
Test Suite 'OmnilingualLayerNormTests' started at 2026-07-27 07:36:42.376.
Test Case '-[OmnilingualASRTests.OmnilingualLayerNormTests testEmptyInputEchoes]' started.
Test Case '-[OmnilingualASRTests.OmnilingualLayerNormTests testEmptyInputEchoes]' passed (0.000 seconds).
Test Case '-[OmnilingualASRTests.OmnilingualLayerNormTests testMeanAndVarianceOfNormalizedBufferIsZeroAndOne]' started.
Test Case '-[OmnilingualASRTests.OmnilingualLayerNormTests testMeanAndVarianceOfNormalizedBufferIsZeroAndOne]' passed (0.001 seconds).
Test Case '-[OmnilingualASRTests.OmnilingualLayerNormTests testScaleInvariance]' started.
Test Case '-[OmnilingualASRTests.OmnilingualLayerNormTests testScaleInvariance]' passed (0.000 seconds).
Test Case '-[OmnilingualASRTests.OmnilingualLayerNormTests testZeroInputStaysFinite]' started.
Test Case '-[OmnilingualASRTests.OmnilingualLayerNormTests testZeroInputStaysFinite]' passed (0.000 seconds).
Test Suite 'OmnilingualLayerNormTests' passed at 2026-07-27 07:36:42.378.
	 Executed 4 tests, with 0 failures (0 unexpected) in 0.001 (0.002) seconds
Test Suite 'OmnilingualMLXConfigTests' started at 2026-07-27 07:36:42.378.
Test Case '-[OmnilingualASRTests.OmnilingualMLXConfigTests test1BVariant]' started.
Test Case '-[OmnilingualASRTests.OmnilingualMLXConfigTests test1BVariant]' passed (0.000 seconds).
Test Case '-[OmnilingualASRTests.OmnilingualMLXConfigTests test300MVariant]' started.
Test Case '-[OmnilingualASRTests.OmnilingualMLXConfigTests test300MVariant]' passed (0.000 seconds).
Test Case '-[OmnilingualASRTests.OmnilingualMLXConfigTests test3BVariant]' started.
Test Case '-[OmnilingualASRTests.OmnilingualMLXConfigTests test3BVariant]' passed (0.000 seconds).
Test Case '-[OmnilingualASRTests.OmnilingualMLXConfigTests test7BVariant]' started.
Test Case '-[OmnilingualASRTests.OmnilingualMLXConfigTests test7BVariant]' passed (0.000 seconds).
Test Case '-[OmnilingualASRTests.OmnilingualMLXConfigTests testDefaultModelIdResolution]' started.
Test Case '-[OmnilingualASRTests.OmnilingualMLXConfigTests testDefaultModelIdResolution]' passed (0.000 seconds).
Test Case '-[OmnilingualASRTests.OmnilingualMLXConfigTests testFrontendStrideIs320]' started.
Test Case '-[OmnilingualASRTests.OmnilingualMLXConfigTests testFrontendStrideIs320]' passed (0.000 seconds).
Test Suite 'OmnilingualMLXConfigTests' passed at 2026-07-27 07:36:42.379.
	 Executed 6 tests, with 0 failures (0 unexpected) in 0.000 (0.001) seconds
Test Suite 'OmnilingualVocabularyTests' started at 2026-07-27 07:36:42.379.
Test Case '-[OmnilingualASRTests.OmnilingualVocabularyTests testDecodeIgnoresOutOfRangeIds]' started.
Test Case '-[OmnilingualASRTests.OmnilingualVocabularyTests testDecodeIgnoresOutOfRangeIds]' passed (0.000 seconds).
Test Case '-[OmnilingualASRTests.OmnilingualVocabularyTests testDecodeStripsSpecialsAndReplacesWordBoundary]' started.
Test Case '-[OmnilingualASRTests.OmnilingualVocabularyTests testDecodeStripsSpecialsAndReplacesWordBoundary]' passed (0.000 seconds).
Test Case '-[OmnilingualASRTests.OmnilingualVocabularyTests testEmptyFileIsError]' started.
Test Case '-[OmnilingualASRTests.OmnilingualVocabularyTests testEmptyFileIsError]' passed (0.000 seconds).
Test Case '-[OmnilingualASRTests.OmnilingualVocabularyTests testLoadsPieces]' started.
Test Case '-[OmnilingualASRTests.OmnilingualVocabularyTests testLoadsPieces]' passed (0.000 seconds).
Test Case '-[OmnilingualASRTests.OmnilingualVocabularyTests testSpecialClassificationHonorsPieceTypeAndConfigIds]' started.
Test Case '-[OmnilingualASRTests.OmnilingualVocabularyTests testSpecialClassificationHonorsPieceTypeAndConfigIds]' passed (0.000 seconds).
Test Suite 'OmnilingualVocabularyTests' passed at 2026-07-27 07:36:42.380.
	 Executed 5 tests, with 0 failures (0 unexpected) in 0.001 (0.002) seconds
Test Suite 'OpenAISpeechTests' started at 2026-07-27 07:36:42.380.
Test Case '-[AudioServerTests.OpenAISpeechTests testGenericAndNativeVoiceResolution]' started.
Test Case '-[AudioServerTests.OpenAISpeechTests testGenericAndNativeVoiceResolution]' passed (0.000 seconds).
Test Case '-[AudioServerTests.OpenAISpeechTests testOpenAIModelAliasesResolveToKokoro]' started.
Test Case '-[AudioServerTests.OpenAISpeechTests testOpenAIModelAliasesResolveToKokoro]' passed (0.002 seconds).
Test Case '-[AudioServerTests.OpenAISpeechTests testParsesPCMAndOptionalFields]' started.
Test Case '-[AudioServerTests.OpenAISpeechTests testParsesPCMAndOptionalFields]' passed (0.000 seconds).
Test Case '-[AudioServerTests.OpenAISpeechTests testParsesRequiredFieldsAndDefaults]' started.
Test Case '-[AudioServerTests.OpenAISpeechTests testParsesRequiredFieldsAndDefaults]' passed (0.000 seconds).
Test Case '-[AudioServerTests.OpenAISpeechTests testRejectsMissingRequiredFields]' started.
Test Case '-[AudioServerTests.OpenAISpeechTests testRejectsMissingRequiredFields]' passed (0.000 seconds).
Test Case '-[AudioServerTests.OpenAISpeechTests testRejectsOversizedInput]' started.
Test Case '-[AudioServerTests.OpenAISpeechTests testRejectsOversizedInput]' passed (0.000 seconds).
Test Case '-[AudioServerTests.OpenAISpeechTests testRejectsUnsupportedFormatAndSpeed]' started.
Test Case '-[AudioServerTests.OpenAISpeechTests testRejectsUnsupportedFormatAndSpeed]' passed (0.000 seconds).
Test Suite 'OpenAISpeechTests' passed at 2026-07-27 07:36:42.383.
	 Executed 7 tests, with 0 failures (0 unexpected) in 0.002 (0.003) seconds
Test Suite 'OpenUnmixConfigTests' started at 2026-07-27 07:36:42.383.
Test Case '-[SourceSeparationTests.OpenUnmixConfigTests testAllTargets]' started.
Test Case '-[SourceSeparationTests.OpenUnmixConfigTests testAllTargets]' passed (0.000 seconds).
Test Case '-[SourceSeparationTests.OpenUnmixConfigTests testConfigCodable]' started.
Test Case '-[SourceSeparationTests.OpenUnmixConfigTests testConfigCodable]' passed (0.000 seconds).
Test Case '-[SourceSeparationTests.OpenUnmixConfigTests testUMXHQConfig]' started.
Test Case '-[SourceSeparationTests.OpenUnmixConfigTests testUMXHQConfig]' passed (0.000 seconds).
Test Case '-[SourceSeparationTests.OpenUnmixConfigTests testUMXLConfig]' started.
Test Case '-[SourceSeparationTests.OpenUnmixConfigTests testUMXLConfig]' passed (0.000 seconds).
Test Suite 'OpenUnmixConfigTests' passed at 2026-07-27 07:36:42.384.
	 Executed 4 tests, with 0 failures (0 unexpected) in 0.001 (0.001) seconds
Test Suite 'OpenUnmixModelTests' started at 2026-07-27 07:36:42.384.
Test Case '-[SourceSeparationTests.OpenUnmixModelTests testForwardProducesFiniteValues]' started.
Test Case '-[SourceSeparationTests.OpenUnmixModelTests testForwardProducesFiniteValues]' passed (0.032 seconds).
Test Case '-[SourceSeparationTests.OpenUnmixModelTests testForwardShape]' started.
Test Case '-[SourceSeparationTests.OpenUnmixModelTests testForwardShape]' passed (0.004 seconds).
Test Case '-[SourceSeparationTests.OpenUnmixModelTests testModelInit]' started.
Test Case '-[SourceSeparationTests.OpenUnmixModelTests testModelInit]' passed (0.000 seconds).
Test Suite 'OpenUnmixModelTests' passed at 2026-07-27 07:36:42.420.
	 Executed 3 tests, with 0 failures (0 unexpected) in 0.036 (0.036) seconds
Test Suite 'PCMConversionTests' started at 2026-07-27 07:36:42.420.
Test Case '-[AudioServerTests.PCMConversionTests testEmptyInput]' started.
Test Case '-[AudioServerTests.PCMConversionTests testEmptyInput]' passed (0.000 seconds).
Test Case '-[AudioServerTests.PCMConversionTests testFloatToPCM16LE_clipping]' started.
Test Case '-[AudioServerTests.PCMConversionTests testFloatToPCM16LE_clipping]' passed (0.000 seconds).
Test Case '-[AudioServerTests.PCMConversionTests testFloatToPCM16LE_silence]' started.
Test Case '-[AudioServerTests.PCMConversionTests testFloatToPCM16LE_silence]' passed (0.000 seconds).
Test Case '-[AudioServerTests.PCMConversionTests testPCM16LEToFloat_maxNegative]' started.
Test Case '-[AudioServerTests.PCMConversionTests testPCM16LEToFloat_maxNegative]' passed (0.000 seconds).
Test Case '-[AudioServerTests.PCMConversionTests testPCM16LEToFloat_maxPositive]' started.
Test Case '-[AudioServerTests.PCMConversionTests testPCM16LEToFloat_maxPositive]' passed (0.000 seconds).
Test Case '-[AudioServerTests.PCMConversionTests testPCM16LEToFloat_silence]' started.
Test Case '-[AudioServerTests.PCMConversionTests testPCM16LEToFloat_silence]' passed (0.000 seconds).
Test Case '-[AudioServerTests.PCMConversionTests testRoundTrip]' started.
Test Case '-[AudioServerTests.PCMConversionTests testRoundTrip]' passed (0.000 seconds).
Test Suite 'PCMConversionTests' passed at 2026-07-27 07:36:42.421.
	 Executed 7 tests, with 0 failures (0 unexpected) in 0.000 (0.001) seconds
Test Suite 'ParakeetASRTests' started at 2026-07-27 07:36:42.421.
Test Case '-[ParakeetASRTests.ParakeetASRTests testConfigCodable]' started.
Test Case '-[ParakeetASRTests.ParakeetASRTests testConfigCodable]' passed (0.001 seconds).
Test Case '-[ParakeetASRTests.ParakeetASRTests testConfigSendable]' started.
Test Case '-[ParakeetASRTests.ParakeetASRTests testConfigSendable]' passed (0.000 seconds).
Test Case '-[ParakeetASRTests.ParakeetASRTests testDefaultConfig]' started.
Test Case '-[ParakeetASRTests.ParakeetASRTests testDefaultConfig]' passed (0.000 seconds).
Test Case '-[ParakeetASRTests.ParakeetASRTests testModelVariantConstants]' started.
Test Case '-[ParakeetASRTests.ParakeetASRTests testModelVariantConstants]' passed (0.000 seconds).
Test Case '-[ParakeetASRTests.ParakeetASRTests testVocabularyDecode]' started.
Test Case '-[ParakeetASRTests.ParakeetASRTests testVocabularyDecode]' passed (0.000 seconds).
Test Case '-[ParakeetASRTests.ParakeetASRTests testVocabularyDecodeSkipsUnknown]' started.
Test Case '-[ParakeetASRTests.ParakeetASRTests testVocabularyDecodeSkipsUnknown]' passed (0.000 seconds).
Test Case '-[ParakeetASRTests.ParakeetASRTests testVocabularyDecodeSubword]' started.
Test Case '-[ParakeetASRTests.ParakeetASRTests testVocabularyDecodeSubword]' passed (0.000 seconds).
Test Case '-[ParakeetASRTests.ParakeetASRTests testVocabularyEmpty]' started.
Test Case '-[ParakeetASRTests.ParakeetASRTests testVocabularyEmpty]' passed (0.000 seconds).
Test Suite 'ParakeetASRTests' passed at 2026-07-27 07:36:42.422.
	 Executed 8 tests, with 0 failures (0 unexpected) in 0.001 (0.001) seconds
Test Suite 'ParakeetASRUnitTests' started at 2026-07-27 07:36:42.422.
Test Case '-[ParakeetASRTests.ParakeetASRUnitTests testConfidenceExpRange]' started.
Test Case '-[ParakeetASRTests.ParakeetASRUnitTests testConfidenceExpRange]' passed (0.000 seconds).
Test Case '-[ParakeetASRTests.ParakeetASRUnitTests testDecodeWordsBasic]' started.
Test Case '-[ParakeetASRTests.ParakeetASRUnitTests testDecodeWordsBasic]' passed (0.000 seconds).
Test Case '-[ParakeetASRTests.ParakeetASRUnitTests testDecodeWordsEmpty]' started.
Test Case '-[ParakeetASRTests.ParakeetASRUnitTests testDecodeWordsEmpty]' passed (0.000 seconds).
Test Case '-[ParakeetASRTests.ParakeetASRUnitTests testDecodeWordsMismatchedLengths]' started.
Test Case '-[ParakeetASRTests.ParakeetASRUnitTests testDecodeWordsMismatchedLengths]' passed (0.000 seconds).
Test Case '-[ParakeetASRTests.ParakeetASRUnitTests testDecodeWordsSubword]' started.
Test Case '-[ParakeetASRTests.ParakeetASRUnitTests testDecodeWordsSubword]' passed (0.000 seconds).
Test Case '-[ParakeetASRTests.ParakeetASRUnitTests testLanguageMaskAllowsOnlyRequestedTags]' started.
Test Case '-[ParakeetASRTests.ParakeetASRUnitTests testLanguageMaskAllowsOnlyRequestedTags]' passed (0.000 seconds).
Test Case '-[ParakeetASRTests.ParakeetASRUnitTests testLanguageTagExtraction]' started.
Test Case '-[ParakeetASRTests.ParakeetASRUnitTests testLanguageTagExtraction]' passed (0.000 seconds).
Test Case '-[ParakeetASRTests.ParakeetASRUnitTests testLogSoftmaxKnownValues]' started.
Test Case '-[ParakeetASRTests.ParakeetASRUnitTests testLogSoftmaxKnownValues]' passed (0.000 seconds).
Test Case '-[ParakeetASRTests.ParakeetASRUnitTests testMelNormalization]' started.
Test Case '-[ParakeetASRTests.ParakeetASRUnitTests testMelNormalization]' passed (0.016 seconds).
Test Case '-[ParakeetASRTests.ParakeetASRUnitTests testPerCallLanguagePrecedesOverrideUnlessItIsBlank]' started.
Test Case '-[ParakeetASRTests.ParakeetASRUnitTests testPerCallLanguagePrecedesOverrideUnlessItIsBlank]' passed (0.000 seconds).
Test Case '-[ParakeetASRTests.ParakeetASRUnitTests testTranscriptionResultBackwardCompat]' started.
Test Case '-[ParakeetASRTests.ParakeetASRUnitTests testTranscriptionResultBackwardCompat]' passed (0.000 seconds).
Test Case '-[ParakeetASRTests.ParakeetASRUnitTests testTranscriptionResultDefaultConfidence]' started.
Test Case '-[ParakeetASRTests.ParakeetASRUnitTests testTranscriptionResultDefaultConfidence]' passed (0.000 seconds).
Test Case '-[ParakeetASRTests.ParakeetASRUnitTests testTranscriptionResultHasConfidence]' started.
Test Case '-[ParakeetASRTests.ParakeetASRUnitTests testTranscriptionResultHasConfidence]' passed (0.000 seconds).
Test Case '-[ParakeetASRTests.ParakeetASRUnitTests testTranscriptionResultWithoutWords]' started.
Test Case '-[ParakeetASRTests.ParakeetASRUnitTests testTranscriptionResultWithoutWords]' passed (0.000 seconds).
Test Case '-[ParakeetASRTests.ParakeetASRUnitTests testTranscriptionResultWithWords]' started.
Test Case '-[ParakeetASRTests.ParakeetASRUnitTests testTranscriptionResultWithWords]' passed (0.000 seconds).
Test Case '-[ParakeetASRTests.ParakeetASRUnitTests testWordConfidenceRange]' started.
Test Case '-[ParakeetASRTests.ParakeetASRUnitTests testWordConfidenceRange]' passed (0.000 seconds).
Test Suite 'ParakeetASRUnitTests' passed at 2026-07-27 07:36:42.440.
	 Executed 16 tests, with 0 failures (0 unexpected) in 0.018 (0.018) seconds
Test Suite 'ParakeetStreamingASRTests' started at 2026-07-27 07:36:42.440.
Test Case '-[ParakeetStreamingASRTests.ParakeetStreamingASRTests testConfigCodable]' started.
Test Case '-[ParakeetStreamingASRTests.ParakeetStreamingASRTests testConfigCodable]' passed (0.000 seconds).
Test Case '-[ParakeetStreamingASRTests.ParakeetStreamingASRTests testConfigSendable]' started.
Test Case '-[ParakeetStreamingASRTests.ParakeetStreamingASRTests testConfigSendable]' passed (0.000 seconds).
Test Case '-[ParakeetStreamingASRTests.ParakeetStreamingASRTests testDefaultConfig]' started.
Test Case '-[ParakeetStreamingASRTests.ParakeetStreamingASRTests testDefaultConfig]' passed (0.000 seconds).
Test Case '-[ParakeetStreamingASRTests.ParakeetStreamingASRTests testEncoderCacheShapes]' started.
Test Case '-[ParakeetStreamingASRTests.ParakeetStreamingASRTests testEncoderCacheShapes]' passed (0.000 seconds).
Test Case '-[ParakeetStreamingASRTests.ParakeetStreamingASRTests testMelPreprocessorEmptyInput]' started.
Test Case '-[ParakeetStreamingASRTests.ParakeetStreamingASRTests testMelPreprocessorEmptyInput]' passed (0.008 seconds).
Test Case '-[ParakeetStreamingASRTests.ParakeetStreamingASRTests testMelPreprocessorSilence]' started.
Test Case '-[ParakeetStreamingASRTests.ParakeetStreamingASRTests testMelPreprocessorSilence]' passed (0.010 seconds).
Test Case '-[ParakeetStreamingASRTests.ParakeetStreamingASRTests testMelPreprocessorSineWave]' started.
Test Case '-[ParakeetStreamingASRTests.ParakeetStreamingASRTests testMelPreprocessorSineWave]' passed (0.011 seconds).
Test Case '-[ParakeetStreamingASRTests.ParakeetStreamingASRTests testModelIdConstant]' started.
Test Case '-[ParakeetStreamingASRTests.ParakeetStreamingASRTests testModelIdConstant]' passed (0.000 seconds).
Test Case '-[ParakeetStreamingASRTests.ParakeetStreamingASRTests testPartialTranscriptFinal]' started.
Test Case '-[ParakeetStreamingASRTests.ParakeetStreamingASRTests testPartialTranscriptFinal]' passed (0.000 seconds).
Test Case '-[ParakeetStreamingASRTests.ParakeetStreamingASRTests testPartialTranscriptSendable]' started.
Test Case '-[ParakeetStreamingASRTests.ParakeetStreamingASRTests testPartialTranscriptSendable]' passed (0.000 seconds).
Test Case '-[ParakeetStreamingASRTests.ParakeetStreamingASRTests testStreamingConfig]' started.
Test Case '-[ParakeetStreamingASRTests.ParakeetStreamingASRTests testStreamingConfig]' passed (0.000 seconds).
Test Case '-[ParakeetStreamingASRTests.ParakeetStreamingASRTests testVocabularyDecode]' started.
Test Case '-[ParakeetStreamingASRTests.ParakeetStreamingASRTests testVocabularyDecode]' passed (0.000 seconds).
Test Case '-[ParakeetStreamingASRTests.ParakeetStreamingASRTests testVocabularyDecodeEmpty]' started.
Test Case '-[ParakeetStreamingASRTests.ParakeetStreamingASRTests testVocabularyDecodeEmpty]' passed (0.000 seconds).
Test Case '-[ParakeetStreamingASRTests.ParakeetStreamingASRTests testVocabularyDecodeSkipsUnknown]' started.
Test Case '-[ParakeetStreamingASRTests.ParakeetStreamingASRTests testVocabularyDecodeSkipsUnknown]' passed (0.000 seconds).
Test Case '-[ParakeetStreamingASRTests.ParakeetStreamingASRTests testVocabularyDecodeSubwordMerging]' started.
Test Case '-[ParakeetStreamingASRTests.ParakeetStreamingASRTests testVocabularyDecodeSubwordMerging]' passed (0.000 seconds).
Test Case '-[ParakeetStreamingASRTests.ParakeetStreamingASRTests testVocabularyDecodeWords]' started.
Test Case '-[ParakeetStreamingASRTests.ParakeetStreamingASRTests testVocabularyDecodeWords]' passed (0.000 seconds).
Test Case '-[ParakeetStreamingASRTests.ParakeetStreamingASRTests testVocabularyDecodeWordsMismatchedCounts]' started.
Test Case '-[ParakeetStreamingASRTests.ParakeetStreamingASRTests testVocabularyDecodeWordsMismatchedCounts]' passed (0.000 seconds).
Test Suite 'ParakeetStreamingASRTests' passed at 2026-07-27 07:36:42.471.
	 Executed 17 tests, with 0 failures (0 unexpected) in 0.030 (0.031) seconds
Test Suite 'PersonaPlexTests' started at 2026-07-27 07:36:42.471.
Test Case '-[PersonaPlexTests.PersonaPlexTests testAudioChunkTextTokensDefault]' started.
Test Case '-[PersonaPlexTests.PersonaPlexTests testAudioChunkTextTokensDefault]' passed (0.000 seconds).
Test Case '-[PersonaPlexTests.PersonaPlexTests testDefaultConfig]' started.
Test Case '-[PersonaPlexTests.PersonaPlexTests testDefaultConfig]' passed (0.000 seconds).
Test Case '-[PersonaPlexTests.PersonaPlexTests testDelayPattern]' started.
Test Case '-[PersonaPlexTests.PersonaPlexTests testDelayPattern]' passed (0.000 seconds).
Test Case '-[PersonaPlexTests.PersonaPlexTests testDepformerConfig]' started.
Test Case '-[PersonaPlexTests.PersonaPlexTests testDepformerConfig]' passed (0.000 seconds).
Test Case '-[PersonaPlexTests.PersonaPlexTests testDepformerDimFeedforward]' started.
Test Case '-[PersonaPlexTests.PersonaPlexTests testDepformerDimFeedforward]' passed (0.000 seconds).
Test Case '-[PersonaPlexTests.PersonaPlexTests testEntropyConfigDefaults]' started.
Test Case '-[PersonaPlexTests.PersonaPlexTests testEntropyConfigDefaults]' passed (0.000 seconds).
Test Case '-[PersonaPlexTests.PersonaPlexTests testEntropyConfigMutation]' started.
Test Case '-[PersonaPlexTests.PersonaPlexTests testEntropyConfigMutation]' passed (0.000 seconds).
Test Case '-[PersonaPlexTests.PersonaPlexTests testHiddenScaleCalculation]' started.
Test Case '-[PersonaPlexTests.PersonaPlexTests testHiddenScaleCalculation]' passed (0.000 seconds).
Test Case '-[PersonaPlexTests.PersonaPlexTests testMimiConfig]' started.
Test Case '-[PersonaPlexTests.PersonaPlexTests testMimiConfig]' passed (0.000 seconds).
Test Case '-[PersonaPlexTests.PersonaPlexTests testModelVariantConstants]' started.
Test Case '-[PersonaPlexTests.PersonaPlexTests testModelVariantConstants]' passed (0.000 seconds).
Test Case '-[PersonaPlexTests.PersonaPlexTests testMultiLinearDifferentSteps]' started.
Test Case '-[PersonaPlexTests.PersonaPlexTests testMultiLinearDifferentSteps]' passed (0.002 seconds).
Test Case '-[PersonaPlexTests.PersonaPlexTests testMultiLinearWeightIndexing]' started.
Test Case '-[PersonaPlexTests.PersonaPlexTests testMultiLinearWeightIndexing]' passed (0.001 seconds).
Test Case '-[PersonaPlexTests.PersonaPlexTests testSampleTopKArgmax]' started.
Test Case '-[PersonaPlexTests.PersonaPlexTests testSampleTopKArgmax]' passed (0.000 seconds).
Test Case '-[PersonaPlexTests.PersonaPlexTests testSampleTopKWithTemperature]' started.
Test Case '-[PersonaPlexTests.PersonaPlexTests testSampleTopKWithTemperature]' passed (0.006 seconds).
Test Case '-[PersonaPlexTests.PersonaPlexTests testSamplingConfig]' started.
Test Case '-[PersonaPlexTests.PersonaPlexTests testSamplingConfig]' passed (0.000 seconds).
Test Case '-[PersonaPlexTests.PersonaPlexTests testSamplingConfigCustom]' started.
Test Case '-[PersonaPlexTests.PersonaPlexTests testSamplingConfigCustom]' passed (0.000 seconds).
Test Case '-[PersonaPlexTests.PersonaPlexTests testSentencePieceDecoderLoad]' started.
/Users/ivan/repos/speech-swift-tts-download/Tests/PersonaPlexTests/PersonaPlexTests.swift:148: -[PersonaPlexTests.PersonaPlexTests testSentencePieceDecoderLoad] : Test skipped - SentencePiece model not cached at /Users/ivan/Library/Caches/qwen3-speech/models/aufklarer/PersonaPlex-7B-MLX-4bit/tokenizer_spm_32k_3.model
Test Case '-[PersonaPlexTests.PersonaPlexTests testSentencePieceDecoderLoad]' skipped (0.000 seconds).
Test Case '-[PersonaPlexTests.PersonaPlexTests testSentencePieceEncodeMatchesPreset]' started.
/Users/ivan/repos/speech-swift-tts-download/Tests/PersonaPlexTests/PersonaPlexTests.swift:227: -[PersonaPlexTests.PersonaPlexTests testSentencePieceEncodeMatchesPreset] : Test skipped - SentencePiece model not cached at /Users/ivan/Library/Caches/qwen3-speech/models/aufklarer/PersonaPlex-7B-MLX-4bit/tokenizer_spm_32k_3.model
Test Case '-[PersonaPlexTests.PersonaPlexTests testSentencePieceEncodeMatchesPreset]' skipped (0.000 seconds).
Test Case '-[PersonaPlexTests.PersonaPlexTests testSentencePieceEncoderRoundTrip]' started.
/Users/ivan/repos/speech-swift-tts-download/Tests/PersonaPlexTests/PersonaPlexTests.swift:175: -[PersonaPlexTests.PersonaPlexTests testSentencePieceEncoderRoundTrip] : Test skipped - SentencePiece model not cached at /Users/ivan/Library/Caches/qwen3-speech/models/aufklarer/PersonaPlex-7B-MLX-4bit/tokenizer_spm_32k_3.model
Test Case '-[PersonaPlexTests.PersonaPlexTests testSentencePieceEncoderRoundTrip]' skipped (0.000 seconds).
Test Case '-[PersonaPlexTests.PersonaPlexTests testSentencePieceEncodeSystemPrompt]' started.
/Users/ivan/repos/speech-swift-tts-download/Tests/PersonaPlexTests/PersonaPlexTests.swift:199: -[PersonaPlexTests.PersonaPlexTests testSentencePieceEncodeSystemPrompt] : Test skipped - SentencePiece model not cached at /Users/ivan/Library/Caches/qwen3-speech/models/aufklarer/PersonaPlex-7B-MLX-4bit/tokenizer_spm_32k_3.model
Test Case '-[PersonaPlexTests.PersonaPlexTests testSentencePieceEncodeSystemPrompt]' skipped (0.000 seconds).
Test Case '-[PersonaPlexTests.PersonaPlexTests testSilenceTokensAreValid]' started.
Test Case '-[PersonaPlexTests.PersonaPlexTests testSilenceTokensAreValid]' passed (0.000 seconds).
Test Case '-[PersonaPlexTests.PersonaPlexTests testTextRepetitionPenaltyArgmax]' started.
Test Case '-[PersonaPlexTests.PersonaPlexTests testTextRepetitionPenaltyArgmax]' passed (0.001 seconds).
Test Case '-[PersonaPlexTests.PersonaPlexTests testTextRepetitionPenaltyDisabled]' started.
Test Case '-[PersonaPlexTests.PersonaPlexTests testTextRepetitionPenaltyDisabled]' passed (0.001 seconds).
Test Case '-[PersonaPlexTests.PersonaPlexTests testTextRepetitionPenaltyReducesRepeats]' started.
Test Case '-[PersonaPlexTests.PersonaPlexTests testTextRepetitionPenaltyReducesRepeats]' passed (0.028 seconds).
Test Case '-[PersonaPlexTests.PersonaPlexTests testVoiceFilesExist]' started.
/Users/ivan/repos/speech-swift-tts-download/Tests/PersonaPlexTests/PersonaPlexTests.swift:382: -[PersonaPlexTests.PersonaPlexTests testVoiceFilesExist] : Test skipped - Voice directory not found at /Users/ivan/Library/Caches/qwen3-speech/models/aufklarer/PersonaPlex-7B-MLX-4bit/voices — model not cached
Test Case '-[PersonaPlexTests.PersonaPlexTests testVoiceFilesExist]' skipped (0.000 seconds).
Test Case '-[PersonaPlexTests.PersonaPlexTests testVoicePresetLoading]' started.
/Users/ivan/repos/speech-swift-tts-download/Tests/PersonaPlexTests/PersonaPlexTests.swift:407: -[PersonaPlexTests.PersonaPlexTests testVoicePresetLoading] : Test skipped - Voice file not cached: /Users/ivan/Library/Caches/qwen3-speech/models/aufklarer/PersonaPlex-7B-MLX-4bit/voices/NATF1.safetensors
Test Case '-[PersonaPlexTests.PersonaPlexTests testVoicePresetLoading]' skipped (0.000 seconds).
Test Case '-[PersonaPlexTests.PersonaPlexTests testVoicePresets]' started.
Test Case '-[PersonaPlexTests.PersonaPlexTests testVoicePresets]' passed (0.000 seconds).
Test Suite 'PersonaPlexTests' passed at 2026-07-27 07:36:42.514.
	 Executed 27 tests, with 6 tests skipped and 0 failures (0 unexpected) in 0.042 (0.043) seconds
Test Suite 'PipelineConfigTests' started at 2026-07-27 07:36:42.514.
Test Case '-[SpeechCoreTests.PipelineConfigTests testDefaultConfig]' started.
Test Case '-[SpeechCoreTests.PipelineConfigTests testDefaultConfig]' passed (0.000 seconds).
Test Case '-[SpeechCoreTests.PipelineConfigTests testEchoMode]' started.
Test Case '-[SpeechCoreTests.PipelineConfigTests testEchoMode]' passed (0.000 seconds).
Test Case '-[SpeechCoreTests.PipelineConfigTests testTranscribeOnlyMode]' started.
Test Case '-[SpeechCoreTests.PipelineConfigTests testTranscribeOnlyMode]' passed (0.000 seconds).
Test Case '-[SpeechCoreTests.PipelineConfigTests testVoicePipelineMode]' started.
Test Case '-[SpeechCoreTests.PipelineConfigTests testVoicePipelineMode]' passed (0.000 seconds).
Test Suite 'PipelineConfigTests' passed at 2026-07-27 07:36:42.515.
	 Executed 4 tests, with 0 failures (0 unexpected) in 0.000 (0.001) seconds
Test Suite 'PipelineStateTests' started at 2026-07-27 07:36:42.515.
Test Case '-[SpeechCoreTests.PipelineStateTests testAllStatesHaveRawValues]' started.
Test Case '-[SpeechCoreTests.PipelineStateTests testAllStatesHaveRawValues]' passed (0.000 seconds).
Test Case '-[SpeechCoreTests.PipelineStateTests testInvalidStateReturnsNil]' started.
Test Case '-[SpeechCoreTests.PipelineStateTests testInvalidStateReturnsNil]' passed (0.000 seconds).
Test Case '-[SpeechCoreTests.PipelineStateTests testStateRoundtrip]' started.
Test Case '-[SpeechCoreTests.PipelineStateTests testStateRoundtrip]' passed (0.000 seconds).
Test Suite 'PipelineStateTests' passed at 2026-07-27 07:36:42.515.
	 Executed 3 tests, with 0 failures (0 unexpected) in 0.000 (0.000) seconds
Test Suite 'PipelineToolTests' started at 2026-07-27 07:36:42.515.
Test Case '-[AudioCommonTests.PipelineToolTests testMultipleToolsCreation]' started.
Test Case '-[AudioCommonTests.PipelineToolTests testMultipleToolsCreation]' passed (0.000 seconds).
Test Case '-[AudioCommonTests.PipelineToolTests testToolCreation]' started.
Test Case '-[AudioCommonTests.PipelineToolTests testToolCreation]' passed (0.000 seconds).
Test Case '-[AudioCommonTests.PipelineToolTests testToolHandlerEmptyArgs]' started.
Test Case '-[AudioCommonTests.PipelineToolTests testToolHandlerEmptyArgs]' passed (0.000 seconds).
Test Case '-[AudioCommonTests.PipelineToolTests testToolHandlerExecution]' started.
Test Case '-[AudioCommonTests.PipelineToolTests testToolHandlerExecution]' passed (0.000 seconds).
Test Case '-[AudioCommonTests.PipelineToolTests testToolWithCooldown]' started.
Test Case '-[AudioCommonTests.PipelineToolTests testToolWithCooldown]' passed (0.000 seconds).
Test Suite 'PipelineToolTests' passed at 2026-07-27 07:36:42.516.
	 Executed 5 tests, with 0 failures (0 unexpected) in 0.000 (0.000) seconds
Test Suite 'PrecisionGateTests' started at 2026-07-27 07:36:42.516.
Test Case '-[OmniVoiceTTSTests.PrecisionGateTests testBackboneCondRowFp32Exact]' started.
/Users/ivan/repos/speech-swift-tts-download/Tests/OmniVoiceTTSTests/PrecisionGateTests.swift:46: -[OmniVoiceTTSTests.PrecisionGateTests testBackboneCondRowFp32Exact] : Test skipped - missing /tmp/omnivoice-fp32/model.safetensors
Test Case '-[OmniVoiceTTSTests.PrecisionGateTests testBackboneCondRowFp32Exact]' skipped (0.000 seconds).
Test Case '-[OmniVoiceTTSTests.PrecisionGateTests testCodecDecodeFp32Exact]' started.
/Users/ivan/repos/speech-swift-tts-download/Tests/OmniVoiceTTSTests/PrecisionGateTests.swift:127: -[OmniVoiceTTSTests.PrecisionGateTests testCodecDecodeFp32Exact] : Test skipped - missing /tmp/omnivoice-fp32/audio_tokenizer/model.safetensors
Test Case '-[OmniVoiceTTSTests.PrecisionGateTests testCodecDecodeFp32Exact]' skipped (0.000 seconds).
Test Case '-[OmniVoiceTTSTests.PrecisionGateTests testDiffusionFp32Exact]' started.
/Users/ivan/repos/speech-swift-tts-download/Tests/OmniVoiceTTSTests/PrecisionGateTests.swift:82: -[OmniVoiceTTSTests.PrecisionGateTests testDiffusionFp32Exact] : Test skipped - missing /tmp/omnivoice-fp32/model.safetensors
Test Case '-[OmniVoiceTTSTests.PrecisionGateTests testDiffusionFp32Exact]' skipped (0.000 seconds).
Test Suite 'PrecisionGateTests' passed at 2026-07-27 07:36:42.516.
	 Executed 3 tests, with 3 tests skipped and 0 failures (0 unexpected) in 0.000 (0.000) seconds
Test Suite 'QuantizedBatchInvarianceProbeTests' started at 2026-07-27 07:36:42.516.
Test Case '-[Qwen3ASRTests.QuantizedBatchInvarianceProbeTests testQProjKNormRopeAtT1]' started.
XCTExpectFailure: matcher accepted Assertion Failure at QuantizedBatchInvarianceProbe.swift:210: XCTAssertEqual failed: ("5.446372") is not equal to ("0.0") - qProj + RMSNorm + RoPE chain on identical rows at T=1 must be row-symmetric
QuantizedBatchInvarianceProbe.swift:210: Expected failure in -[Qwen3ASRTests.QuantizedBatchInvarianceProbeTests testQProjKNormRopeAtT1]: XCTAssertEqual failed: ("5.446372") is not equal to ("0.0") - qProj + RMSNorm + RoPE chain on identical rows at T=1 must be row-symmetricReason: (ml-explore/mlx-swift#401 — drop this expectation when fixed.)
Test Case '-[Qwen3ASRTests.QuantizedBatchInvarianceProbeTests testQProjKNormRopeAtT1]' passed (0.021 seconds).
Test Case '-[Qwen3ASRTests.QuantizedBatchInvarianceProbeTests testQProjPlusKNormAtT1]' started.
Test Case '-[Qwen3ASRTests.QuantizedBatchInvarianceProbeTests testQProjPlusKNormAtT1]' passed (0.002 seconds).
Test Case '-[Qwen3ASRTests.QuantizedBatchInvarianceProbeTests testQuantizedMatmulAtT1]' started.
Test Case '-[Qwen3ASRTests.QuantizedBatchInvarianceProbeTests testQuantizedMatmulAtT1]' passed (0.002 seconds).
Test Case '-[Qwen3ASRTests.QuantizedBatchInvarianceProbeTests testQuantizedMatmulAtT148]' started.
Test Case '-[Qwen3ASRTests.QuantizedBatchInvarianceProbeTests testQuantizedMatmulAtT148]' passed (0.033 seconds).
Test Case '-[Qwen3ASRTests.QuantizedBatchInvarianceProbeTests testRopeAtT1B1Offset148]' started.
Test Case '-[Qwen3ASRTests.QuantizedBatchInvarianceProbeTests testRopeAtT1B1Offset148]' passed (0.002 seconds).
Test Case '-[Qwen3ASRTests.QuantizedBatchInvarianceProbeTests testRopeAtT1Offset0]' started.
XCTExpectFailure: matcher accepted Assertion Failure at QuantizedBatchInvarianceProbe.swift:133: XCTAssertEqual failed: ("4.8265014") is not equal to ("0.0")
QuantizedBatchInvarianceProbe.swift:133: Expected failure in -[Qwen3ASRTests.QuantizedBatchInvarianceProbeTests testRopeAtT1Offset0]: XCTAssertEqual failed: ("4.8265014") is not equal to ("0.0")Reason: (ml-explore/mlx-swift#401 — drop this expectation when fixed.)
Test Case '-[Qwen3ASRTests.QuantizedBatchInvarianceProbeTests testRopeAtT1Offset0]' passed (0.001 seconds).
Test Case '-[Qwen3ASRTests.QuantizedBatchInvarianceProbeTests testRopeAtT1Offset148]' started.
XCTExpectFailure: matcher accepted Assertion Failure at QuantizedBatchInvarianceProbe.swift:149: XCTAssertEqual failed: ("5.853364") is not equal to ("0.0")
QuantizedBatchInvarianceProbe.swift:149: Expected failure in -[Qwen3ASRTests.QuantizedBatchInvarianceProbeTests testRopeAtT1Offset148]: XCTAssertEqual failed: ("5.853364") is not equal to ("0.0")Reason: (ml-explore/mlx-swift#401 — drop this expectation when fixed.)
Test Case '-[Qwen3ASRTests.QuantizedBatchInvarianceProbeTests testRopeAtT1Offset148]' passed (0.001 seconds).
Test Case '-[Qwen3ASRTests.QuantizedBatchInvarianceProbeTests testRopeAtT2Offset148]' started.
Test Case '-[Qwen3ASRTests.QuantizedBatchInvarianceProbeTests testRopeAtT2Offset148]' passed (0.001 seconds).
Test Suite 'QuantizedBatchInvarianceProbeTests' passed at 2026-07-27 07:36:42.579.
	 Executed 8 tests, with 0 failures (0 unexpected) in 0.062 (0.063) seconds
Test Suite 'Qwen35PipelineLLMTests' started at 2026-07-27 07:36:42.579.
Test Case '-[Qwen3ChatTests.Qwen35PipelineLLMTests testCancellationStillFinalizesExactlyOnce]' started.
Test Case '-[Qwen3ChatTests.Qwen35PipelineLLMTests testCancellationStillFinalizesExactlyOnce]' passed (0.001 seconds).
Test Case '-[Qwen3ChatTests.Qwen35PipelineLLMTests testEmptyGenerationStillFinalizesExactlyOnce]' started.
Test Case '-[Qwen3ChatTests.Qwen35PipelineLLMTests testEmptyGenerationStillFinalizesExactlyOnce]' passed (0.000 seconds).
Test Case '-[Qwen3ChatTests.Qwen35PipelineLLMTests testFailureBeforeFirstTokenStillFinalizesExactlyOnce]' started.
Qwen35PipelineLLM: generation failed: generationFailed
Test Case '-[Qwen3ChatTests.Qwen35PipelineLLMTests testFailureBeforeFirstTokenStillFinalizesExactlyOnce]' passed (0.000 seconds).
Test Case '-[Qwen3ChatTests.Qwen35PipelineLLMTests testTokensAreFollowedByExactlyOneFinalMarker]' started.
Test Case '-[Qwen3ChatTests.Qwen35PipelineLLMTests testTokensAreFollowedByExactlyOneFinalMarker]' passed (0.000 seconds).
Test Suite 'Qwen35PipelineLLMTests' passed at 2026-07-27 07:36:42.580.
	 Executed 4 tests, with 0 failures (0 unexpected) in 0.001 (0.001) seconds
Test Suite 'Qwen3ASRBatchedDecodeTests' started at 2026-07-27 07:36:42.580.
Test Case '-[Qwen3ASRTests.Qwen3ASRBatchedDecodeTests testBatchConvenienceArgumentsOverrideMatchingOptions]' started.
Test Case '-[Qwen3ASRTests.Qwen3ASRBatchedDecodeTests testBatchConvenienceArgumentsOverrideMatchingOptions]' passed (0.000 seconds).
Test Case '-[Qwen3ASRTests.Qwen3ASRBatchedDecodeTests testBatchOptionResolutionPreservesOptionsByDefault]' started.
Test Case '-[Qwen3ASRTests.Qwen3ASRBatchedDecodeTests testBatchOptionResolutionPreservesOptionsByDefault]' passed (0.000 seconds).
Test Case '-[Qwen3ASRTests.Qwen3ASRBatchedDecodeTests testIsGreedyFastPathFalseForCombinedNonGreedyOptions]' started.
Test Case '-[Qwen3ASRTests.Qwen3ASRBatchedDecodeTests testIsGreedyFastPathFalseForCombinedNonGreedyOptions]' passed (0.000 seconds).
Test Case '-[Qwen3ASRTests.Qwen3ASRBatchedDecodeTests testIsGreedyFastPathFalseForNoRepeatNgram]' started.
Test Case '-[Qwen3ASRTests.Qwen3ASRBatchedDecodeTests testIsGreedyFastPathFalseForNoRepeatNgram]' passed (0.000 seconds).
Test Case '-[Qwen3ASRTests.Qwen3ASRBatchedDecodeTests testIsGreedyFastPathFalseForRepetitionPenalty]' started.
Test Case '-[Qwen3ASRTests.Qwen3ASRBatchedDecodeTests testIsGreedyFastPathFalseForRepetitionPenalty]' passed (0.000 seconds).
Test Case '-[Qwen3ASRTests.Qwen3ASRBatchedDecodeTests testIsGreedyFastPathFalseForTemperature]' started.
Test Case '-[Qwen3ASRTests.Qwen3ASRBatchedDecodeTests testIsGreedyFastPathFalseForTemperature]' passed (0.000 seconds).
Test Case '-[Qwen3ASRTests.Qwen3ASRBatchedDecodeTests testIsGreedyFastPathTrueForDefaultOptions]' started.
Test Case '-[Qwen3ASRTests.Qwen3ASRBatchedDecodeTests testIsGreedyFastPathTrueForDefaultOptions]' passed (0.000 seconds).
Test Case '-[Qwen3ASRTests.Qwen3ASRBatchedDecodeTests testPromptTokenIdsMatchDefaultTemplateBoundaries]' started.
Test Case '-[Qwen3ASRTests.Qwen3ASRBatchedDecodeTests testPromptTokenIdsMatchDefaultTemplateBoundaries]' passed (0.000 seconds).
Test Case '-[Qwen3ASRTests.Qwen3ASRBatchedDecodeTests testSeqLenBucketsGroupEqualLengthsAndPreserveInputOrder]' started.
Test Case '-[Qwen3ASRTests.Qwen3ASRBatchedDecodeTests testSeqLenBucketsGroupEqualLengthsAndPreserveInputOrder]' passed (0.000 seconds).
Test Case '-[Qwen3ASRTests.Qwen3ASRBatchedDecodeTests testSeqLenBucketsRespectMaxBatchSize]' started.
Test Case '-[Qwen3ASRTests.Qwen3ASRBatchedDecodeTests testSeqLenBucketsRespectMaxBatchSize]' passed (0.000 seconds).
Test Suite 'Qwen3ASRBatchedDecodeTests' passed at 2026-07-27 07:36:42.581.
	 Executed 10 tests, with 0 failures (0 unexpected) in 0.001 (0.001) seconds
Test Suite 'Qwen3ASRTests' started at 2026-07-27 07:36:42.581.
Test Case '-[Qwen3ASRTests.Qwen3ASRTests testASRModelSizeBitsDetection]' started.
Test Case '-[Qwen3ASRTests.Qwen3ASRTests testASRModelSizeBitsDetection]' passed (0.000 seconds).
Test Case '-[Qwen3ASRTests.Qwen3ASRTests testASRModelSizeConfigs]' started.
Test Case '-[Qwen3ASRTests.Qwen3ASRTests testASRModelSizeConfigs]' passed (0.000 seconds).
Test Case '-[Qwen3ASRTests.Qwen3ASRTests testASRModelSizeDetection]' started.
Test Case '-[Qwen3ASRTests.Qwen3ASRTests testASRModelSizeDetection]' passed (0.000 seconds).
Test Case '-[Qwen3ASRTests.Qwen3ASRTests testASRModelSizeTextConfigWithBits]' started.
Test Case '-[Qwen3ASRTests.Qwen3ASRTests testASRModelSizeTextConfigWithBits]' passed (0.000 seconds).
Test Case '-[Qwen3ASRTests.Qwen3ASRTests testAudioEncoderConfig]' started.
Test Case '-[Qwen3ASRTests.Qwen3ASRTests testAudioEncoderConfig]' passed (0.000 seconds).
Test Case '-[Qwen3ASRTests.Qwen3ASRTests testAudioEncoderCreation]' started.
Test Case '-[Qwen3ASRTests.Qwen3ASRTests testAudioEncoderCreation]' passed (0.024 seconds).
Test Case '-[Qwen3ASRTests.Qwen3ASRTests testAudioEncoderLargeConfig]' started.
Test Case '-[Qwen3ASRTests.Qwen3ASRTests testAudioEncoderLargeConfig]' passed (0.000 seconds).
Test Case '-[Qwen3ASRTests.Qwen3ASRTests testAudioFileLoaderWAV]' started.
Test Case '-[Qwen3ASRTests.Qwen3ASRTests testAudioFileLoaderWAV]' passed (0.046 seconds).
Test Case '-[Qwen3ASRTests.Qwen3ASRTests testDecode4ByteUTF8CJKExtensionB]' started.
Test Case '-[Qwen3ASRTests.Qwen3ASRTests testDecode4ByteUTF8CJKExtensionB]' passed (0.000 seconds).
Test Case '-[Qwen3ASRTests.Qwen3ASRTests testDecodeASRTextMarkerBetweenMultiByteSequences]' started.
Test Case '-[Qwen3ASRTests.Qwen3ASRTests testDecodeASRTextMarkerBetweenMultiByteSequences]' passed (0.000 seconds).
Test Case '-[Qwen3ASRTests.Qwen3ASRTests testDecodeBPETokenSpanningUTF8Boundary]' started.
Test Case '-[Qwen3ASRTests.Qwen3ASRTests testDecodeBPETokenSpanningUTF8Boundary]' passed (0.000 seconds).
Test Case '-[Qwen3ASRTests.Qwen3ASRTests testDecodeCJKSplitAcrossThreeTokens]' started.
Test Case '-[Qwen3ASRTests.Qwen3ASRTests testDecodeCJKSplitAcrossThreeTokens]' passed (0.000 seconds).
Test Case '-[Qwen3ASRTests.Qwen3ASRTests testDecodeConsecutiveMultiByteCharacters]' started.
Test Case '-[Qwen3ASRTests.Qwen3ASRTests testDecodeConsecutiveMultiByteCharacters]' passed (0.000 seconds).
Test Case '-[Qwen3ASRTests.Qwen3ASRTests testDecodeGPrefixBeforeMultiByteCharacter]' started.
Test Case '-[Qwen3ASRTests.Qwen3ASRTests testDecodeGPrefixBeforeMultiByteCharacter]' passed (0.000 seconds).
Test Case '-[Qwen3ASRTests.Qwen3ASRTests testDecodeJapaneseMixedHiraganaKanji]' started.
Test Case '-[Qwen3ASRTests.Qwen3ASRTests testDecodeJapaneseMixedHiraganaKanji]' passed (0.000 seconds).
Test Case '-[Qwen3ASRTests.Qwen3ASRTests testDecodeKoreanHangul]' started.
Test Case '-[Qwen3ASRTests.Qwen3ASRTests testDecodeKoreanHangul]' passed (0.000 seconds).
Test Case '-[Qwen3ASRTests.Qwen3ASRTests testDecodeMixedASCIIAndCJK]' started.
Test Case '-[Qwen3ASRTests.Qwen3ASRTests testDecodeMixedASCIIAndCJK]' passed (0.000 seconds).
Test Case '-[Qwen3ASRTests.Qwen3ASRTests testDecodeSpecialTokenSkippedBetweenCJKBytes]' started.
Test Case '-[Qwen3ASRTests.Qwen3ASRTests testDecodeSpecialTokenSkippedBetweenCJKBytes]' passed (0.000 seconds).
Test Case '-[Qwen3ASRTests.Qwen3ASRTests testDecodeTruncatedUTF8FallsBackToReplacementChar]' started.
Test Case '-[Qwen3ASRTests.Qwen3ASRTests testDecodeTruncatedUTF8FallsBackToReplacementChar]' passed (0.000 seconds).
Test Case '-[Qwen3ASRTests.Qwen3ASRTests testDecodeUnknownTokenIdBetweenCJKBytes]' started.
Test Case '-[Qwen3ASRTests.Qwen3ASRTests testDecodeUnknownTokenIdBetweenCJKBytes]' passed (0.000 seconds).
Test Case '-[Qwen3ASRTests.Qwen3ASRTests testFeatureExtractor]' started.
Test Case '-[Qwen3ASRTests.Qwen3ASRTests testFeatureExtractor]' passed (0.015 seconds).
Test Case '-[Qwen3ASRTests.Qwen3ASRTests testFeatureExtractorWithSineWave]' started.
Test Case '-[Qwen3ASRTests.Qwen3ASRTests testFeatureExtractorWithSineWave]' passed (0.017 seconds).
Test Case '-[Qwen3ASRTests.Qwen3ASRTests testModelCreation]' started.
Test Case '-[Qwen3ASRTests.Qwen3ASRTests testModelCreation]' passed (0.019 seconds).
Test Case '-[Qwen3ASRTests.Qwen3ASRTests testQwen3ASRConfig]' started.
Test Case '-[Qwen3ASRTests.Qwen3ASRTests testQwen3ASRConfig]' passed (0.000 seconds).
Test Case '-[Qwen3ASRTests.Qwen3ASRTests testTextDecoderConfig]' started.
Test Case '-[Qwen3ASRTests.Qwen3ASRTests testTextDecoderConfig]' passed (0.000 seconds).
Test Case '-[Qwen3ASRTests.Qwen3ASRTests testTextDecoderConfig8bit]' started.
Test Case '-[Qwen3ASRTests.Qwen3ASRTests testTextDecoderConfig8bit]' passed (0.000 seconds).
Test Case '-[Qwen3ASRTests.Qwen3ASRTests testTokenizerDecodeWithASRMarker]' started.
/Users/ivan/repos/speech-swift-tts-download/Tests/Qwen3ASRTests/Qwen3ASRTests.swift:243: -[Qwen3ASRTests.Qwen3ASRTests testTokenizerDecodeWithASRMarker] : Test skipped - Tokenizer vocab.json not found - run model download first
Test Case '-[Qwen3ASRTests.Qwen3ASRTests testTokenizerDecodeWithASRMarker]' skipped (0.000 seconds).
Test Case '-[Qwen3ASRTests.Qwen3ASRTests testTokenizerLoadsAddedTokens]' started.
/Users/ivan/repos/speech-swift-tts-download/Tests/Qwen3ASRTests/Qwen3ASRTests.swift:222: -[Qwen3ASRTests.Qwen3ASRTests testTokenizerLoadsAddedTokens] : Test skipped - Tokenizer vocab.json not found - run model download first
Test Case '-[Qwen3ASRTests.Qwen3ASRTests testTokenizerLoadsAddedTokens]' skipped (0.000 seconds).
Test Case '-[Qwen3ASRTests.Qwen3ASRTests testTokenizerLoadsVocab]' started.
/Users/ivan/repos/speech-swift-tts-download/Tests/Qwen3ASRTests/Qwen3ASRTests.swift:205: -[Qwen3ASRTests.Qwen3ASRTests testTokenizerLoadsVocab] : Test skipped - Tokenizer vocab.json not found - run model download first
Test Case '-[Qwen3ASRTests.Qwen3ASRTests testTokenizerLoadsVocab]' skipped (0.000 seconds).
Test Case '-[Qwen3ASRTests.Qwen3ASRTests testTokenizerSkipsSpecialTokensWithPipes]' started.
/Users/ivan/repos/speech-swift-tts-download/Tests/Qwen3ASRTests/Qwen3ASRTests.swift:458: -[Qwen3ASRTests.Qwen3ASRTests testTokenizerSkipsSpecialTokensWithPipes] : Test skipped - Tokenizer vocab.json not found - run model download first
Test Case '-[Qwen3ASRTests.Qwen3ASRTests testTokenizerSkipsSpecialTokensWithPipes]' skipped (0.000 seconds).
Test Suite 'Qwen3ASRTests' passed at 2026-07-27 07:36:42.707.
	 Executed 30 tests, with 4 tests skipped and 0 failures (0 unexpected) in 0.125 (0.126) seconds
Test Suite 'Qwen3AdaptiveDecodingTests' started at 2026-07-27 07:36:42.707.
Test Case '-[Qwen3ASRTests.Qwen3AdaptiveDecodingTests testAudioAtExactThresholdDoesNotEscalate]' started.
Test Case '-[Qwen3ASRTests.Qwen3AdaptiveDecodingTests testAudioAtExactThresholdDoesNotEscalate]' passed (0.000 seconds).
Test Case '-[Qwen3ASRTests.Qwen3AdaptiveDecodingTests testCallerExplicitlySetZeroNgramIsIndistinguishableFromDefault]' started.
Test Case '-[Qwen3ASRTests.Qwen3AdaptiveDecodingTests testCallerExplicitlySetZeroNgramIsIndistinguishableFromDefault]' passed (0.000 seconds).
Test Case '-[Qwen3ASRTests.Qwen3AdaptiveDecodingTests testCallerSetNgramSizeIsHonouredOverThreshold]' started.
Test Case '-[Qwen3ASRTests.Qwen3AdaptiveDecodingTests testCallerSetNgramSizeIsHonouredOverThreshold]' passed (0.000 seconds).
Test Case '-[Qwen3ASRTests.Qwen3AdaptiveDecodingTests testEscalationDisabledByZeroLongInputNgram]' started.
Test Case '-[Qwen3ASRTests.Qwen3AdaptiveDecodingTests testEscalationDisabledByZeroLongInputNgram]' passed (0.000 seconds).
Test Case '-[Qwen3ASRTests.Qwen3AdaptiveDecodingTests testIdentityReturnPreservesAllFields]' started.
Test Case '-[Qwen3ASRTests.Qwen3AdaptiveDecodingTests testIdentityReturnPreservesAllFields]' passed (0.000 seconds).
Test Case '-[Qwen3ASRTests.Qwen3AdaptiveDecodingTests testInfiniteThresholdDisablesEscalation]' started.
Test Case '-[Qwen3ASRTests.Qwen3AdaptiveDecodingTests testInfiniteThresholdDisablesEscalation]' passed (0.000 seconds).
Test Case '-[Qwen3ASRTests.Qwen3AdaptiveDecodingTests testLongAudioWithDefaultsEscalates]' started.
Test Case '-[Qwen3ASRTests.Qwen3AdaptiveDecodingTests testLongAudioWithDefaultsEscalates]' passed (0.000 seconds).
Test Case '-[Qwen3ASRTests.Qwen3AdaptiveDecodingTests testShortAudioWithDefaultsReturnsIdentity]' started.
Test Case '-[Qwen3ASRTests.Qwen3AdaptiveDecodingTests testShortAudioWithDefaultsReturnsIdentity]' passed (0.000 seconds).
Test Suite 'Qwen3AdaptiveDecodingTests' passed at 2026-07-27 07:36:42.708.
	 Executed 8 tests, with 0 failures (0 unexpected) in 0.001 (0.001) seconds
Test Suite 'Qwen3ChatConfigTests' started at 2026-07-27 07:36:42.708.
Test Case '-[Qwen3ChatTests.Qwen3ChatConfigTests testCodableRoundTrip]' started.
Test Case '-[Qwen3ChatTests.Qwen3ChatConfigTests testCodableRoundTrip]' passed (0.000 seconds).
Test Case '-[Qwen3ChatTests.Qwen3ChatConfigTests testLoadFromFile]' started.
Test Case '-[Qwen3ChatTests.Qwen3ChatConfigTests testLoadFromFile]' passed (0.000 seconds).
Test Case '-[Qwen3ChatTests.Qwen3ChatConfigTests testQwen35_08B]' started.
Test Case '-[Qwen3ChatTests.Qwen3ChatConfigTests testQwen35_08B]' passed (0.000 seconds).
Test Case '-[Qwen3ChatTests.Qwen3ChatConfigTests testQwen35ConfigFromJson]' started.
Test Case '-[Qwen3ChatTests.Qwen3ChatConfigTests testQwen35ConfigFromJson]' passed (0.000 seconds).
Test Case '-[Qwen3ChatTests.Qwen3ChatConfigTests testQwen35ConfigRoundTrip]' started.
Test Case '-[Qwen3ChatTests.Qwen3ChatConfigTests testQwen35ConfigRoundTrip]' passed (0.000 seconds).
Test Case '-[Qwen3ChatTests.Qwen3ChatConfigTests testQwen35DeltaNetConfig]' started.
Test Case '-[Qwen3ChatTests.Qwen3ChatConfigTests testQwen35DeltaNetConfig]' passed (0.000 seconds).
Test Case '-[Qwen3ChatTests.Qwen3ChatConfigTests testQwen35LayerTypes]' started.
Test Case '-[Qwen3ChatTests.Qwen3ChatConfigTests testQwen35LayerTypes]' passed (0.000 seconds).
Test Case '-[Qwen3ChatTests.Qwen3ChatConfigTests testSnakeCaseDecoding]' started.
Test Case '-[Qwen3ChatTests.Qwen3ChatConfigTests testSnakeCaseDecoding]' passed (0.000 seconds).
Test Suite 'Qwen3ChatConfigTests' passed at 2026-07-27 07:36:42.710.
	 Executed 8 tests, with 0 failures (0 unexpected) in 0.001 (0.002) seconds
Test Suite 'Qwen3ChatMemoryTests' started at 2026-07-27 07:36:42.710.
Test Case '-[Qwen3ChatTests.Qwen3ChatMemoryTests testModelMemoryManageableConformance]' started.
Test Case '-[Qwen3ChatTests.Qwen3ChatMemoryTests testModelMemoryManageableConformance]' passed (0.000 seconds).
Test Suite 'Qwen3ChatMemoryTests' passed at 2026-07-27 07:36:42.710.
	 Executed 1 test, with 0 failures (0 unexpected) in 0.000 (0.000) seconds
Test Suite 'Qwen3ChatSendableTests' started at 2026-07-27 07:36:42.710.
Test Case '-[Qwen3ChatTests.Qwen3ChatSendableTests testChatMessageSendable]' started.
Test Case '-[Qwen3ChatTests.Qwen3ChatSendableTests testChatMessageSendable]' passed (0.000 seconds).
Test Case '-[Qwen3ChatTests.Qwen3ChatSendableTests testChatSamplingConfigSendable]' started.
Test Case '-[Qwen3ChatTests.Qwen3ChatSendableTests testChatSamplingConfigSendable]' passed (0.000 seconds).
Test Case '-[Qwen3ChatTests.Qwen3ChatSendableTests testConfigsSendableInTaskGroup]' started.
Test Case '-[Qwen3ChatTests.Qwen3ChatSendableTests testConfigsSendableInTaskGroup]' passed (0.000 seconds).
Test Case '-[Qwen3ChatTests.Qwen3ChatSendableTests testQwen3ChatConfigSendable]' started.
Test Case '-[Qwen3ChatTests.Qwen3ChatSendableTests testQwen3ChatConfigSendable]' passed (0.000 seconds).
Test Suite 'Qwen3ChatSendableTests' passed at 2026-07-27 07:36:42.711.
	 Executed 4 tests, with 0 failures (0 unexpected) in 0.000 (0.001) seconds
Test Suite 'Qwen3DecodingOptionsTests' started at 2026-07-27 07:36:42.711.
Test Case '-[Qwen3ASRTests.Qwen3DecodingOptionsTests testDecodingOptionsCustomInit]' started.
Test Case '-[Qwen3ASRTests.Qwen3DecodingOptionsTests testDecodingOptionsCustomInit]' passed (0.000 seconds).
Test Case '-[Qwen3ASRTests.Qwen3DecodingOptionsTests testDecodingOptionsDefaults]' started.
Test Case '-[Qwen3ASRTests.Qwen3DecodingOptionsTests testDecodingOptionsDefaults]' passed (0.000 seconds).
Test Case '-[Qwen3ASRTests.Qwen3DecodingOptionsTests testDecodingOptionsSendable]' started.
Test Case '-[Qwen3ASRTests.Qwen3DecodingOptionsTests testDecodingOptionsSendable]' passed (0.000 seconds).
Test Case '-[Qwen3ASRTests.Qwen3DecodingOptionsTests testFastPathMatchesArgMax]' started.
Test Case '-[Qwen3ASRTests.Qwen3DecodingOptionsTests testFastPathMatchesArgMax]' passed (0.001 seconds).
Test Case '-[Qwen3ASRTests.Qwen3DecodingOptionsTests testLowTemperatureStaysMostlyAtPeak]' started.
Test Case '-[Qwen3ASRTests.Qwen3DecodingOptionsTests testLowTemperatureStaysMostlyAtPeak]' passed (0.003 seconds).
Test Case '-[Qwen3ASRTests.Qwen3DecodingOptionsTests testNoRepeatNgramAllowsNovelFollowup]' started.
Test Case '-[Qwen3ASRTests.Qwen3DecodingOptionsTests testNoRepeatNgramAllowsNovelFollowup]' passed (0.000 seconds).
Test Case '-[Qwen3ASRTests.Qwen3DecodingOptionsTests testNoRepeatNgramMasksRepeatedTrigram]' started.
Test Case '-[Qwen3ASRTests.Qwen3DecodingOptionsTests testNoRepeatNgramMasksRepeatedTrigram]' passed (0.000 seconds).
Test Case '-[Qwen3ASRTests.Qwen3DecodingOptionsTests testRepetitionPenaltyDemotesRepeatedPositiveLogit]' started.
Test Case '-[Qwen3ASRTests.Qwen3DecodingOptionsTests testRepetitionPenaltyDemotesRepeatedPositiveLogit]' passed (0.000 seconds).
Test Case '-[Qwen3ASRTests.Qwen3DecodingOptionsTests testRepetitionPenaltyHandlesNegativeLogitSign]' started.
Test Case '-[Qwen3ASRTests.Qwen3DecodingOptionsTests testRepetitionPenaltyHandlesNegativeLogitSign]' passed (0.000 seconds).
Test Case '-[Qwen3ASRTests.Qwen3DecodingOptionsTests testRepetitionPenaltyNoOpOnFirstToken]' started.
Test Case '-[Qwen3ASRTests.Qwen3DecodingOptionsTests testRepetitionPenaltyNoOpOnFirstToken]' passed (0.000 seconds).
Test Case '-[Qwen3ASRTests.Qwen3DecodingOptionsTests testTemperatureSamplingProducesVariety]' started.
Test Case '-[Qwen3ASRTests.Qwen3DecodingOptionsTests testTemperatureSamplingProducesVariety]' passed (0.002 seconds).
Test Case '-[Qwen3ASRTests.Qwen3DecodingOptionsTests testTemperatureZeroRemainsDeterministic]' started.
Test Case '-[Qwen3ASRTests.Qwen3DecodingOptionsTests testTemperatureZeroRemainsDeterministic]' passed (0.002 seconds).
Test Suite 'Qwen3DecodingOptionsTests' passed at 2026-07-27 07:36:42.720.
	 Executed 12 tests, with 0 failures (0 unexpected) in 0.009 (0.009) seconds
Test Suite 'Qwen3DenseGenTests' started at 2026-07-27 07:36:42.720.
Test Case '-[Qwen3ChatTests.Qwen3DenseGenTests testGeneratesCoherentReply]' started.
Test Case '-[Qwen3ChatTests.Qwen3DenseGenTests testGeneratesCoherentReply]' passed (3.076 seconds).
Test Suite 'Qwen3DenseGenTests' passed at 2026-07-27 07:36:45.796.
	 Executed 1 test, with 0 failures (0 unexpected) in 3.076 (3.076) seconds
Test Suite 'Qwen3DenseParityTests' started at 2026-07-27 07:36:45.796.
Test Case '-[Qwen3ChatTests.Qwen3DenseParityTests testNextTokenArgmaxMatchesReference]' started.
Test Case '-[Qwen3ChatTests.Qwen3DenseParityTests testNextTokenArgmaxMatchesReference]' passed (2.632 seconds).
Test Suite 'Qwen3DenseParityTests' passed at 2026-07-27 07:36:48.429.
	 Executed 1 test, with 0 failures (0 unexpected) in 2.632 (2.633) seconds
Test Suite 'Qwen3MemoryGuardTests' started at 2026-07-27 07:36:48.429.
Test Case '-[Qwen3ASRTests.Qwen3MemoryGuardTests testCacheLimitForLarge_16GBMacReturnsCap]' started.
Test Case '-[Qwen3ASRTests.Qwen3MemoryGuardTests testCacheLimitForLarge_16GBMacReturnsCap]' passed (0.000 seconds).
Test Case '-[Qwen3ASRTests.Qwen3MemoryGuardTests testCacheLimitForLarge_24GBMacCapDominates]' started.
Test Case '-[Qwen3ASRTests.Qwen3MemoryGuardTests testCacheLimitForLarge_24GBMacCapDominates]' passed (0.000 seconds).
Test Case '-[Qwen3ASRTests.Qwen3MemoryGuardTests testCacheLimitForLarge_64GBMacCapDominates]' started.
Test Case '-[Qwen3ASRTests.Qwen3MemoryGuardTests testCacheLimitForLarge_64GBMacCapDominates]' passed (0.000 seconds).
Test Case '-[Qwen3ASRTests.Qwen3MemoryGuardTests testCacheLimitForLarge_8GBMacReturnsQuarterRAM]' started.
Test Case '-[Qwen3ASRTests.Qwen3MemoryGuardTests testCacheLimitForLarge_8GBMacReturnsQuarterRAM]' passed (0.000 seconds).
Test Case '-[Qwen3ASRTests.Qwen3MemoryGuardTests testCacheLimitForLarge_NegativeClampedToZero]' started.
Test Case '-[Qwen3ASRTests.Qwen3MemoryGuardTests testCacheLimitForLarge_NegativeClampedToZero]' passed (0.000 seconds).
Test Case '-[Qwen3ASRTests.Qwen3MemoryGuardTests testCacheLimitForLarge_ZeroReturnsZero]' started.
Test Case '-[Qwen3ASRTests.Qwen3MemoryGuardTests testCacheLimitForLarge_ZeroReturnsZero]' passed (0.000 seconds).
Test Case '-[Qwen3ASRTests.Qwen3MemoryGuardTests testFormatSnapshot_ContainsAllFieldsAndLabel]' started.
Test Case '-[Qwen3ASRTests.Qwen3MemoryGuardTests testFormatSnapshot_ContainsAllFieldsAndLabel]' passed (0.000 seconds).
Test Case '-[Qwen3ASRTests.Qwen3MemoryGuardTests testFormatSnapshot_RendersExpectedMBValues]' started.
Test Case '-[Qwen3ASRTests.Qwen3MemoryGuardTests testFormatSnapshot_RendersExpectedMBValues]' passed (0.000 seconds).
Test Case '-[Qwen3ASRTests.Qwen3MemoryGuardTests testFormatSnapshot_ZeroSnapshotRendersZeroMB]' started.
Test Case '-[Qwen3ASRTests.Qwen3MemoryGuardTests testFormatSnapshot_ZeroSnapshotRendersZeroMB]' passed (0.000 seconds).
Test Case '-[Qwen3ASRTests.Qwen3MemoryGuardTests testShouldWarnForLarge_16GBWarns]' started.
Test Case '-[Qwen3ASRTests.Qwen3MemoryGuardTests testShouldWarnForLarge_16GBWarns]' passed (0.000 seconds).
Test Case '-[Qwen3ASRTests.Qwen3MemoryGuardTests testShouldWarnForLarge_32GBDoesNotWarn]' started.
Test Case '-[Qwen3ASRTests.Qwen3MemoryGuardTests testShouldWarnForLarge_32GBDoesNotWarn]' passed (0.000 seconds).
Test Case '-[Qwen3ASRTests.Qwen3MemoryGuardTests testShouldWarnForLarge_64GBDoesNotWarn]' started.
Test Case '-[Qwen3ASRTests.Qwen3MemoryGuardTests testShouldWarnForLarge_64GBDoesNotWarn]' passed (0.000 seconds).
Test Case '-[Qwen3ASRTests.Qwen3MemoryGuardTests testShouldWarnForLarge_8GBWarns]' started.
Test Case '-[Qwen3ASRTests.Qwen3MemoryGuardTests testShouldWarnForLarge_8GBWarns]' passed (0.000 seconds).
Test Case '-[Qwen3ASRTests.Qwen3MemoryGuardTests testShouldWarnForLarge_Exactly24GBDoesNotWarn]' started.
Test Case '-[Qwen3ASRTests.Qwen3MemoryGuardTests testShouldWarnForLarge_Exactly24GBDoesNotWarn]' passed (0.000 seconds).
Test Case '-[Qwen3ASRTests.Qwen3MemoryGuardTests testShouldWarnForLarge_JustBelow24GBWarns]' started.
Test Case '-[Qwen3ASRTests.Qwen3MemoryGuardTests testShouldWarnForLarge_JustBelow24GBWarns]' passed (0.000 seconds).
Test Case '-[Qwen3ASRTests.Qwen3MemoryGuardTests testThresholdConstantIs24GB]' started.
Test Case '-[Qwen3ASRTests.Qwen3MemoryGuardTests testThresholdConstantIs24GB]' passed (0.000 seconds).
Test Case '-[Qwen3ASRTests.Qwen3MemoryGuardTests testUnload_DoesNotRestoreWhenNoSaveWasMade]' started.
Test Case '-[Qwen3ASRTests.Qwen3MemoryGuardTests testUnload_DoesNotRestoreWhenNoSaveWasMade]' passed (0.032 seconds).
Test Case '-[Qwen3ASRTests.Qwen3MemoryGuardTests testUnload_RestoresPriorMLXCacheLimit]' started.
Test Case '-[Qwen3ASRTests.Qwen3MemoryGuardTests testUnload_RestoresPriorMLXCacheLimit]' passed (0.025 seconds).
Test Suite 'Qwen3MemoryGuardTests' passed at 2026-07-27 07:36:48.488.
	 Executed 18 tests, with 0 failures (0 unexpected) in 0.058 (0.059) seconds
Test Suite 'Qwen3TTSConfigTests' started at 2026-07-27 07:36:48.488.
Test Case '-[Qwen3TTSTests.Qwen3TTSConfigTests testCodecTokenIDs]' started.
Test Case '-[Qwen3TTSTests.Qwen3TTSConfigTests testCodecTokenIDs]' passed (0.002 seconds).
Test Case '-[Qwen3TTSTests.Qwen3TTSConfigTests testCodePredictorConfigDefaults]' started.
Test Case '-[Qwen3TTSTests.Qwen3TTSConfigTests testCodePredictorConfigDefaults]' passed (0.000 seconds).
Test Case '-[Qwen3TTSTests.Qwen3TTSConfigTests testCodePredictorLarge]' started.
Test Case '-[Qwen3TTSTests.Qwen3TTSConfigTests testCodePredictorLarge]' passed (0.000 seconds).
Test Case '-[Qwen3TTSTests.Qwen3TTSConfigTests testCodePredictorLarge8bit]' started.
Test Case '-[Qwen3TTSTests.Qwen3TTSConfigTests testCodePredictorLarge8bit]' passed (0.000 seconds).
Test Case '-[Qwen3TTSTests.Qwen3TTSConfigTests testCodePredictorSmall8bit]' started.
Test Case '-[Qwen3TTSTests.Qwen3TTSConfigTests testCodePredictorSmall8bit]' passed (0.000 seconds).
Test Case '-[Qwen3TTSTests.Qwen3TTSConfigTests testCombinedConfig]' started.
Test Case '-[Qwen3TTSTests.Qwen3TTSConfigTests testCombinedConfig]' passed (0.000 seconds).
Test Case '-[Qwen3TTSTests.Qwen3TTSConfigTests testExtendedLanguageIds]' started.
Test Case '-[Qwen3TTSTests.Qwen3TTSConfigTests testExtendedLanguageIds]' passed (0.000 seconds).
Test Case '-[Qwen3TTSTests.Qwen3TTSConfigTests testLanguageIdLookup]' started.
Test Case '-[Qwen3TTSTests.Qwen3TTSConfigTests testLanguageIdLookup]' passed (0.000 seconds).
Test Case '-[Qwen3TTSTests.Qwen3TTSConfigTests testQwen3TTSConfigBuilder]' started.
Test Case '-[Qwen3TTSTests.Qwen3TTSConfigTests testQwen3TTSConfigBuilder]' passed (0.000 seconds).
Test Case '-[Qwen3TTSTests.Qwen3TTSConfigTests testSpeechTokenizerDecoderConfigDefaults]' started.
Test Case '-[Qwen3TTSTests.Qwen3TTSConfigTests testSpeechTokenizerDecoderConfigDefaults]' passed (0.000 seconds).
Test Case '-[Qwen3TTSTests.Qwen3TTSConfigTests testTalkerConfigDefaults]' started.
Test Case '-[Qwen3TTSTests.Qwen3TTSConfigTests testTalkerConfigDefaults]' passed (0.000 seconds).
Test Case '-[Qwen3TTSTests.Qwen3TTSConfigTests testTalkerLarge]' started.
Test Case '-[Qwen3TTSTests.Qwen3TTSConfigTests testTalkerLarge]' passed (0.000 seconds).
Test Case '-[Qwen3TTSTests.Qwen3TTSConfigTests testTalkerLarge8bit]' started.
Test Case '-[Qwen3TTSTests.Qwen3TTSConfigTests testTalkerLarge8bit]' passed (0.000 seconds).
Test Case '-[Qwen3TTSTests.Qwen3TTSConfigTests testTalkerSmall8bit]' started.
Test Case '-[Qwen3TTSTests.Qwen3TTSConfigTests testTalkerSmall8bit]' passed (0.000 seconds).
Test Case '-[Qwen3TTSTests.Qwen3TTSConfigTests testTTSModelSizeBitsDetection]' started.
Test Case '-[Qwen3TTSTests.Qwen3TTSConfigTests testTTSModelSizeBitsDetection]' passed (0.000 seconds).
Test Case '-[Qwen3TTSTests.Qwen3TTSConfigTests testTTSModelSizeDetection]' started.
Test Case '-[Qwen3TTSTests.Qwen3TTSConfigTests testTTSModelSizeDetection]' passed (0.000 seconds).
Test Case '-[Qwen3TTSTests.Qwen3TTSConfigTests testTTSModelVariants]' started.
Test Case '-[Qwen3TTSTests.Qwen3TTSConfigTests testTTSModelVariants]' passed (0.000 seconds).
Test Case '-[Qwen3TTSTests.Qwen3TTSConfigTests testUpsampleRateProduct]' started.
Test Case '-[Qwen3TTSTests.Qwen3TTSConfigTests testUpsampleRateProduct]' passed (0.000 seconds).
Test Suite 'Qwen3TTSConfigTests' passed at 2026-07-27 07:36:48.492.
	 Executed 18 tests, with 0 failures (0 unexpected) in 0.004 (0.004) seconds
Test Suite 'Qwen3TTSCoreMLTests' started at 2026-07-27 07:36:48.492.
Test Case '-[Qwen3TTSCoreMLTests.Qwen3TTSCoreMLTests testPromptBuilderLanguageIds]' started.
Test Case '-[Qwen3TTSCoreMLTests.Qwen3TTSCoreMLTests testPromptBuilderLanguageIds]' passed (0.000 seconds).
Test Case '-[Qwen3TTSCoreMLTests.Qwen3TTSCoreMLTests testSamplerEOSBias]' started.
Test Case '-[Qwen3TTSCoreMLTests.Qwen3TTSCoreMLTests testSamplerEOSBias]' passed (0.000 seconds).
Test Case '-[Qwen3TTSCoreMLTests.Qwen3TTSCoreMLTests testSamplerEOSPreserved]' started.
Test Case '-[Qwen3TTSCoreMLTests.Qwen3TTSCoreMLTests testSamplerEOSPreserved]' passed (0.000 seconds).
Test Case '-[Qwen3TTSCoreMLTests.Qwen3TTSCoreMLTests testSamplerGreedy]' started.
Test Case '-[Qwen3TTSCoreMLTests.Qwen3TTSCoreMLTests testSamplerGreedy]' passed (0.000 seconds).
Test Case '-[Qwen3TTSCoreMLTests.Qwen3TTSCoreMLTests testSamplerRepetitionPenalty]' started.
Test Case '-[Qwen3TTSCoreMLTests.Qwen3TTSCoreMLTests testSamplerRepetitionPenalty]' passed (0.000 seconds).
Test Case '-[Qwen3TTSCoreMLTests.Qwen3TTSCoreMLTests testSamplerSuppressRange]' started.
Test Case '-[Qwen3TTSCoreMLTests.Qwen3TTSCoreMLTests testSamplerSuppressRange]' passed (0.000 seconds).
Test Suite 'Qwen3TTSCoreMLTests' passed at 2026-07-27 07:36:48.493.
	 Executed 6 tests, with 0 failures (0 unexpected) in 0.001 (0.001) seconds
Test Suite 'ReDimNet2SpeakerTests' started at 2026-07-27 07:36:48.493.
Test Case '-[SpeechVADTests.ReDimNet2SpeakerTests testCosineSimilarity]' started.
Test Case '-[SpeechVADTests.ReDimNet2SpeakerTests testCosineSimilarity]' passed (0.000 seconds).
Test Case '-[SpeechVADTests.ReDimNet2SpeakerTests testDecodesPublishedModelConfiguration]' started.
Test Case '-[SpeechVADTests.ReDimNet2SpeakerTests testDecodesPublishedModelConfiguration]' passed (0.000 seconds).
Test Case '-[SpeechVADTests.ReDimNet2SpeakerTests testPreparedAudioCenterCropsLongSpeech]' started.
Test Case '-[SpeechVADTests.ReDimNet2SpeakerTests testPreparedAudioCenterCropsLongSpeech]' passed (0.015 seconds).
Test Case '-[SpeechVADTests.ReDimNet2SpeakerTests testPreparedAudioKeepsExactWindow]' started.
Test Case '-[SpeechVADTests.ReDimNet2SpeakerTests testPreparedAudioKeepsExactWindow]' passed (0.005 seconds).
Test Case '-[SpeechVADTests.ReDimNet2SpeakerTests testPreparedAudioRejectsLessThanTwoSeconds]' started.
Test Case '-[SpeechVADTests.ReDimNet2SpeakerTests testPreparedAudioRejectsLessThanTwoSeconds]' passed (0.000 seconds).
Test Case '-[SpeechVADTests.ReDimNet2SpeakerTests testPreparedAudioRejectsNonFiniteSamples]' started.
Test Case '-[SpeechVADTests.ReDimNet2SpeakerTests testPreparedAudioRejectsNonFiniteSamples]' passed (0.000 seconds).
Test Case '-[SpeechVADTests.ReDimNet2SpeakerTests testPreparedAudioRepeatsShortCleanSpeech]' started.
Test Case '-[SpeechVADTests.ReDimNet2SpeakerTests testPreparedAudioRepeatsShortCleanSpeech]' passed (0.012 seconds).
Test Case '-[SpeechVADTests.ReDimNet2SpeakerTests testPreparedShortUtteranceRejectsLessThanSixTenthsOfASecond]' started.
Test Case '-[SpeechVADTests.ReDimNet2SpeakerTests testPreparedShortUtteranceRejectsLessThanSixTenthsOfASecond]' passed (0.000 seconds).
Test Case '-[SpeechVADTests.ReDimNet2SpeakerTests testPreparedShortUtteranceRepeatsSixTenthsOfASecond]' started.
Test Case '-[SpeechVADTests.ReDimNet2SpeakerTests testPreparedShortUtteranceRepeatsSixTenthsOfASecond]' passed (0.009 seconds).
Test Case '-[SpeechVADTests.ReDimNet2SpeakerTests testPublishedConfiguration]' started.
Test Case '-[SpeechVADTests.ReDimNet2SpeakerTests testPublishedConfiguration]' passed (0.000 seconds).
Test Case '-[SpeechVADTests.ReDimNet2SpeakerTests testRejectsIncompatibleModelConfiguration]' started.
Test Case '-[SpeechVADTests.ReDimNet2SpeakerTests testRejectsIncompatibleModelConfiguration]' passed (0.000 seconds).
Test Suite 'ReDimNet2SpeakerTests' passed at 2026-07-27 07:36:48.536.
	 Executed 11 tests, with 0 failures (0 unexpected) in 0.042 (0.043) seconds
Test Suite 'RealtimeAPIErrorHandlingTests' started at 2026-07-27 07:36:48.536.
2026-07-27T07:36:48+0200 info Hummingbird: [HummingbirdCore] Server started and listening on 127.0.0.1:19387
Test Case '-[AudioServerTests.RealtimeAPIErrorHandlingTests testModelFailureReturnsErrorAndKeepsConnectionOpen]' started.
Test Case '-[AudioServerTests.RealtimeAPIErrorHandlingTests testModelFailureReturnsErrorAndKeepsConnectionOpen]' passed (0.021 seconds).
2026-07-27T07:36:50+0200 error Hummingbird: [HummingbirdCore] Waiting on child channel: CancellationError()
Test Suite 'RealtimeAPIErrorHandlingTests' passed at 2026-07-27 07:36:50.563.
	 Executed 1 test, with 0 failures (0 unexpected) in 0.021 (2.027) seconds
Test Suite 'RealtimeAPIIdleKeepaliveTests' started at 2026-07-27 07:36:50.563.
2026-07-27T07:36:50+0200 info Hummingbird: [HummingbirdCore] Server started and listening on 127.0.0.1:19389
Test Case '-[AudioServerTests.RealtimeAPIIdleKeepaliveTests testIdleSessionReceivesKeepalivesWithoutAnyOperation]' started.
Test Case '-[AudioServerTests.RealtimeAPIIdleKeepaliveTests testIdleSessionReceivesKeepalivesWithoutAnyOperation]' passed (30.154 seconds).
2026-07-27T07:37:22+0200 error Hummingbird: [HummingbirdCore] Waiting on child channel: CancellationError()
Test Suite 'RealtimeAPIIdleKeepaliveTests' passed at 2026-07-27 07:37:22.723.
	 Executed 1 test, with 0 failures (0 unexpected) in 30.154 (32.160) seconds
Test Suite 'RealtimeAPIKeepaliveTests' started at 2026-07-27 07:37:22.723.
2026-07-27T07:37:22+0200 info Hummingbird: [HummingbirdCore] Server started and listening on 127.0.0.1:19388
Test Case '-[AudioServerTests.RealtimeAPIKeepaliveTests testBlockingModelLoadEmitsKeepaliveBeforeFailure]' started.
Test Case '-[AudioServerTests.RealtimeAPIKeepaliveTests testBlockingModelLoadEmitsKeepaliveBeforeFailure]' passed (61.013 seconds).
2026-07-27T07:38:25+0200 error Hummingbird: [HummingbirdCore] Waiting on child channel: CancellationError()
Test Suite 'RealtimeAPIKeepaliveTests' passed at 2026-07-27 07:38:25.744.
	 Executed 1 test, with 0 failures (0 unexpected) in 61.013 (63.021) seconds
Test Suite 'RealtimeAPITests' started at 2026-07-27 07:38:25.744.
2026-07-27T07:38:25+0200 info Hummingbird: [HummingbirdCore] Server started and listening on 127.0.0.1:19384
Test Case '-[AudioServerTests.RealtimeAPITests testAppendInvalidBase64]' started.
Test Case '-[AudioServerTests.RealtimeAPITests testAppendInvalidBase64]' passed (0.008 seconds).
Test Case '-[AudioServerTests.RealtimeAPITests testAppendThenClearThenCommitErrors]' started.
Test Case '-[AudioServerTests.RealtimeAPITests testAppendThenClearThenCommitErrors]' passed (0.004 seconds).
Test Case '-[AudioServerTests.RealtimeAPITests testBareQwen3PairsBothASRAndTTS]' started.
Test Case '-[AudioServerTests.RealtimeAPITests testBareQwen3PairsBothASRAndTTS]' passed (0.004 seconds).
Test Case '-[AudioServerTests.RealtimeAPITests testEmptyModelStringIsIgnored]' started.
Test Case '-[AudioServerTests.RealtimeAPITests testEmptyModelStringIsIgnored]' passed (0.003 seconds).
Test Case '-[AudioServerTests.RealtimeAPITests testEnhanceRejectsUnknownModel]' started.
Test Case '-[AudioServerTests.RealtimeAPITests testEnhanceRejectsUnknownModel]' passed (0.004 seconds).
Test Case '-[AudioServerTests.RealtimeAPITests testEnhanceRejectsWrongKindModel]' started.
Test Case '-[AudioServerTests.RealtimeAPITests testEnhanceRejectsWrongKindModel]' passed (0.001 seconds).
Test Case '-[AudioServerTests.RealtimeAPITests testFullModelsEndpointListsEveryKind]' started.
Test Case '-[AudioServerTests.RealtimeAPITests testFullModelsEndpointListsEveryKind]' passed (0.002 seconds).
Test Case '-[AudioServerTests.RealtimeAPITests testHibikiVariantSelectsCorrectModelId]' started.
Test Case '-[AudioServerTests.RealtimeAPITests testHibikiVariantSelectsCorrectModelId]' passed (0.003 seconds).
Test Case '-[AudioServerTests.RealtimeAPITests testInputAudioBufferClear]' started.
Test Case '-[AudioServerTests.RealtimeAPITests testInputAudioBufferClear]' passed (0.002 seconds).
Test Case '-[AudioServerTests.RealtimeAPITests testInputAudioBufferCommitEmpty]' started.
Test Case '-[AudioServerTests.RealtimeAPITests testInputAudioBufferCommitEmpty]' passed (0.002 seconds).
Test Case '-[AudioServerTests.RealtimeAPITests testInputAudioTranscriptionModelUpdatesASRSlotOnly]' started.
Test Case '-[AudioServerTests.RealtimeAPITests testInputAudioTranscriptionModelUpdatesASRSlotOnly]' passed (0.002 seconds).
Test Case '-[AudioServerTests.RealtimeAPITests testMultipleSessionUpdates]' started.
Test Case '-[AudioServerTests.RealtimeAPITests testMultipleSessionUpdates]' passed (0.002 seconds).
Test Case '-[AudioServerTests.RealtimeAPITests testQwen3SpeechRoutesToTTSOnly]' started.
Test Case '-[AudioServerTests.RealtimeAPITests testQwen3SpeechRoutesToTTSOnly]' passed (0.002 seconds).
Test Case '-[AudioServerTests.RealtimeAPITests testRealtimeModelsEndpoint]' started.
Test Case '-[AudioServerTests.RealtimeAPITests testRealtimeModelsEndpoint]' passed (0.002 seconds).
Test Case '-[AudioServerTests.RealtimeAPITests testRealtimeModelsEndpointFiltersToWSKinds]' started.
Test Case '-[AudioServerTests.RealtimeAPITests testRealtimeModelsEndpointFiltersToWSKinds]' passed (0.001 seconds).
Test Case '-[AudioServerTests.RealtimeAPITests testRealtimeModelsEndpointRowShape]' started.
Test Case '-[AudioServerTests.RealtimeAPITests testRealtimeModelsEndpointRowShape]' passed (0.001 seconds).
Test Case '-[AudioServerTests.RealtimeAPITests testRespondAcceptsMissingModelDefault]' started.
Test Case '-[AudioServerTests.RealtimeAPITests testRespondAcceptsMissingModelDefault]' passed (0.001 seconds).
Test Case '-[AudioServerTests.RealtimeAPITests testRespondHibikiBypassesVoiceGuard]' started.
Test Case '-[AudioServerTests.RealtimeAPITests testRespondHibikiBypassesVoiceGuard]' passed (0.001 seconds).
Test Case '-[AudioServerTests.RealtimeAPITests testRespondRejectsUnknownModel]' started.
Test Case '-[AudioServerTests.RealtimeAPITests testRespondRejectsUnknownModel]' passed (0.001 seconds).
Test Case '-[AudioServerTests.RealtimeAPITests testResponseCreateNoText]' started.
Test Case '-[AudioServerTests.RealtimeAPITests testResponseCreateNoText]' passed (0.002 seconds).
Test Case '-[AudioServerTests.RealtimeAPITests testS2SModelTurnsOnS2SAndPicksingASROrTTSTurnsItOff]' started.
Test Case '-[AudioServerTests.RealtimeAPITests testS2SModelTurnsOnS2SAndPicksingASROrTTSTurnsItOff]' passed (0.002 seconds).
Test Case '-[AudioServerTests.RealtimeAPITests testSessionCreated]' started.
Test Case '-[AudioServerTests.RealtimeAPITests testSessionCreated]' passed (0.001 seconds).
Test Case '-[AudioServerTests.RealtimeAPITests testSessionCreatedEchoesDefaultModel]' started.
Test Case '-[AudioServerTests.RealtimeAPITests testSessionCreatedEchoesDefaultModel]' passed (0.001 seconds).
Test Case '-[AudioServerTests.RealtimeAPITests testSessionUpdate]' started.
Test Case '-[AudioServerTests.RealtimeAPITests testSessionUpdate]' passed (0.001 seconds).
Test Case '-[AudioServerTests.RealtimeAPITests testSessionUpdateUnknownModelEchoedEnginesUnchanged]' started.
Test Case '-[AudioServerTests.RealtimeAPITests testSessionUpdateUnknownModelEchoedEnginesUnchanged]' passed (0.001 seconds).
Test Case '-[AudioServerTests.RealtimeAPITests testSessionUpdateWithASRModelUpdatesASRSlot]' started.
Test Case '-[AudioServerTests.RealtimeAPITests testSessionUpdateWithASRModelUpdatesASRSlot]' passed (0.001 seconds).
Test Case '-[AudioServerTests.RealtimeAPITests testSessionUpdateWithIndicMioUpdatesTTSSlot]' started.
Test Case '-[AudioServerTests.RealtimeAPITests testSessionUpdateWithIndicMioUpdatesTTSSlot]' passed (0.001 seconds).
Test Case '-[AudioServerTests.RealtimeAPITests testSessionUpdateWithQwen31_7BSelectsLargeVariant]' started.
Test Case '-[AudioServerTests.RealtimeAPITests testSessionUpdateWithQwen31_7BSelectsLargeVariant]' passed (0.001 seconds).
Test Case '-[AudioServerTests.RealtimeAPITests testSessionUpdateWithSpecificVariantSelectsExactBundle]' started.
Test Case '-[AudioServerTests.RealtimeAPITests testSessionUpdateWithSpecificVariantSelectsExactBundle]' passed (0.001 seconds).
Test Case '-[AudioServerTests.RealtimeAPITests testSessionUpdateWithTTSModelUpdatesTTSSlot]' started.
Test Case '-[AudioServerTests.RealtimeAPITests testSessionUpdateWithTTSModelUpdatesTTSSlot]' passed (0.001 seconds).
Test Case '-[AudioServerTests.RealtimeAPITests testSpeakLegacyEngineFieldFallsBackToDefault]' started.
Test Case '-[AudioServerTests.RealtimeAPITests testSpeakLegacyEngineFieldFallsBackToDefault]' passed (0.001 seconds).
Test Case '-[AudioServerTests.RealtimeAPITests testSpeakRejectsUnknownModel]' started.
Test Case '-[AudioServerTests.RealtimeAPITests testSpeakRejectsUnknownModel]' passed (0.001 seconds).
Test Case '-[AudioServerTests.RealtimeAPITests testTranscribeAcceptsMissingModelButRejectsMissingAudio]' started.
Test Case '-[AudioServerTests.RealtimeAPITests testTranscribeAcceptsMissingModelButRejectsMissingAudio]' passed (0.001 seconds).
Test Case '-[AudioServerTests.RealtimeAPITests testTranscribeRejectsUnknownModel]' started.
Test Case '-[AudioServerTests.RealtimeAPITests testTranscribeRejectsUnknownModel]' passed (0.001 seconds).
Test Case '-[AudioServerTests.RealtimeAPITests testUnknownEventType]' started.
Test Case '-[AudioServerTests.RealtimeAPITests testUnknownEventType]' passed (0.001 seconds).
2026-07-27T07:38:27+0200 error Hummingbird: [HummingbirdCore] Waiting on child channel: CancellationError()
Test Suite 'RealtimeAPITests' passed at 2026-07-27 07:38:27.819.
	 Executed 35 tests, with 0 failures (0 unexpected) in 0.065 (2.074) seconds
Test Suite 'ReferenceAudioCacheTests' started at 2026-07-27 07:38:27.819.
Test Case '-[Qwen3TTSTests.ReferenceAudioCacheTests testClearRemovesAllEntries]' started.
Test Case '-[Qwen3TTSTests.ReferenceAudioCacheTests testClearRemovesAllEntries]' passed (0.001 seconds).
Test Case '-[Qwen3TTSTests.ReferenceAudioCacheTests testDifferentAudioMissesCache]' started.
Test Case '-[Qwen3TTSTests.ReferenceAudioCacheTests testDifferentAudioMissesCache]' passed (0.000 seconds).
Test Case '-[Qwen3TTSTests.ReferenceAudioCacheTests testDifferentSampleRateMissesCache]' started.
Test Case '-[Qwen3TTSTests.ReferenceAudioCacheTests testDifferentSampleRateMissesCache]' passed (0.006 seconds).
Test Case '-[Qwen3TTSTests.ReferenceAudioCacheTests testHashDiffersOnContentChange]' started.
Test Case '-[Qwen3TTSTests.ReferenceAudioCacheTests testHashDiffersOnContentChange]' passed (0.000 seconds).
Test Case '-[Qwen3TTSTests.ReferenceAudioCacheTests testHashDiffersOnLengthChange]' started.
Test Case '-[Qwen3TTSTests.ReferenceAudioCacheTests testHashDiffersOnLengthChange]' passed (0.000 seconds).
Test Case '-[Qwen3TTSTests.ReferenceAudioCacheTests testHashIsStableForSameAudio]' started.
Test Case '-[Qwen3TTSTests.ReferenceAudioCacheTests testHashIsStableForSameAudio]' passed (0.000 seconds).
Test Case '-[Qwen3TTSTests.ReferenceAudioCacheTests testLRUEvictionAtCapacity]' started.
Test Case '-[Qwen3TTSTests.ReferenceAudioCacheTests testLRUEvictionAtCapacity]' passed (0.001 seconds).
Test Case '-[Qwen3TTSTests.ReferenceAudioCacheTests testLRUTouchOnLookupPreservesRecentEntry]' started.
Test Case '-[Qwen3TTSTests.ReferenceAudioCacheTests testLRUTouchOnLookupPreservesRecentEntry]' passed (0.001 seconds).
Test Case '-[Qwen3TTSTests.ReferenceAudioCacheTests testSpeakerAndCodecShareSameEntry]' started.
Test Case '-[Qwen3TTSTests.ReferenceAudioCacheTests testSpeakerAndCodecShareSameEntry]' passed (0.001 seconds).
Test Case '-[Qwen3TTSTests.ReferenceAudioCacheTests testStoreAndRetrieveCodecRefCodes]' started.
Test Case '-[Qwen3TTSTests.ReferenceAudioCacheTests testStoreAndRetrieveCodecRefCodes]' passed (0.001 seconds).
Test Case '-[Qwen3TTSTests.ReferenceAudioCacheTests testStoreAndRetrieveSpeakerEmbedding]' started.
Test Case '-[Qwen3TTSTests.ReferenceAudioCacheTests testStoreAndRetrieveSpeakerEmbedding]' passed (0.001 seconds).
Test Suite 'ReferenceAudioCacheTests' passed at 2026-07-27 07:38:27.831.
	 Executed 11 tests, with 0 failures (0 unexpected) in 0.011 (0.012) seconds
Test Suite 'ResampleRegressionTests' started at 2026-07-27 07:38:27.831.
Test Case '-[AudioCommonTests.ResampleRegressionTests testAntiAliasOnAllDownsamples]' started.
Test Case '-[AudioCommonTests.ResampleRegressionTests testAntiAliasOnAllDownsamples]' passed (0.096 seconds).
Test Case '-[AudioCommonTests.ResampleRegressionTests testInBandFidelityAcrossAllConsumerRates]' started.
Test Case '-[AudioCommonTests.ResampleRegressionTests testInBandFidelityAcrossAllConsumerRates]' passed (0.234 seconds).
Test Suite 'ResampleRegressionTests' passed at 2026-07-27 07:38:28.160.
	 Executed 2 tests, with 0 failures (0 unexpected) in 0.329 (0.329) seconds
Test Suite 'ResampleTests' started at 2026-07-27 07:38:28.160.
Test Case '-[AudioServerTests.ResampleTests testDownsample24kTo16k]' started.
Test Case '-[AudioServerTests.ResampleTests testDownsample24kTo16k]' passed (0.004 seconds).
Test Case '-[AudioServerTests.ResampleTests testDownsamplePreservesShape]' started.
Test Case '-[AudioServerTests.ResampleTests testDownsamplePreservesShape]' passed (0.000 seconds).
Test Case '-[AudioServerTests.ResampleTests testEmpty]' started.
Test Case '-[AudioServerTests.ResampleTests testEmpty]' passed (0.000 seconds).
Test Case '-[AudioCommonTests.ResampleTests testEmptyInput]' started.
Test Case '-[AudioCommonTests.ResampleTests testEmptyInput]' passed (0.000 seconds).
Test Case '-[AudioCommonTests.ResampleTests testEndImpulseLandsInTail]' started.
Test Case '-[AudioCommonTests.ResampleTests testEndImpulseLandsInTail]' passed (0.004 seconds).
Test Case '-[AudioCommonTests.ResampleTests testExactLengthOddRatio]' started.
Test Case '-[AudioCommonTests.ResampleTests testExactLengthOddRatio]' passed (0.002 seconds).
Test Case '-[AudioCommonTests.ResampleTests testHighFreqPreserved48to44]' started.
Test Case '-[AudioCommonTests.ResampleTests testHighFreqPreserved48to44]' passed (0.004 seconds).
Test Case '-[AudioCommonTests.ResampleTests testIdentityReturnsInput]' started.
Test Case '-[AudioCommonTests.ResampleTests testIdentityReturnsInput]' passed (0.000 seconds).
Test Case '-[AudioCommonTests.ResampleTests testLateImpulseRetainsFullEnergy]' started.
Test Case '-[AudioCommonTests.ResampleTests testLateImpulseRetainsFullEnergy]' passed (0.004 seconds).
Test Case '-[AudioCommonTests.ResampleTests testLengthMatchesRatio]' started.
Test Case '-[AudioCommonTests.ResampleTests testLengthMatchesRatio]' passed (0.003 seconds).
Test Case '-[AudioCommonTests.ResampleTests testMasteringDrainsAndExactLength]' started.
Test Case '-[AudioCommonTests.ResampleTests testMasteringDrainsAndExactLength]' passed (0.001 seconds).
Test Case '-[AudioCommonTests.ResampleTests testMasteringRetainsMoreHighFreqThanStandard]' started.
Test Case '-[AudioCommonTests.ResampleTests testMasteringRetainsMoreHighFreqThanStandard]' passed (0.006 seconds).
Test Case '-[AudioCommonTests.ResampleTests testMasteringStereoStaysAlignedAndExact]' started.
Test Case '-[AudioCommonTests.ResampleTests testMasteringStereoStaysAlignedAndExact]' passed (0.003 seconds).
Test Case '-[AudioCommonTests.ResampleTests testNoAliasOnDownsample]' started.
Test Case '-[AudioCommonTests.ResampleTests testNoAliasOnDownsample]' passed (0.003 seconds).
Test Case '-[AudioCommonTests.ResampleTests testRMSPreserved]' started.
Test Case '-[AudioCommonTests.ResampleTests testRMSPreserved]' passed (0.007 seconds).
Test Case '-[AudioServerTests.ResampleTests testSameRate]' started.
Test Case '-[AudioServerTests.ResampleTests testSameRate]' passed (0.000 seconds).
Test Case '-[AudioCommonTests.ResampleTests testStereoChannelsStayAligned]' started.
Test Case '-[AudioCommonTests.ResampleTests testStereoChannelsStayAligned]' passed (0.002 seconds).
Test Case '-[AudioCommonTests.ResampleTests testStereoIdentityReturnsInput]' started.
Test Case '-[AudioCommonTests.ResampleTests testStereoIdentityReturnsInput]' passed (0.001 seconds).
Test Case '-[AudioCommonTests.ResampleTests testStereoMatchesMonoPath]' started.
Test Case '-[AudioCommonTests.ResampleTests testStereoMatchesMonoPath]' passed (0.002 seconds).
Test Case '-[AudioCommonTests.ResampleTests testStereoPreservesAmplitudeRatio]' started.
Test Case '-[AudioCommonTests.ResampleTests testStereoPreservesAmplitudeRatio]' passed (0.007 seconds).
Test Case '-[AudioCommonTests.ResampleTests testTailNotTruncated]' started.
Test Case '-[AudioCommonTests.ResampleTests testTailNotTruncated]' passed (0.003 seconds).
Test Case '-[AudioCommonTests.ResampleTests testUpsampleLength]' started.
Test Case '-[AudioCommonTests.ResampleTests testUpsampleLength]' passed (0.001 seconds).
Test Suite 'ResampleTests' passed at 2026-07-27 07:38:28.220.
	 Executed 22 tests, with 0 failures (0 unexpected) in 0.059 (0.060) seconds
Test Suite 'ResolveModelToEngineTests' started at 2026-07-27 07:38:28.220.
Test Case '-[AudioServerTests.ResolveModelToEngineTests testAliasResolvesToVariantWithExplicitModelId]' started.
Test Case '-[AudioServerTests.ResolveModelToEngineTests testAliasResolvesToVariantWithExplicitModelId]' passed (0.000 seconds).
Test Case '-[AudioServerTests.ResolveModelToEngineTests testASREngineResolver]' started.
Test Case '-[AudioServerTests.ResolveModelToEngineTests testASREngineResolver]' passed (0.000 seconds).
Test Case '-[AudioServerTests.ResolveModelToEngineTests testCanonicalNameLookup]' started.
Test Case '-[AudioServerTests.ResolveModelToEngineTests testCanonicalNameLookup]' passed (0.000 seconds).
Test Case '-[AudioServerTests.ResolveModelToEngineTests testCaseInsensitive]' started.
Test Case '-[AudioServerTests.ResolveModelToEngineTests testCaseInsensitive]' passed (0.000 seconds).
Test Case '-[AudioServerTests.ResolveModelToEngineTests testKokoroLanguageCodeMapping]' started.
Test Case '-[AudioServerTests.ResolveModelToEngineTests testKokoroLanguageCodeMapping]' passed (0.000 seconds).
Test Case '-[AudioServerTests.ResolveModelToEngineTests testLegacyResolverFallsThroughASRThenTTS]' started.
Test Case '-[AudioServerTests.ResolveModelToEngineTests testLegacyResolverFallsThroughASRThenTTS]' passed (0.000 seconds).
Test Case '-[AudioServerTests.ResolveModelToEngineTests testNonConversationalEnginesAreSelectable]' started.
Test Case '-[AudioServerTests.ResolveModelToEngineTests testNonConversationalEnginesAreSelectable]' passed (0.000 seconds).
Test Case '-[AudioServerTests.ResolveModelToEngineTests testNonConversationalNamesDoNotUpdateRealtimeSlots]' started.
Test Case '-[AudioServerTests.ResolveModelToEngineTests testNonConversationalNamesDoNotUpdateRealtimeSlots]' passed (0.000 seconds).
Test Case '-[AudioServerTests.ResolveModelToEngineTests testRegistryCoversEveryKind]' started.
Test Case '-[AudioServerTests.ResolveModelToEngineTests testRegistryCoversEveryKind]' passed (0.000 seconds).
Test Case '-[AudioServerTests.ResolveModelToEngineTests testRegistryHasAtLeastOneVariantPerWiredEngine]' started.
Test Case '-[AudioServerTests.ResolveModelToEngineTests testRegistryHasAtLeastOneVariantPerWiredEngine]' passed (0.000 seconds).
Test Case '-[AudioServerTests.ResolveModelToEngineTests testResolveAllVariantsPairsBothSidesForQwen3]' started.
Test Case '-[AudioServerTests.ResolveModelToEngineTests testResolveAllVariantsPairsBothSidesForQwen3]' passed (0.000 seconds).
Test Case '-[AudioServerTests.ResolveModelToEngineTests testS2SEngineResolver]' started.
Test Case '-[AudioServerTests.ResolveModelToEngineTests testS2SEngineResolver]' passed (0.000 seconds).
Test Case '-[AudioServerTests.ResolveModelToEngineTests testStreamingAndCoreMLVariantsRegistered]' started.
Test Case '-[AudioServerTests.ResolveModelToEngineTests testStreamingAndCoreMLVariantsRegistered]' passed (0.000 seconds).
Test Case '-[AudioServerTests.ResolveModelToEngineTests testTTSEngineResolver]' started.
Test Case '-[AudioServerTests.ResolveModelToEngineTests testTTSEngineResolver]' passed (0.000 seconds).
Test Case '-[AudioServerTests.ResolveModelToEngineTests testUnknownModelReturnsNil]' started.
Test Case '-[AudioServerTests.ResolveModelToEngineTests testUnknownModelReturnsNil]' passed (0.000 seconds).
Test Suite 'ResolveModelToEngineTests' passed at 2026-07-27 07:38:28.223.
	 Executed 15 tests, with 0 failures (0 unexpected) in 0.002 (0.003) seconds
Test Suite 'RespondCommandTests' started at 2026-07-27 07:38:28.223.
Test Case '-[AudioCLITests.RespondCommandTests testAllOptions]' started.
Test Case '-[AudioCLITests.RespondCommandTests testAllOptions]' passed (0.007 seconds).
Test Case '-[AudioCLITests.RespondCommandTests testDefaultValues]' started.
Test Case '-[AudioCLITests.RespondCommandTests testDefaultValues]' passed (0.004 seconds).
Test Case '-[AudioCLITests.RespondCommandTests testEntropyOptions]' started.
Test Case '-[AudioCLITests.RespondCommandTests testEntropyOptions]' passed (0.004 seconds).
Test Case '-[AudioCLITests.RespondCommandTests testEntropyOptionsDefaultNil]' started.
Test Case '-[AudioCLITests.RespondCommandTests testEntropyOptionsDefaultNil]' passed (0.004 seconds).
Test Case '-[AudioCLITests.RespondCommandTests testInputShortFlag]' started.
Test Case '-[AudioCLITests.RespondCommandTests testInputShortFlag]' passed (0.004 seconds).
Test Case '-[AudioCLITests.RespondCommandTests testListPrompts]' started.
Test Case '-[AudioCLITests.RespondCommandTests testListPrompts]' passed (0.004 seconds).
Test Case '-[AudioCLITests.RespondCommandTests testListVoices]' started.
Test Case '-[AudioCLITests.RespondCommandTests testListVoices]' passed (0.004 seconds).
Test Case '-[AudioCLITests.RespondCommandTests testOutputShortFlag]' started.
Test Case '-[AudioCLITests.RespondCommandTests testOutputShortFlag]' passed (0.004 seconds).
Test Case '-[AudioCLITests.RespondCommandTests testSamplingOverrides]' started.
Test Case '-[AudioCLITests.RespondCommandTests testSamplingOverrides]' passed (0.004 seconds).
Test Case '-[AudioCLITests.RespondCommandTests testSystemPromptOption]' started.
Test Case '-[AudioCLITests.RespondCommandTests testSystemPromptOption]' passed (0.004 seconds).
Test Case '-[AudioCLITests.RespondCommandTests testTranscriptAndJsonFlags]' started.
Test Case '-[AudioCLITests.RespondCommandTests testTranscriptAndJsonFlags]' passed (0.004 seconds).
Test Case '-[AudioCLITests.RespondCommandTests testVoiceOption]' started.
Test Case '-[AudioCLITests.RespondCommandTests testVoiceOption]' passed (0.004 seconds).
Test Suite 'RespondCommandTests' passed at 2026-07-27 07:38:28.275.
	 Executed 12 tests, with 0 failures (0 unexpected) in 0.051 (0.052) seconds
Test Suite 'S3GenIntegrationTests' started at 2026-07-27 07:38:28.275.
Test Case '-[ChatterboxTTSTests.S3GenIntegrationTests testCAMPPlusXVectorMatchesGolden]' started.
/Users/ivan/repos/speech-swift-tts-download/Tests/ChatterboxTTSTests/S3GenIntegrationTests.swift:111: -[ChatterboxTTSTests.S3GenIntegrationTests testCAMPPlusXVectorMatchesGolden] : Test skipped - missing /tmp/cbx-fp16/model.safetensors; run /tmp/cbx_s3gen_golden.py
Test Case '-[ChatterboxTTSTests.S3GenIntegrationTests testCAMPPlusXVectorMatchesGolden]' skipped (0.000 seconds).
Test Case '-[ChatterboxTTSTests.S3GenIntegrationTests testFlowMelCosineAgainstGolden]' started.
/Users/ivan/repos/speech-swift-tts-download/Tests/ChatterboxTTSTests/S3GenIntegrationTests.swift:111: -[ChatterboxTTSTests.S3GenIntegrationTests testFlowMelCosineAgainstGolden] : Test skipped - missing /tmp/cbx-fp16/model.safetensors; run /tmp/cbx_s3gen_golden.py
Test Case '-[ChatterboxTTSTests.S3GenIntegrationTests testFlowMelCosineAgainstGolden]' skipped (0.000 seconds).
Test Case '-[ChatterboxTTSTests.S3GenIntegrationTests testHiFTGeneratorWavLengthMatchesGolden]' started.
/Users/ivan/repos/speech-swift-tts-download/Tests/ChatterboxTTSTests/S3GenIntegrationTests.swift:111: -[ChatterboxTTSTests.S3GenIntegrationTests testHiFTGeneratorWavLengthMatchesGolden] : Test skipped - missing /tmp/cbx-fp16/model.safetensors; run /tmp/cbx_s3gen_golden.py
Test Case '-[ChatterboxTTSTests.S3GenIntegrationTests testHiFTGeneratorWavLengthMatchesGolden]' skipped (0.000 seconds).
Test Suite 'S3GenIntegrationTests' passed at 2026-07-27 07:38:28.276.
	 Executed 3 tests, with 3 tests skipped and 0 failures (0 unexpected) in 0.000 (0.001) seconds
Test Suite 'STFTInverseMLXTests' started at 2026-07-27 07:38:28.276.
Test Case '-[SourceSeparationTests.STFTInverseMLXTests testInverseMLXMatchesSwift]' started.
Test Case '-[SourceSeparationTests.STFTInverseMLXTests testInverseMLXMatchesSwift]' passed (0.039 seconds).
Test Suite 'STFTInverseMLXTests' passed at 2026-07-27 07:38:28.315.
	 Executed 1 test, with 0 failures (0 unexpected) in 0.039 (0.039) seconds
Test Suite 'SamplingTests' started at 2026-07-27 07:38:28.315.
Test Case '-[Qwen3ChatTests.SamplingTests testArgmaxWithZeroTemperature]' started.
Test Case '-[Qwen3ChatTests.SamplingTests testArgmaxWithZeroTemperature]' passed (0.000 seconds).
Test Case '-[Qwen3TTSTests.SamplingTests testGreedyConfig]' started.
Test Case '-[Qwen3TTSTests.SamplingTests testGreedyConfig]' passed (0.000 seconds).
Test Case '-[Qwen3ChatTests.SamplingTests testNoPenaltyWithDefault]' started.
Test Case '-[Qwen3ChatTests.SamplingTests testNoPenaltyWithDefault]' passed (0.000 seconds).
Test Case '-[Qwen3ChatTests.SamplingTests testRepetitionPenalty]' started.
Test Case '-[Qwen3ChatTests.SamplingTests testRepetitionPenalty]' passed (0.000 seconds).
Test Case '-[Qwen3ChatTests.SamplingTests testRepetitionPenaltyNegativeLogits]' started.
Test Case '-[Qwen3ChatTests.SamplingTests testRepetitionPenaltyNegativeLogits]' passed (0.000 seconds).
Test Case '-[Qwen3TTSTests.SamplingTests testSamplingConfigDefaults]' started.
Test Case '-[Qwen3TTSTests.SamplingTests testSamplingConfigDefaults]' passed (0.000 seconds).
Test Case '-[Qwen3ChatTests.SamplingTests testSamplingProducesValidTokens]' started.
Test Case '-[Qwen3ChatTests.SamplingTests testSamplingProducesValidTokens]' passed (0.007 seconds).
Test Case '-[Qwen3ChatTests.SamplingTests testTopKFiltering]' started.
Test Case '-[Qwen3ChatTests.SamplingTests testTopKFiltering]' passed (0.000 seconds).
Test Case '-[Qwen3ChatTests.SamplingTests testTopPNucleus]' started.
Test Case '-[Qwen3ChatTests.SamplingTests testTopPNucleus]' passed (0.000 seconds).
Test Suite 'SamplingTests' passed at 2026-07-27 07:38:28.322.
	 Executed 9 tests, with 0 failures (0 unexpected) in 0.007 (0.008) seconds
Test Suite 'SeamlessM4TFrontEndExtraTests' started at 2026-07-27 07:38:28.322.
Test Case '-[SpeechRestorationTests.SeamlessM4TFrontEndExtraTests testBelowOneFrameInput]' started.
Test Case '-[SpeechRestorationTests.SeamlessM4TFrontEndExtraTests testBelowOneFrameInput]' passed (0.000 seconds).
Test Case '-[SpeechRestorationTests.SeamlessM4TFrontEndExtraTests testDCInputStaysFinite]' started.
Test Case '-[SpeechRestorationTests.SeamlessM4TFrontEndExtraTests testDCInputStaysFinite]' passed (0.145 seconds).
Test Case '-[SpeechRestorationTests.SeamlessM4TFrontEndExtraTests testDeterministicAcrossCalls]' started.
Test Case '-[SpeechRestorationTests.SeamlessM4TFrontEndExtraTests testDeterministicAcrossCalls]' passed (0.281 seconds).
Test Case '-[SpeechRestorationTests.SeamlessM4TFrontEndExtraTests testEmptyInput]' started.
Test Case '-[SpeechRestorationTests.SeamlessM4TFrontEndExtraTests testEmptyInput]' passed (0.000 seconds).
Test Case '-[SpeechRestorationTests.SeamlessM4TFrontEndExtraTests testExactlyOneFrameNeedsAtLeastTwoMelFrames]' started.
Test Case '-[SpeechRestorationTests.SeamlessM4TFrontEndExtraTests testExactlyOneFrameNeedsAtLeastTwoMelFrames]' passed (0.004 seconds).
Test Case '-[SpeechRestorationTests.SeamlessM4TFrontEndExtraTests testFrameCountFormula]' started.
Test Case '-[SpeechRestorationTests.SeamlessM4TFrontEndExtraTests testFrameCountFormula]' passed (0.600 seconds).
Test Case '-[SpeechRestorationTests.SeamlessM4TFrontEndExtraTests testFullWindowYieldsConfigFrames]' started.
Test Case '-[SpeechRestorationTests.SeamlessM4TFrontEndExtraTests testFullWindowYieldsConfigFrames]' passed (1.464 seconds).
Test Case '-[SpeechRestorationTests.SeamlessM4TFrontEndExtraTests testNoNaNOrInfOnLoudInput]' started.
Test Case '-[SpeechRestorationTests.SeamlessM4TFrontEndExtraTests testNoNaNOrInfOnLoudInput]' passed (0.147 seconds).
Test Case '-[SpeechRestorationTests.SeamlessM4TFrontEndExtraTests testPerBinNormalizationUnitishStd]' started.
Test Case '-[SpeechRestorationTests.SeamlessM4TFrontEndExtraTests testPerBinNormalizationUnitishStd]' passed (0.143 seconds).
Test Case '-[SpeechRestorationTests.SeamlessM4TFrontEndExtraTests testSilenceProducesFiniteFeatures]' started.
Test Case '-[SpeechRestorationTests.SeamlessM4TFrontEndExtraTests testSilenceProducesFiniteFeatures]' passed (0.144 seconds).
Test Case '-[SpeechRestorationTests.SeamlessM4TFrontEndExtraTests testStackingConcatenatesAdjacentMelFrames]' started.
Test Case '-[SpeechRestorationTests.SeamlessM4TFrontEndExtraTests testStackingConcatenatesAdjacentMelFrames]' passed (0.142 seconds).
Test Suite 'SeamlessM4TFrontEndExtraTests' passed at 2026-07-27 07:38:31.393.
	 Executed 11 tests, with 0 failures (0 unexpected) in 3.070 (3.071) seconds
Test Suite 'SeamlessM4TFrontEndTests' started at 2026-07-27 07:38:31.393.
Test Case '-[SpeechRestorationTests.SeamlessM4TFrontEndTests testInputFeaturesGoldenValues]' started.
Test Case '-[SpeechRestorationTests.SeamlessM4TFrontEndTests testInputFeaturesGoldenValues]' passed (0.142 seconds).
Test Case '-[SpeechRestorationTests.SeamlessM4TFrontEndTests testInputFeaturesShape]' started.
Test Case '-[SpeechRestorationTests.SeamlessM4TFrontEndTests testInputFeaturesShape]' passed (0.141 seconds).
Test Case '-[SpeechRestorationTests.SeamlessM4TFrontEndTests testMelFilterbankShapeAndStructure]' started.
Test Case '-[SpeechRestorationTests.SeamlessM4TFrontEndTests testMelFilterbankShapeAndStructure]' passed (0.003 seconds).
Test Case '-[SpeechRestorationTests.SeamlessM4TFrontEndTests testMelScaleKaldiRoundTrip]' started.
Test Case '-[SpeechRestorationTests.SeamlessM4TFrontEndTests testMelScaleKaldiRoundTrip]' passed (0.000 seconds).
Test Case '-[SpeechRestorationTests.SeamlessM4TFrontEndTests testOddFrameCountDropsTrailingFrame]' started.
Test Case '-[SpeechRestorationTests.SeamlessM4TFrontEndTests testOddFrameCountDropsTrailingFrame]' passed (0.004 seconds).
Test Case '-[SpeechRestorationTests.SeamlessM4TFrontEndTests testPerBinNormalizationZeroMean]' started.
Test Case '-[SpeechRestorationTests.SeamlessM4TFrontEndTests testPerBinNormalizationZeroMean]' passed (0.143 seconds).
Test Case '-[SpeechRestorationTests.SeamlessM4TFrontEndTests testShortInputReturnsEmpty]' started.
Test Case '-[SpeechRestorationTests.SeamlessM4TFrontEndTests testShortInputReturnsEmpty]' passed (0.000 seconds).
Test Case '-[SpeechRestorationTests.SeamlessM4TFrontEndTests testWindowTable]' started.
Test Case '-[SpeechRestorationTests.SeamlessM4TFrontEndTests testWindowTable]' passed (0.000 seconds).
Test Suite 'SeamlessM4TFrontEndTests' passed at 2026-07-27 07:38:31.828.
	 Executed 8 tests, with 0 failures (0 unexpected) in 0.434 (0.434) seconds
Test Suite 'SendableTests' started at 2026-07-27 07:38:31.828.
Test Case '-[AudioCLITests.SendableTests testAllConfigsSendableInTaskGroup]' started.
Test Case '-[AudioCLITests.SendableTests testAllConfigsSendableInTaskGroup]' passed (0.000 seconds).
Test Case '-[AudioCLITests.SendableTests testDiarizationConfigSendable]' started.
Test Case '-[AudioCLITests.SendableTests testDiarizationConfigSendable]' passed (0.000 seconds).
Test Case '-[AudioCLITests.SendableTests testParakeetConfigSendable]' started.
Test Case '-[AudioCLITests.SendableTests testParakeetConfigSendable]' passed (0.000 seconds).
Test Case '-[AudioCLITests.SendableTests testQwen3AudioEncoderConfigSendable]' started.
Test Case '-[AudioCLITests.SendableTests testQwen3AudioEncoderConfigSendable]' passed (0.000 seconds).
Test Case '-[AudioCLITests.SendableTests testSegmentationConfigSendable]' started.
Test Case '-[AudioCLITests.SendableTests testSegmentationConfigSendable]' passed (0.000 seconds).
Test Case '-[AudioCLITests.SendableTests testVADConfigSendable]' started.
Test Case '-[AudioCLITests.SendableTests testVADConfigSendable]' passed (0.000 seconds).
Test Suite 'SendableTests' passed at 2026-07-27 07:38:31.829.
	 Executed 6 tests, with 0 failures (0 unexpected) in 0.001 (0.001) seconds
Test Suite 'SentencePieceModelTests' started at 2026-07-27 07:38:31.829.
Test Case '-[AudioCommonTests.SentencePieceModelTests testEmptyFileThrows]' started.
Test Case '-[AudioCommonTests.SentencePieceModelTests testEmptyFileThrows]' passed (0.000 seconds).
Test Case '-[AudioCommonTests.SentencePieceModelTests testInitFromData]' started.
Test Case '-[AudioCommonTests.SentencePieceModelTests testInitFromData]' passed (0.000 seconds).
Test Case '-[AudioCommonTests.SentencePieceModelTests testIsControlOrUnknown]' started.
Test Case '-[AudioCommonTests.SentencePieceModelTests testIsControlOrUnknown]' passed (0.001 seconds).
Test Case '-[AudioCommonTests.SentencePieceModelTests testParsesAllFields]' started.
Test Case '-[AudioCommonTests.SentencePieceModelTests testParsesAllFields]' passed (0.000 seconds).
Test Case '-[AudioCommonTests.SentencePieceModelTests testPieceTypeEnumDecode]' started.
Test Case '-[AudioCommonTests.SentencePieceModelTests testPieceTypeEnumDecode]' passed (0.000 seconds).
Test Case '-[AudioCommonTests.SentencePieceModelTests testSkipsUnknownTopLevelFields]' started.
Test Case '-[AudioCommonTests.SentencePieceModelTests testSkipsUnknownTopLevelFields]' passed (0.000 seconds).
Test Case '-[AudioCommonTests.SentencePieceModelTests testSubscriptOutOfRangeReturnsNil]' started.
Test Case '-[AudioCommonTests.SentencePieceModelTests testSubscriptOutOfRangeReturnsNil]' passed (0.000 seconds).
Test Suite 'SentencePieceModelTests' passed at 2026-07-27 07:38:31.831.
	 Executed 7 tests, with 0 failures (0 unexpected) in 0.002 (0.002) seconds
Test Suite 'SidonModelResolverTests' started at 2026-07-27 07:38:31.831.
Test Case '-[SpeechRestorationTests.SidonModelResolverTests testPrefersCompiledWhenBothPresent]' started.
Test Case '-[SpeechRestorationTests.SidonModelResolverTests testPrefersCompiledWhenBothPresent]' passed (0.000 seconds).
Test Case '-[SpeechRestorationTests.SidonModelResolverTests testReturnsCompiledWhenOnlyCompiledPresent]' started.
Test Case '-[SpeechRestorationTests.SidonModelResolverTests testReturnsCompiledWhenOnlyCompiledPresent]' passed (0.000 seconds).
Test Case '-[SpeechRestorationTests.SidonModelResolverTests testThrowsWhenNeitherPresent]' started.
Test Case '-[SpeechRestorationTests.SidonModelResolverTests testThrowsWhenNeitherPresent]' passed (0.000 seconds).
Test Suite 'SidonModelResolverTests' passed at 2026-07-27 07:38:31.832.
	 Executed 3 tests, with 0 failures (0 unexpected) in 0.001 (0.001) seconds
Test Suite 'SileroVADTests' started at 2026-07-27 07:38:31.832.
Test Case '-[SpeechVADTests.SileroVADTests testDetectSpeechWithRandomWeights]' started.
Test Case '-[SpeechVADTests.SileroVADTests testDetectSpeechWithRandomWeights]' passed (0.126 seconds).
Test Case '-[SpeechVADTests.SileroVADTests testProcessChunk]' started.
Test Case '-[SpeechVADTests.SileroVADTests testProcessChunk]' passed (0.002 seconds).
Test Case '-[SpeechVADTests.SileroVADTests testProcessChunkPrecondition]' started.
Test Case '-[SpeechVADTests.SileroVADTests testProcessChunkPrecondition]' passed (0.001 seconds).
Test Case '-[SpeechVADTests.SileroVADTests testReflectionPad1d]' started.
Test Case '-[SpeechVADTests.SileroVADTests testReflectionPad1d]' passed (0.000 seconds).
Test Case '-[SpeechVADTests.SileroVADTests testResetState]' started.
Test Case '-[SpeechVADTests.SileroVADTests testResetState]' passed (0.003 seconds).
Test Case '-[SpeechVADTests.SileroVADTests testSileroDefaultModelIds]' started.
Test Case '-[SpeechVADTests.SileroVADTests testSileroDefaultModelIds]' passed (0.000 seconds).
Test Case '-[SpeechVADTests.SileroVADTests testSileroDefaultVADConfig]' started.
Test Case '-[SpeechVADTests.SileroVADTests testSileroDefaultVADConfig]' passed (0.000 seconds).
Test Case '-[SpeechVADTests.SileroVADTests testSileroNetworkForwardShape]' started.
Test Case '-[SpeechVADTests.SileroVADTests testSileroNetworkForwardShape]' passed (0.001 seconds).
Test Case '-[SpeechVADTests.SileroVADTests testSileroNetworkStatefulLSTM]' started.
Test Case '-[SpeechVADTests.SileroVADTests testSileroNetworkStatefulLSTM]' passed (0.002 seconds).
Test Case '-[SpeechVADTests.SileroVADTests testStreamingProcessorBuffering]' started.
Test Case '-[SpeechVADTests.SileroVADTests testStreamingProcessorBuffering]' passed (0.000 seconds).
Test Case '-[SpeechVADTests.SileroVADTests testStreamingProcessorChunkTiming]' started.
Test Case '-[SpeechVADTests.SileroVADTests testStreamingProcessorChunkTiming]' passed (0.002 seconds).
Test Case '-[SpeechVADTests.SileroVADTests testStreamingProcessorFlushEmptyState]' started.
Test Case '-[SpeechVADTests.SileroVADTests testStreamingProcessorFlushEmptyState]' passed (0.000 seconds).
Test Case '-[SpeechVADTests.SileroVADTests testStreamingProcessorNoSpeech]' started.
Test Case '-[SpeechVADTests.SileroVADTests testStreamingProcessorNoSpeech]' passed (0.022 seconds).
Test Case '-[SpeechVADTests.SileroVADTests testStreamingProcessorReset]' started.
Test Case '-[SpeechVADTests.SileroVADTests testStreamingProcessorReset]' passed (0.002 seconds).
Test Case '-[SpeechVADTests.SileroVADTests testVADEventSendable]' started.
Test Case '-[SpeechVADTests.SileroVADTests testVADEventSendable]' passed (0.000 seconds).
Test Suite 'SileroVADTests' passed at 2026-07-27 07:38:31.996.
	 Executed 15 tests, with 0 failures (0 unexpected) in 0.163 (0.163) seconds
Test Suite 'SortformerTests' started at 2026-07-27 07:38:31.996.
Test Case '-[SpeechVADTests.SortformerTests testBinarizationHysteresis]' started.
Test Case '-[SpeechVADTests.SortformerTests testBinarizationHysteresis]' passed (0.000 seconds).
Test Case '-[SpeechVADTests.SortformerTests testBinarizationNoSpeech]' started.
Test Case '-[SpeechVADTests.SortformerTests testBinarizationNoSpeech]' passed (0.000 seconds).
Test Case '-[SpeechVADTests.SortformerTests testBinarizationSingleSpeaker]' started.
Test Case '-[SpeechVADTests.SortformerTests testBinarizationSingleSpeaker]' passed (0.000 seconds).
Test Case '-[SpeechVADTests.SortformerTests testCustomConfig]' started.
Test Case '-[SpeechVADTests.SortformerTests testCustomConfig]' passed (0.000 seconds).
Test Case '-[SpeechVADTests.SortformerTests testDefaultConfig]' started.
Test Case '-[SpeechVADTests.SortformerTests testDefaultConfig]' passed (0.000 seconds).
Test Case '-[SpeechVADTests.SortformerTests testMelExtractorEmptyAudio]' started.
Test Case '-[SpeechVADTests.SortformerTests testMelExtractorEmptyAudio]' passed (0.008 seconds).
Test Case '-[SpeechVADTests.SortformerTests testMelExtractorOutputShape]' started.
Test Case '-[SpeechVADTests.SortformerTests testMelExtractorOutputShape]' passed (0.014 seconds).
Test Case '-[SpeechVADTests.SortformerTests testMelExtractorShortAudio]' started.
Test Case '-[SpeechVADTests.SortformerTests testMelExtractorShortAudio]' passed (0.008 seconds).
Test Case '-[SpeechVADTests.SortformerTests testMelExtractorValuesFinite]' started.
Test Case '-[SpeechVADTests.SortformerTests testMelExtractorValuesFinite]' passed (0.018 seconds).
Test Case '-[SpeechVADTests.SortformerTests testStateBufferDimensions]' started.
Test Case '-[SpeechVADTests.SortformerTests testStateBufferDimensions]' passed (0.000 seconds).
Test Case '-[SpeechVADTests.SortformerTests testStreamingSessionMatchesWholeBufferDiarization]' started.
/Users/ivan/repos/speech-swift-tts-download/Tests/SpeechVADTests/SortformerTests.swift:263: -[SpeechVADTests.SortformerTests testStreamingSessionMatchesWholeBufferDiarization] : Test skipped - Sortformer streaming model not cached: failedToDownload("aufklarer/Sortformer-Diarization-CoreML after 1 attempt (target: /Users/ivan/Library/Caches/qwen3-speech/models/aufklarer/Sortformer-Diarization-CoreML): Offline mode error: No files available locally for this repository")
Test Case '-[SpeechVADTests.SortformerTests testStreamingSessionMatchesWholeBufferDiarization]' skipped (0.001 seconds).
Test Case '-[SpeechVADTests.SortformerTests testUltraEightSlotSessionStaysWithinItsWidth]' started.
/Users/ivan/repos/speech-swift-tts-download/Tests/SpeechVADTests/SortformerTests.swift:189: -[SpeechVADTests.SortformerTests testUltraEightSlotSessionStaysWithinItsWidth] : Test skipped - Ultra-Sortformer model not cached: failedToDownload("aufklarer/Ultra-Sortformer-Diarization-CoreML after 1 attempt (target: /Users/ivan/Library/Caches/qwen3-speech/models/aufklarer/Ultra-Sortformer-Diarization-CoreML): Offline mode error: No files available locally for this repository")
Test Case '-[SpeechVADTests.SortformerTests testUltraEightSlotSessionStaysWithinItsWidth]' skipped (0.001 seconds).
Test Suite 'SortformerTests' passed at 2026-07-27 07:38:32.047.
	 Executed 12 tests, with 2 tests skipped and 0 failures (0 unexpected) in 0.051 (0.051) seconds
Test Suite 'SpeakCommandTests' started at 2026-07-27 07:38:32.047.
Test Case '-[AudioCLITests.SpeakCommandTests testBatchFileSatisfiesValidation]' started.
Test Case '-[AudioCLITests.SpeakCommandTests testBatchFileSatisfiesValidation]' passed (0.014 seconds).
Test Case '-[AudioCLITests.SpeakCommandTests testBatchSizeOption]' started.
Test Case '-[AudioCLITests.SpeakCommandTests testBatchSizeOption]' passed (0.012 seconds).
Test Case '-[AudioCLITests.SpeakCommandTests testChunkFramesOptions]' started.
Test Case '-[AudioCLITests.SpeakCommandTests testChunkFramesOptions]' passed (0.012 seconds).
Test Case '-[AudioCLITests.SpeakCommandTests testCosyVoiceEngine]' started.
Test Case '-[AudioCLITests.SpeakCommandTests testCosyVoiceEngine]' passed (0.012 seconds).
Test Case '-[AudioCLITests.SpeakCommandTests testCosyVoiceModelIdOption]' started.
Test Case '-[AudioCLITests.SpeakCommandTests testCosyVoiceModelIdOption]' passed (0.012 seconds).
Test Case '-[AudioCLITests.SpeakCommandTests testCosyVoiceModelIdOverridesVariant]' started.
Test Case '-[AudioCLITests.SpeakCommandTests testCosyVoiceModelIdOverridesVariant]' passed (0.012 seconds).
Test Case '-[AudioCLITests.SpeakCommandTests testCosyVoiceVariant16BitAlias]' started.
Test Case '-[AudioCLITests.SpeakCommandTests testCosyVoiceVariant16BitAlias]' passed (0.012 seconds).
Test Case '-[AudioCLITests.SpeakCommandTests testCosyVoiceVariantBf16]' started.
Test Case '-[AudioCLITests.SpeakCommandTests testCosyVoiceVariantBf16]' passed (0.012 seconds).
Test Case '-[AudioCLITests.SpeakCommandTests testDefaultCosyVoiceModelId]' started.
Test Case '-[AudioCLITests.SpeakCommandTests testDefaultCosyVoiceModelId]' passed (0.012 seconds).
Test Case '-[AudioCLITests.SpeakCommandTests testDefaultEngine]' started.
Test Case '-[AudioCLITests.SpeakCommandTests testDefaultEngine]' passed (0.012 seconds).
Test Case '-[AudioCLITests.SpeakCommandTests testDefaultFlags]' started.
Test Case '-[AudioCLITests.SpeakCommandTests testDefaultFlags]' passed (0.012 seconds).
Test Case '-[AudioCLITests.SpeakCommandTests testDefaultLanguage]' started.
Test Case '-[AudioCLITests.SpeakCommandTests testDefaultLanguage]' passed (0.012 seconds).
Test Case '-[AudioCLITests.SpeakCommandTests testDefaultOutput]' started.
Test Case '-[AudioCLITests.SpeakCommandTests testDefaultOutput]' passed (0.012 seconds).
Test Case '-[AudioCLITests.SpeakCommandTests testDefaultQwen3Options]' started.
Test Case '-[AudioCLITests.SpeakCommandTests testDefaultQwen3Options]' passed (0.012 seconds).
Test Case '-[AudioCLITests.SpeakCommandTests testDefaultSamplingParams]' started.
Test Case '-[AudioCLITests.SpeakCommandTests testDefaultSamplingParams]' passed (0.012 seconds).
Test Case '-[AudioCLITests.SpeakCommandTests testF5Engine]' started.
Test Case '-[AudioCLITests.SpeakCommandTests testF5Engine]' passed (0.012 seconds).
Test Case '-[AudioCLITests.SpeakCommandTests testF5Options]' started.
Test Case '-[AudioCLITests.SpeakCommandTests testF5Options]' passed (0.012 seconds).
Test Case '-[AudioCLITests.SpeakCommandTests testF5RejectsInvalidSamplingValues]' started.
Test Case '-[AudioCLITests.SpeakCommandTests testF5RejectsInvalidSamplingValues]' passed (0.036 seconds).
Test Case '-[AudioCLITests.SpeakCommandTests testF5RejectsMissingOrBlankReferenceText]' started.
Test Case '-[AudioCLITests.SpeakCommandTests testF5RejectsMissingOrBlankReferenceText]' passed (0.024 seconds).
Test Case '-[AudioCLITests.SpeakCommandTests testF5RejectsMissingVoiceSample]' started.
Test Case '-[AudioCLITests.SpeakCommandTests testF5RejectsMissingVoiceSample]' passed (0.012 seconds).
Test Case '-[AudioCLITests.SpeakCommandTests testF5RejectsUnsupportedControls]' started.
Test Case '-[AudioCLITests.SpeakCommandTests testF5RejectsUnsupportedControls]' passed (0.048 seconds).
Test Case '-[AudioCLITests.SpeakCommandTests testHiggsAllowsPlainTTSWithoutReference]' started.
Test Case '-[AudioCLITests.SpeakCommandTests testHiggsAllowsPlainTTSWithoutReference]' passed (0.012 seconds).
Test Case '-[AudioCLITests.SpeakCommandTests testHiggsEngine]' started.
Test Case '-[AudioCLITests.SpeakCommandTests testHiggsEngine]' passed (0.012 seconds).
Test Case '-[AudioCLITests.SpeakCommandTests testHiggsOptions]' started.
Test Case '-[AudioCLITests.SpeakCommandTests testHiggsOptions]' passed (0.012 seconds).
Test Case '-[AudioCLITests.SpeakCommandTests testHiggsRejectsInvalidSamplingValues]' started.
Test Case '-[AudioCLITests.SpeakCommandTests testHiggsRejectsInvalidSamplingValues]' passed (0.048 seconds).
Test Case '-[AudioCLITests.SpeakCommandTests testHiggsRejectsRefTextWithoutVoiceSample]' started.
Test Case '-[AudioCLITests.SpeakCommandTests testHiggsRejectsRefTextWithoutVoiceSample]' passed (0.012 seconds).
Test Case '-[AudioCLITests.SpeakCommandTests testHiggsRejectsUnsupportedControls]' started.
Test Case '-[AudioCLITests.SpeakCommandTests testHiggsRejectsUnsupportedControls]' passed (0.048 seconds).
Test Case '-[AudioCLITests.SpeakCommandTests testIndexTTS2EmotionAudioOption]' started.
Test Case '-[AudioCLITests.SpeakCommandTests testIndexTTS2EmotionAudioOption]' passed (0.012 seconds).
Test Case '-[AudioCLITests.SpeakCommandTests testIndexTTS2EmotionVectorOption]' started.
Test Case '-[AudioCLITests.SpeakCommandTests testIndexTTS2EmotionVectorOption]' passed (0.012 seconds).
Test Case '-[AudioCLITests.SpeakCommandTests testIndexTTS2Engine]' started.
Test Case '-[AudioCLITests.SpeakCommandTests testIndexTTS2Engine]' passed (0.012 seconds).
Test Case '-[AudioCLITests.SpeakCommandTests testIndexTTS2Options]' started.
Test Case '-[AudioCLITests.SpeakCommandTests testIndexTTS2Options]' passed (0.012 seconds).
Test Case '-[AudioCLITests.SpeakCommandTests testIndexTTS2RejectsMissingVoiceSample]' started.
Test Case '-[AudioCLITests.SpeakCommandTests testIndexTTS2RejectsMissingVoiceSample]' passed (0.012 seconds).
Test Case '-[AudioCLITests.SpeakCommandTests testIndexTTS2RejectsUnsupportedControls]' started.
Test Case '-[AudioCLITests.SpeakCommandTests testIndexTTS2RejectsUnsupportedControls]' passed (0.073 seconds).
Test Case '-[AudioCLITests.SpeakCommandTests testIndicMioAcceptsInlineJSONEmbedding]' started.
Test Case '-[AudioCLITests.SpeakCommandTests testIndicMioAcceptsInlineJSONEmbedding]' passed (0.015 seconds).
Test Case '-[AudioCLITests.SpeakCommandTests testIndicMioAcceptsVoiceSampleReference]' started.
Test Case '-[AudioCLITests.SpeakCommandTests testIndicMioAcceptsVoiceSampleReference]' passed (0.012 seconds).
Test Case '-[AudioCLITests.SpeakCommandTests testIndicMioEngine]' started.
Test Case '-[AudioCLITests.SpeakCommandTests testIndicMioEngine]' passed (0.012 seconds).
Test Case '-[AudioCLITests.SpeakCommandTests testIndicMioOptions]' started.
Test Case '-[AudioCLITests.SpeakCommandTests testIndicMioOptions]' passed (0.012 seconds).
Test Case '-[AudioCLITests.SpeakCommandTests testIndicMioRejectsQwen3StyleControls]' started.
Test Case '-[AudioCLITests.SpeakCommandTests testIndicMioRejectsQwen3StyleControls]' passed (0.024 seconds).
Test Case '-[AudioCLITests.SpeakCommandTests testIndicMioRejectsStreamingAndBatch]' started.
Test Case '-[AudioCLITests.SpeakCommandTests testIndicMioRejectsStreamingAndBatch]' passed (0.024 seconds).
Test Case '-[AudioCLITests.SpeakCommandTests testIndicMioRejectsVoiceSampleWithExplicitEmbedding]' started.
Test Case '-[AudioCLITests.SpeakCommandTests testIndicMioRejectsVoiceSampleWithExplicitEmbedding]' passed (0.012 seconds).
Test Case '-[AudioCLITests.SpeakCommandTests testInstructOption]' started.
Test Case '-[AudioCLITests.SpeakCommandTests testInstructOption]' passed (0.012 seconds).
Test Case '-[AudioCLITests.SpeakCommandTests testInvalidEngineFails]' started.
Test Case '-[AudioCLITests.SpeakCommandTests testInvalidEngineFails]' passed (0.018 seconds).
Test Case '-[AudioCLITests.SpeakCommandTests testLanguageOption]' started.
Test Case '-[AudioCLITests.SpeakCommandTests testLanguageOption]' passed (0.012 seconds).
Test Case '-[AudioCLITests.SpeakCommandTests testListSpeakersSatisfiesValidation]' started.
Test Case '-[AudioCLITests.SpeakCommandTests testListSpeakersSatisfiesValidation]' passed (0.012 seconds).
Test Case '-[AudioCLITests.SpeakCommandTests testMagpieAcceptsBakedSpeakers]' started.
Test Case '-[AudioCLITests.SpeakCommandTests testMagpieAcceptsBakedSpeakers]' passed (0.060 seconds).
Test Case '-[AudioCLITests.SpeakCommandTests testMagpieCoreMLAccepts]' started.
Test Case '-[AudioCLITests.SpeakCommandTests testMagpieCoreMLAccepts]' passed (0.012 seconds).
Test Case '-[AudioCLITests.SpeakCommandTests testMagpieCoreMLAcceptsStream]' started.
Test Case '-[AudioCLITests.SpeakCommandTests testMagpieCoreMLAcceptsStream]' passed (0.012 seconds).
Test Case '-[AudioCLITests.SpeakCommandTests testMagpieCoreMLAllSpeakers]' started.
Test Case '-[AudioCLITests.SpeakCommandTests testMagpieCoreMLAllSpeakers]' passed (0.059 seconds).
Test Case '-[AudioCLITests.SpeakCommandTests testMagpieCoreMLRejectsVoiceCloningFlags]' started.
Test Case '-[AudioCLITests.SpeakCommandTests testMagpieCoreMLRejectsVoiceCloningFlags]' passed (0.036 seconds).
Test Case '-[AudioCLITests.SpeakCommandTests testMagpieRejectsInstruct]' started.
Test Case '-[AudioCLITests.SpeakCommandTests testMagpieRejectsInstruct]' passed (0.012 seconds).
Test Case '-[AudioCLITests.SpeakCommandTests testMagpieRejectsQwen3SpeakerFlag]' started.
Test Case '-[AudioCLITests.SpeakCommandTests testMagpieRejectsQwen3SpeakerFlag]' passed (0.012 seconds).
Test Case '-[AudioCLITests.SpeakCommandTests testMagpieRejectsUnknownSpeaker]' started.
Test Case '-[AudioCLITests.SpeakCommandTests testMagpieRejectsUnknownSpeaker]' passed (0.012 seconds).
Test Case '-[AudioCLITests.SpeakCommandTests testMagpieRejectsVoiceSample]' started.
Test Case '-[AudioCLITests.SpeakCommandTests testMagpieRejectsVoiceSample]' passed (0.012 seconds).
Test Case '-[AudioCLITests.SpeakCommandTests testModel17B8bitOption]' started.
Test Case '-[AudioCLITests.SpeakCommandTests testModel17B8bitOption]' passed (0.012 seconds).
Test Case '-[AudioCLITests.SpeakCommandTests testModel17BOption]' started.
Test Case '-[AudioCLITests.SpeakCommandTests testModel17BOption]' passed (0.012 seconds).
Test Case '-[AudioCLITests.SpeakCommandTests testModel8bitOption]' started.
Test Case '-[AudioCLITests.SpeakCommandTests testModel8bitOption]' passed (0.012 seconds).
Test Case '-[AudioCLITests.SpeakCommandTests testModelOption]' started.
Test Case '-[AudioCLITests.SpeakCommandTests testModelOption]' passed (0.012 seconds).
Test Case '-[AudioCLITests.SpeakCommandTests testNoTextNoFlagsNoFileFails]' started.
Test Case '-[AudioCLITests.SpeakCommandTests testNoTextNoFlagsNoFileFails]' passed (0.018 seconds).
Test Case '-[AudioCLITests.SpeakCommandTests testOutputOption]' started.
Test Case '-[AudioCLITests.SpeakCommandTests testOutputOption]' passed (0.012 seconds).
Test Case '-[AudioCLITests.SpeakCommandTests testOutputShortFlag]' started.
Test Case '-[AudioCLITests.SpeakCommandTests testOutputShortFlag]' passed (0.012 seconds).
Test Case '-[AudioCLITests.SpeakCommandTests testSamplingOptions]' started.
Test Case '-[AudioCLITests.SpeakCommandTests testSamplingOptions]' passed (0.012 seconds).
Test Case '-[AudioCLITests.SpeakCommandTests testSpeakerOption]' started.
Test Case '-[AudioCLITests.SpeakCommandTests testSpeakerOption]' passed (0.012 seconds).
Test Case '-[AudioCLITests.SpeakCommandTests testStreamFlag]' started.
Test Case '-[AudioCLITests.SpeakCommandTests testStreamFlag]' passed (0.012 seconds).
Test Case '-[AudioCLITests.SpeakCommandTests testVerboseFlag]' started.
Test Case '-[AudioCLITests.SpeakCommandTests testVerboseFlag]' passed (0.012 seconds).
Test Suite 'SpeakCommandTests' passed at 2026-07-27 07:38:33.181.
	 Executed 64 tests, with 0 failures (0 unexpected) in 1.132 (1.134) seconds
Test Suite 'SpeakerConfigTests' started at 2026-07-27 07:38:33.181.
Test Case '-[Qwen3TTSTests.SpeakerConfigTests testAvailableSpeakersEmptyByDefault]' started.
Test Case '-[Qwen3TTSTests.SpeakerConfigTests testAvailableSpeakersEmptyByDefault]' passed (0.032 seconds).
Test Case '-[Qwen3TTSTests.SpeakerConfigTests testCodecPrefixWithoutSpeaker]' started.
Test Case '-[Qwen3TTSTests.SpeakerConfigTests testCodecPrefixWithoutSpeaker]' passed (0.025 seconds).
Test Case '-[Qwen3TTSTests.SpeakerConfigTests testCodecPrefixWithSpeaker]' started.
Test Case '-[Qwen3TTSTests.SpeakerConfigTests testCodecPrefixWithSpeaker]' passed (0.022 seconds).
Test Case '-[Qwen3TTSTests.SpeakerConfigTests testDefaultInstructConstant]' started.
Test Case '-[Qwen3TTSTests.SpeakerConfigTests testDefaultInstructConstant]' passed (0.000 seconds).
Test Case '-[Qwen3TTSTests.SpeakerConfigTests testEmptySpeakerConfig]' started.
Test Case '-[Qwen3TTSTests.SpeakerConfigTests testEmptySpeakerConfig]' passed (0.000 seconds).
Test Case '-[Qwen3TTSTests.SpeakerConfigTests testSpeakerConfigParsing]' started.
Test Case '-[Qwen3TTSTests.SpeakerConfigTests testSpeakerConfigParsing]' passed (0.000 seconds).
Test Case '-[Qwen3TTSTests.SpeakerConfigTests testSpeakerDialectMapping]' started.
Test Case '-[Qwen3TTSTests.SpeakerConfigTests testSpeakerDialectMapping]' passed (0.000 seconds).
Test Case '-[Qwen3TTSTests.SpeakerConfigTests testTTSModelVariant]' started.
Test Case '-[Qwen3TTSTests.SpeakerConfigTests testTTSModelVariant]' passed (0.000 seconds).
Test Suite 'SpeakerConfigTests' passed at 2026-07-27 07:38:33.261.
	 Executed 8 tests, with 0 failures (0 unexpected) in 0.079 (0.080) seconds
Test Suite 'SpeakerEncoderUnitTests' started at 2026-07-27 07:38:33.261.
Test Case '-[Qwen3TTSTests.SpeakerEncoderUnitTests testCodecPrefixWithSpeakerEmbedding]' started.
Test Case '-[Qwen3TTSTests.SpeakerEncoderUnitTests testCodecPrefixWithSpeakerEmbedding]' passed (0.023 seconds).
Test Case '-[Qwen3TTSTests.SpeakerEncoderUnitTests testHannWindow]' started.
Test Case '-[Qwen3TTSTests.SpeakerEncoderUnitTests testHannWindow]' passed (0.017 seconds).
Test Case '-[Qwen3TTSTests.SpeakerEncoderUnitTests testMelFilterbankResampling]' started.
Test Case '-[Qwen3TTSTests.SpeakerEncoderUnitTests testMelFilterbankResampling]' passed (0.018 seconds).
Test Case '-[Qwen3TTSTests.SpeakerEncoderUnitTests testMelFilterbankShape]' started.
Test Case '-[Qwen3TTSTests.SpeakerEncoderUnitTests testMelFilterbankShape]' passed (0.017 seconds).
Test Case '-[Qwen3TTSTests.SpeakerEncoderUnitTests testQwen3TTSModelHasSpeakerEncoder]' started.
Test Case '-[Qwen3TTSTests.SpeakerEncoderUnitTests testQwen3TTSModelHasSpeakerEncoder]' passed (0.024 seconds).
Test Case '-[Qwen3TTSTests.SpeakerEncoderUnitTests testSpeakerEncoderClearParameters]' started.
Test Case '-[Qwen3TTSTests.SpeakerEncoderUnitTests testSpeakerEncoderClearParameters]' passed (0.005 seconds).
Test Case '-[Qwen3TTSTests.SpeakerEncoderUnitTests testSpeakerEncoderEmbeddingDimParameterized]' started.
Test Case '-[Qwen3TTSTests.SpeakerEncoderUnitTests testSpeakerEncoderEmbeddingDimParameterized]' passed (0.037 seconds).
Test Case '-[Qwen3TTSTests.SpeakerEncoderUnitTests testSpeakerEncoderInit]' started.
Test Case '-[Qwen3TTSTests.SpeakerEncoderUnitTests testSpeakerEncoderInit]' passed (0.001 seconds).
Test Case '-[Qwen3TTSTests.SpeakerEncoderUnitTests testSpeakerEncoderMemoryFootprint]' started.
Test Case '-[Qwen3TTSTests.SpeakerEncoderUnitTests testSpeakerEncoderMemoryFootprint]' passed (0.002 seconds).
Test Case '-[Qwen3TTSTests.SpeakerEncoderUnitTests testUnloadIncludesSpeakerEncoder]' started.
Test Case '-[Qwen3TTSTests.SpeakerEncoderUnitTests testUnloadIncludesSpeakerEncoder]' passed (0.043 seconds).
Test Suite 'SpeakerEncoderUnitTests' passed at 2026-07-27 07:38:33.449.
	 Executed 10 tests, with 0 failures (0 unexpected) in 0.188 (0.188) seconds
Test Suite 'SpeechEnhancementTests' started at 2026-07-27 07:38:33.449.
Test Case '-[SpeechEnhancementTests.SpeechEnhancementTests testDeepFilteringIdentity]' started.
Test Case '-[SpeechEnhancementTests.SpeechEnhancementTests testDeepFilteringIdentity]' passed (0.001 seconds).
Test Case '-[SpeechEnhancementTests.SpeechEnhancementTests testDeepFilteringZeroPadsOutOfRangeFrames]' started.
Test Case '-[SpeechEnhancementTests.SpeechEnhancementTests testDeepFilteringZeroPadsOutOfRangeFrames]' passed (0.000 seconds).
Test Case '-[SpeechEnhancementTests.SpeechEnhancementTests testDefaultConfig]' started.
Test Case '-[SpeechEnhancementTests.SpeechEnhancementTests testDefaultConfig]' passed (0.000 seconds).
Test Case '-[SpeechEnhancementTests.SpeechEnhancementTests testERBFilterbankShape]' started.
Test Case '-[SpeechEnhancementTests.SpeechEnhancementTests testERBFilterbankShape]' passed (0.000 seconds).
Test Case '-[SpeechEnhancementTests.SpeechEnhancementTests testERBFilterbankWidthsIncreasing]' started.
Test Case '-[SpeechEnhancementTests.SpeechEnhancementTests testERBFilterbankWidthsIncreasing]' passed (0.000 seconds).
Test Case '-[SpeechEnhancementTests.SpeechEnhancementTests testERBForwardNormalization]' started.
Test Case '-[SpeechEnhancementTests.SpeechEnhancementTests testERBForwardNormalization]' passed (0.001 seconds).
Test Case '-[SpeechEnhancementTests.SpeechEnhancementTests testERBMaskApplication]' started.
Test Case '-[SpeechEnhancementTests.SpeechEnhancementTests testERBMaskApplication]' passed (0.000 seconds).
Test Case '-[SpeechEnhancementTests.SpeechEnhancementTests testERBMaskZero]' started.
Test Case '-[SpeechEnhancementTests.SpeechEnhancementTests testERBMaskZero]' passed (0.000 seconds).
Test Case '-[SpeechEnhancementTests.SpeechEnhancementTests testLookaheadPadding]' started.
Test Case '-[SpeechEnhancementTests.SpeechEnhancementTests testLookaheadPadding]' passed (0.000 seconds).
Test Case '-[SpeechEnhancementTests.SpeechEnhancementTests testLookaheadPaddingZero]' started.
Test Case '-[SpeechEnhancementTests.SpeechEnhancementTests testLookaheadPaddingZero]' passed (0.000 seconds).
Test Case '-[SpeechEnhancementTests.SpeechEnhancementTests testMeanNormalization]' started.
Test Case '-[SpeechEnhancementTests.SpeechEnhancementTests testMeanNormalization]' passed (0.000 seconds).
Test Case '-[SpeechEnhancementTests.SpeechEnhancementTests testNormAlpha]' started.
Test Case '-[SpeechEnhancementTests.SpeechEnhancementTests testNormAlpha]' passed (0.000 seconds).
Test Case '-[SpeechEnhancementTests.SpeechEnhancementTests testNpzReaderConvertsFortranOrderToRowMajor]' started.
Test Case '-[SpeechEnhancementTests.SpeechEnhancementTests testNpzReaderConvertsFortranOrderToRowMajor]' passed (0.001 seconds).
Test Case '-[SpeechEnhancementTests.SpeechEnhancementTests testSTFTAnalysisMatchesLibDFNormalization]' started.
Test Case '-[SpeechEnhancementTests.SpeechEnhancementTests testSTFTAnalysisMatchesLibDFNormalization]' passed (0.000 seconds).
Test Case '-[SpeechEnhancementTests.SpeechEnhancementTests testSTFTFrameCount]' started.
Test Case '-[SpeechEnhancementTests.SpeechEnhancementTests testSTFTFrameCount]' passed (0.004 seconds).
Test Case '-[SpeechEnhancementTests.SpeechEnhancementTests testSTFTFreqBins]' started.
Test Case '-[SpeechEnhancementTests.SpeechEnhancementTests testSTFTFreqBins]' passed (0.000 seconds).
Test Case '-[SpeechEnhancementTests.SpeechEnhancementTests testSTFTRoundTrip]' started.
Test Case '-[SpeechEnhancementTests.SpeechEnhancementTests testSTFTRoundTrip]' passed (0.004 seconds).
Test Case '-[SpeechEnhancementTests.SpeechEnhancementTests testSTFTRoundTripMultiFreq]' started.
Test Case '-[SpeechEnhancementTests.SpeechEnhancementTests testSTFTRoundTripMultiFreq]' passed (0.007 seconds).
Test Case '-[SpeechEnhancementTests.SpeechEnhancementTests testUnitNormalization]' started.
Test Case '-[SpeechEnhancementTests.SpeechEnhancementTests testUnitNormalization]' passed (0.000 seconds).
Test Case '-[SpeechEnhancementTests.SpeechEnhancementTests testVorbisWindowCOLA]' started.
Test Case '-[SpeechEnhancementTests.SpeechEnhancementTests testVorbisWindowCOLA]' passed (0.000 seconds).
Test Case '-[SpeechEnhancementTests.SpeechEnhancementTests testVorbisWindowRange]' started.
Test Case '-[SpeechEnhancementTests.SpeechEnhancementTests testVorbisWindowRange]' passed (0.001 seconds).
Test Case '-[SpeechEnhancementTests.SpeechEnhancementTests testVorbisWindowSize]' started.
Test Case '-[SpeechEnhancementTests.SpeechEnhancementTests testVorbisWindowSize]' passed (0.000 seconds).
Test Case '-[SpeechEnhancementTests.SpeechEnhancementTests testVorbisWindowSymmetry]' started.
Test Case '-[SpeechEnhancementTests.SpeechEnhancementTests testVorbisWindowSymmetry]' passed (0.000 seconds).
Test Case '-[SpeechEnhancementTests.SpeechEnhancementTests testWeightLoaderAuxiliaryDataStructure]' started.
Test Case '-[SpeechEnhancementTests.SpeechEnhancementTests testWeightLoaderAuxiliaryDataStructure]' passed (0.000 seconds).
Test Suite 'SpeechEnhancementTests' passed at 2026-07-27 07:38:33.471.
	 Executed 24 tests, with 0 failures (0 unexpected) in 0.021 (0.021) seconds
Test Suite 'SpeechRestorationConfigTests' started at 2026-07-27 07:38:33.471.
Test Case '-[SpeechRestorationTests.SpeechRestorationConfigTests testDefaultConfigMatchesExport]' started.
Test Case '-[SpeechRestorationTests.SpeechRestorationConfigTests testDefaultConfigMatchesExport]' passed (0.000 seconds).
Test Case '-[SpeechRestorationTests.SpeechRestorationConfigTests testEngineConstants]' started.
Test Case '-[SpeechRestorationTests.SpeechRestorationConfigTests testEngineConstants]' passed (0.000 seconds).
Test Case '-[SpeechRestorationTests.SpeechRestorationConfigTests testVariantSubfoldersAndRepo]' started.
Test Case '-[SpeechRestorationTests.SpeechRestorationConfigTests testVariantSubfoldersAndRepo]' passed (0.000 seconds).
Test Case '-[SpeechRestorationTests.SpeechRestorationConfigTests testWindowSpansTenSeconds]' started.
Test Case '-[SpeechRestorationTests.SpeechRestorationConfigTests testWindowSpansTenSeconds]' passed (1.430 seconds).
Test Suite 'SpeechRestorationConfigTests' passed at 2026-07-27 07:38:34.902.
	 Executed 4 tests, with 0 failures (0 unexpected) in 1.431 (1.431) seconds
Test Suite 'SpeechRestorerLogicTests' started at 2026-07-27 07:38:34.902.
Test Case '-[SpeechRestorationTests.SpeechRestorerLogicTests testConfigDefaultsConsistency]' started.
Test Case '-[SpeechRestorationTests.SpeechRestorerLogicTests testConfigDefaultsConsistency]' passed (0.002 seconds).
Test Case '-[SpeechRestorationTests.SpeechRestorerLogicTests testDownloaderPathsUseVariantSubfolder]' started.
Test Case '-[SpeechRestorationTests.SpeechRestorerLogicTests testDownloaderPathsUseVariantSubfolder]' passed (0.000 seconds).
Test Case '-[SpeechRestorationTests.SpeechRestorerLogicTests testEmptyInputPlan]' started.
Test Case '-[SpeechRestorationTests.SpeechRestorerLogicTests testEmptyInputPlan]' passed (0.000 seconds).
Test Case '-[SpeechRestorationTests.SpeechRestorerLogicTests testExactlyOneWindowPlan]' started.
Test Case '-[SpeechRestorationTests.SpeechRestorerLogicTests testExactlyOneWindowPlan]' passed (0.000 seconds).
Test Case '-[SpeechRestorationTests.SpeechRestorerLogicTests testManyWindowPlanForFiveMinutes]' started.
Test Case '-[SpeechRestorationTests.SpeechRestorerLogicTests testManyWindowPlanForFiveMinutes]' passed (0.000 seconds).
Test Case '-[SpeechRestorationTests.SpeechRestorerLogicTests testMemoryFootprintDiffersByVariant]' started.
Test Case '-[SpeechRestorationTests.SpeechRestorerLogicTests testMemoryFootprintDiffersByVariant]' passed (0.000 seconds).
Test Case '-[SpeechRestorationTests.SpeechRestorerLogicTests testMemoryFootprintZeroAfterUnload]' started.
Test Case '-[SpeechRestorationTests.SpeechRestorerLogicTests testMemoryFootprintZeroAfterUnload]' passed (0.000 seconds).
Test Case '-[SpeechRestorationTests.SpeechRestorerLogicTests testOutputIsAlwaysAtThreeTimesOrTrimmed]' started.
Test Case '-[SpeechRestorationTests.SpeechRestorerLogicTests testOutputIsAlwaysAtThreeTimesOrTrimmed]' passed (0.000 seconds).
Test Case '-[SpeechRestorationTests.SpeechRestorerLogicTests testRestoreThrowsWhenUnloaded]' started.
Test Case '-[SpeechRestorationTests.SpeechRestorerLogicTests testRestoreThrowsWhenUnloaded]' passed (0.000 seconds).
Test Case '-[SpeechRestorationTests.SpeechRestorerLogicTests testSingleWindowPlanShortClip]' started.
Test Case '-[SpeechRestorationTests.SpeechRestorerLogicTests testSingleWindowPlanShortClip]' passed (0.000 seconds).
Test Case '-[SpeechRestorationTests.SpeechRestorerLogicTests testSpeechEnhancementModelConformance]' started.
Test Case '-[SpeechRestorationTests.SpeechRestorerLogicTests testSpeechEnhancementModelConformance]' passed (0.000 seconds).
Test Case '-[SpeechRestorationTests.SpeechRestorerLogicTests testTwoFullWindowsKeepRawLength]' started.
Test Case '-[SpeechRestorationTests.SpeechRestorerLogicTests testTwoFullWindowsKeepRawLength]' passed (0.000 seconds).
Test Case '-[SpeechRestorationTests.SpeechRestorerLogicTests testTwoWindowPlanJustOverOneWindow]' started.
Test Case '-[SpeechRestorationTests.SpeechRestorerLogicTests testTwoWindowPlanJustOverOneWindow]' passed (0.000 seconds).
Test Case '-[SpeechRestorationTests.SpeechRestorerLogicTests testVariantSelection]' started.
Test Case '-[SpeechRestorationTests.SpeechRestorerLogicTests testVariantSelection]' passed (0.000 seconds).
Test Case '-[SpeechRestorationTests.SpeechRestorerLogicTests testWindowCountMatchesCeilDivide]' started.
Test Case '-[SpeechRestorationTests.SpeechRestorerLogicTests testWindowCountMatchesCeilDivide]' passed (0.000 seconds).
Test Suite 'SpeechRestorerLogicTests' passed at 2026-07-27 07:38:34.906.
	 Executed 15 tests, with 0 failures (0 unexpected) in 0.004 (0.004) seconds
Test Suite 'SpeechVADTests' started at 2026-07-27 07:38:34.906.
Test Case '-[SpeechVADTests.SpeechVADTests testAggregateFramesSingleWindow]' started.
Test Case '-[SpeechVADTests.SpeechVADTests testAggregateFramesSingleWindow]' passed (0.000 seconds).
Test Case '-[SpeechVADTests.SpeechVADTests testBiLSTMOutputShape]' started.
Test Case '-[SpeechVADTests.SpeechVADTests testBiLSTMOutputShape]' passed (0.019 seconds).
Test Case '-[SpeechVADTests.SpeechVADTests testBinarizeAllSilence]' started.
Test Case '-[SpeechVADTests.SpeechVADTests testBinarizeAllSilence]' passed (0.000 seconds).
Test Case '-[SpeechVADTests.SpeechVADTests testBinarizeAllSpeech]' started.
Test Case '-[SpeechVADTests.SpeechVADTests testBinarizeAllSpeech]' passed (0.000 seconds).
Test Case '-[SpeechVADTests.SpeechVADTests testBinarizeHysteresis]' started.
Test Case '-[SpeechVADTests.SpeechVADTests testBinarizeHysteresis]' passed (0.000 seconds).
Test Case '-[SpeechVADTests.SpeechVADTests testBinarizeSpeechInMiddle]' started.
Test Case '-[SpeechVADTests.SpeechVADTests testBinarizeSpeechInMiddle]' passed (0.000 seconds).
Test Case '-[SpeechVADTests.SpeechVADTests testDefaultSegmentationConfig]' started.
Test Case '-[SpeechVADTests.SpeechVADTests testDefaultSegmentationConfig]' passed (0.000 seconds).
Test Case '-[SpeechVADTests.SpeechVADTests testDefaultVADConfig]' started.
Test Case '-[SpeechVADTests.SpeechVADTests testDefaultVADConfig]' passed (0.000 seconds).
Test Case '-[SpeechVADTests.SpeechVADTests testDetectSpeechWithRandomWeights]' started.
Test Case '-[SpeechVADTests.SpeechVADTests testDetectSpeechWithRandomWeights]' passed (0.506 seconds).
Test Case '-[SpeechVADTests.SpeechVADTests testMinDurationFiltering]' started.
Test Case '-[SpeechVADTests.SpeechVADTests testMinDurationFiltering]' passed (0.000 seconds).
Test Case '-[SpeechVADTests.SpeechVADTests testMinSilenceMerging]' started.
Test Case '-[SpeechVADTests.SpeechVADTests testMinSilenceMerging]' passed (0.000 seconds).
Test Case '-[SpeechVADTests.SpeechVADTests testSegmentationModelOutputShape]' started.
Test Case '-[SpeechVADTests.SpeechVADTests testSegmentationModelOutputShape]' passed (0.495 seconds).
Test Case '-[SpeechVADTests.SpeechVADTests testSincNetOutputShape]' started.
Test Case '-[SpeechVADTests.SpeechVADTests testSincNetOutputShape]' passed (0.005 seconds).
Test Case '-[SpeechVADTests.SpeechVADTests testSpeechProbabilityExtraction]' started.
Test Case '-[SpeechVADTests.SpeechVADTests testSpeechProbabilityExtraction]' passed (0.001 seconds).
Test Case '-[SpeechVADTests.SpeechVADTests testSpeechSegmentDuration]' started.
Test Case '-[SpeechVADTests.SpeechVADTests testSpeechSegmentDuration]' passed (0.000 seconds).
Test Case '-[SpeechVADTests.SpeechVADTests testWindowPositionsEmpty]' started.
Test Case '-[SpeechVADTests.SpeechVADTests testWindowPositionsEmpty]' passed (0.000 seconds).
Test Case '-[SpeechVADTests.SpeechVADTests testWindowPositionsMultipleWindows]' started.
Test Case '-[SpeechVADTests.SpeechVADTests testWindowPositionsMultipleWindows]' passed (0.000 seconds).
Test Case '-[SpeechVADTests.SpeechVADTests testWindowPositionsSingleWindow]' started.
Test Case '-[SpeechVADTests.SpeechVADTests testWindowPositionsSingleWindow]' passed (0.000 seconds).
Test Suite 'SpeechVADTests' passed at 2026-07-27 07:38:35.933.
	 Executed 18 tests, with 0 failures (0 unexpected) in 1.027 (1.028) seconds
Test Suite 'StopTokensConfigTests' started at 2026-07-27 07:38:35.933.
Test Case '-[CosyVoiceTTSTests.StopTokensConfigTests testStopTokensIncludesAllThreeUpstreamStops]' started.
Test Case '-[CosyVoiceTTSTests.StopTokensConfigTests testStopTokensIncludesAllThreeUpstreamStops]' passed (0.000 seconds).
Test Case '-[CosyVoiceTTSTests.StopTokensConfigTests testStopTokensScalesWithSpeechTokenSize]' started.
Test Case '-[CosyVoiceTTSTests.StopTokensConfigTests testStopTokensScalesWithSpeechTokenSize]' passed (0.000 seconds).
Test Case '-[CosyVoiceTTSTests.StopTokensConfigTests testTotalSpeechVocabIsLargerThanStops]' started.
Test Case '-[CosyVoiceTTSTests.StopTokensConfigTests testTotalSpeechVocabIsLargerThanStops]' passed (0.000 seconds).
Test Suite 'StopTokensConfigTests' passed at 2026-07-27 07:38:35.934.
	 Executed 3 tests, with 0 failures (0 unexpected) in 0.000 (0.000) seconds
Test Suite 'StreamingASRTests' started at 2026-07-27 07:38:35.934.
Test Case '-[Qwen3ASRTests.StreamingASRTests testCustomConfig]' started.
Test Case '-[Qwen3ASRTests.StreamingASRTests testCustomConfig]' passed (0.000 seconds).
Test Case '-[Qwen3ASRTests.StreamingASRTests testDefaultConfig]' started.
Test Case '-[Qwen3ASRTests.StreamingASRTests testDefaultConfig]' passed (0.000 seconds).
Test Case '-[Qwen3ASRTests.StreamingASRTests testEmptyRangeGuard]' started.
Test Case '-[Qwen3ASRTests.StreamingASRTests testEmptyRangeGuard]' passed (0.000 seconds).
Test Case '-[Qwen3ASRTests.StreamingASRTests testEndSampleClamping]' started.
Test Case '-[Qwen3ASRTests.StreamingASRTests testEndSampleClamping]' passed (0.000 seconds).
Test Case '-[Qwen3ASRTests.StreamingASRTests testForceSplitDoesNotCrash]' started.
Loaded 62 added tokens from tokenizer_config.json
Loaded tokenizer with 151705 tokens, 151291 merges
Test Case '-[Qwen3ASRTests.StreamingASRTests testForceSplitDoesNotCrash]' passed (88.777 seconds).
Test Case '-[Qwen3ASRTests.StreamingASRTests testLCPCaseInsensitive]' started.
Test Case '-[Qwen3ASRTests.StreamingASRTests testLCPCaseInsensitive]' passed (0.000 seconds).
Test Case '-[Qwen3ASRTests.StreamingASRTests testLCPDifferentLengths]' started.
Test Case '-[Qwen3ASRTests.StreamingASRTests testLCPDifferentLengths]' passed (0.000 seconds).
Test Case '-[Qwen3ASRTests.StreamingASRTests testLCPEmptyArrays]' started.
Test Case '-[Qwen3ASRTests.StreamingASRTests testLCPEmptyArrays]' passed (0.000 seconds).
Test Case '-[Qwen3ASRTests.StreamingASRTests testLCPFullMatch]' started.
Test Case '-[Qwen3ASRTests.StreamingASRTests testLCPFullMatch]' passed (0.000 seconds).
Test Case '-[Qwen3ASRTests.StreamingASRTests testLCPNoMatch]' started.
Test Case '-[Qwen3ASRTests.StreamingASRTests testLCPNoMatch]' passed (0.000 seconds).
Test Case '-[Qwen3ASRTests.StreamingASRTests testLCPPartialMatch]' started.
Test Case '-[Qwen3ASRTests.StreamingASRTests testLCPPartialMatch]' passed (0.000 seconds).
Test Case '-[Qwen3ASRTests.StreamingASRTests testPartialSegment]' started.
Test Case '-[Qwen3ASRTests.StreamingASRTests testPartialSegment]' passed (0.000 seconds).
Test Case '-[Qwen3ASRTests.StreamingASRTests testStreamingTranscription]' started.
Loaded 62 added tokens from tokenizer_config.json
Loaded tokenizer with 151705 tokens, 151291 merges
Test Case '-[Qwen3ASRTests.StreamingASRTests testStreamingTranscription]' passed (3.923 seconds).
Test Case '-[Qwen3ASRTests.StreamingASRTests testStreamingWithPartialResults]' started.
Loaded 62 added tokens from tokenizer_config.json
Loaded tokenizer with 151705 tokens, 151291 merges
Test Case '-[Qwen3ASRTests.StreamingASRTests testStreamingWithPartialResults]' passed (4.133 seconds).
Test Case '-[Qwen3ASRTests.StreamingASRTests testTranscriptionSegment]' started.
Test Case '-[Qwen3ASRTests.StreamingASRTests testTranscriptionSegment]' passed (0.000 seconds).
Test Suite 'StreamingASRTests' passed at 2026-07-27 07:40:12.768.
	 Executed 15 tests, with 0 failures (0 unexpected) in 96.834 (96.834) seconds
Test Suite 'StreamingAudioPlayerTests' started at 2026-07-27 07:40:12.768.
Test Case '-[AudioCommonTests.StreamingAudioPlayerTests testCallbackFiresExactlyOnce]' started.
Test Case '-[AudioCommonTests.StreamingAudioPlayerTests testCallbackFiresExactlyOnce]' passed (0.825 seconds).
Test Case '-[AudioCommonTests.StreamingAudioPlayerTests testChunksWithoutMarkGenerationDontFireCallback]' started.
Test Case '-[AudioCommonTests.StreamingAudioPlayerTests testChunksWithoutMarkGenerationDontFireCallback]' passed (0.501 seconds).
Test Case '-[AudioCommonTests.StreamingAudioPlayerTests testConcurrentScheduleChunk]' started.
Test Case '-[AudioCommonTests.StreamingAudioPlayerTests testConcurrentScheduleChunk]' passed (0.710 seconds).
Test Case '-[AudioCommonTests.StreamingAudioPlayerTests testEmptyChunkIgnored]' started.
Test Case '-[AudioCommonTests.StreamingAudioPlayerTests testEmptyChunkIgnored]' passed (0.000 seconds).
Test Case '-[AudioCommonTests.StreamingAudioPlayerTests testEnsureStandaloneEngineIdempotent]' started.
Test Case '-[AudioCommonTests.StreamingAudioPlayerTests testEnsureStandaloneEngineIdempotent]' passed (0.058 seconds).
Test Case '-[AudioCommonTests.StreamingAudioPlayerTests testFadeOutMidPlayback]' started.
Test Case '-[AudioCommonTests.StreamingAudioPlayerTests testFadeOutMidPlayback]' passed (0.571 seconds).
Test Case '-[AudioCommonTests.StreamingAudioPlayerTests testFadeOutResetsState]' started.
Test Case '-[AudioCommonTests.StreamingAudioPlayerTests testFadeOutResetsState]' passed (0.000 seconds).
Test Case '-[AudioCommonTests.StreamingAudioPlayerTests testFullLifecycle]' started.
Test Case '-[AudioCommonTests.StreamingAudioPlayerTests testFullLifecycle]' passed (0.208 seconds).
Test Case '-[AudioCommonTests.StreamingAudioPlayerTests testInitialState]' started.
Test Case '-[AudioCommonTests.StreamingAudioPlayerTests testInitialState]' passed (0.000 seconds).
Test Case '-[AudioCommonTests.StreamingAudioPlayerTests testMarkCompleteWithNoChunks]' started.
Test Case '-[AudioCommonTests.StreamingAudioPlayerTests testMarkCompleteWithNoChunks]' passed (0.057 seconds).
Test Case '-[AudioCommonTests.StreamingAudioPlayerTests testMarkGenerationCompleteCalledTwice]' started.
Test Case '-[AudioCommonTests.StreamingAudioPlayerTests testMarkGenerationCompleteCalledTwice]' passed (2.095 seconds).
Test Case '-[AudioCommonTests.StreamingAudioPlayerTests testMarkGenerationCompleteWithoutEngine]' started.
Test Case '-[AudioCommonTests.StreamingAudioPlayerTests testMarkGenerationCompleteWithoutEngine]' passed (0.000 seconds).
Test Case '-[AudioCommonTests.StreamingAudioPlayerTests testPlayWithDifferentSampleRate]' started.
Test Case '-[AudioCommonTests.StreamingAudioPlayerTests testPlayWithDifferentSampleRate]' passed (0.000 seconds).
Test Case '-[AudioCommonTests.StreamingAudioPlayerTests testPlayWithSameSampleRate]' started.
Test Case '-[AudioCommonTests.StreamingAudioPlayerTests testPlayWithSameSampleRate]' passed (0.000 seconds).
Test Case '-[AudioCommonTests.StreamingAudioPlayerTests testPreBufferAccumulatesBeforePlayback]' started.
Test Case '-[AudioCommonTests.StreamingAudioPlayerTests testPreBufferAccumulatesBeforePlayback]' passed (1.168 seconds).
Test Case '-[AudioCommonTests.StreamingAudioPlayerTests testPreBufferFlushesOnMarkComplete]' started.
Test Case '-[AudioCommonTests.StreamingAudioPlayerTests testPreBufferFlushesOnMarkComplete]' passed (0.133 seconds).
Test Case '-[AudioCommonTests.StreamingAudioPlayerTests testPreBufferMultipleSmallChunks]' started.
Test Case '-[AudioCommonTests.StreamingAudioPlayerTests testPreBufferMultipleSmallChunks]' passed (1.168 seconds).
Test Case '-[AudioCommonTests.StreamingAudioPlayerTests testResetGeneration]' started.
Test Case '-[AudioCommonTests.StreamingAudioPlayerTests testResetGeneration]' passed (0.000 seconds).
Test Case '-[AudioCommonTests.StreamingAudioPlayerTests testScheduleAfterStop]' started.
Test Case '-[AudioCommonTests.StreamingAudioPlayerTests testScheduleAfterStop]' passed (0.057 seconds).
Test Case '-[AudioCommonTests.StreamingAudioPlayerTests testSilentChunkDropped]' started.
Test Case '-[AudioCommonTests.StreamingAudioPlayerTests testSilentChunkDropped]' passed (0.000 seconds).
Test Case '-[AudioCommonTests.StreamingAudioPlayerTests testStartupDeclickCanDisablePreroll]' started.
Test Case '-[AudioCommonTests.StreamingAudioPlayerTests testStartupDeclickCanDisablePreroll]' passed (0.000 seconds).
Test Case '-[AudioCommonTests.StreamingAudioPlayerTests testStartupDeclickDefaultDoesNotAddLatency]' started.
Test Case '-[AudioCommonTests.StreamingAudioPlayerTests testStartupDeclickDefaultDoesNotAddLatency]' passed (0.000 seconds).
Test Case '-[AudioCommonTests.StreamingAudioPlayerTests testStartupDeclickPrependsSilenceAndFadesFirstChunk]' started.
Test Case '-[AudioCommonTests.StreamingAudioPlayerTests testStartupDeclickPrependsSilenceAndFadesFirstChunk]' passed (0.000 seconds).
Test Case '-[AudioCommonTests.StreamingAudioPlayerTests testStopReleasesEngine]' started.
Test Case '-[AudioCommonTests.StreamingAudioPlayerTests testStopReleasesEngine]' passed (0.114 seconds).
Test Case '-[AudioCommonTests.StreamingAudioPlayerTests testZeroPreBufferPlaysImmediately]' started.
Test Case '-[AudioCommonTests.StreamingAudioPlayerTests testZeroPreBufferPlaysImmediately]' passed (0.134 seconds).
Test Suite 'StreamingAudioPlayerTests' passed at 2026-07-27 07:40:20.568.
	 Executed 25 tests, with 0 failures (0 unexpected) in 7.798 (7.800) seconds
Test Suite 'StreamingKwsDecoderTests' started at 2026-07-27 07:40:20.568.
Test Case '-[SpeechWakeWordTests.StreamingKwsDecoderTests testAutoResetAfterInactivity]' started.
Test Case '-[SpeechWakeWordTests.StreamingKwsDecoderTests testAutoResetAfterInactivity]' passed (0.001 seconds).
Test Case '-[SpeechWakeWordTests.StreamingKwsDecoderTests testBlankOnlyProducesNoEmissions]' started.
Test Case '-[SpeechWakeWordTests.StreamingKwsDecoderTests testBlankOnlyProducesNoEmissions]' passed (0.001 seconds).
Test Case '-[SpeechWakeWordTests.StreamingKwsDecoderTests testEmitsOnSyntheticIdealLogits]' started.
Test Case '-[SpeechWakeWordTests.StreamingKwsDecoderTests testEmitsOnSyntheticIdealLogits]' passed (0.006 seconds).
Test Case '-[SpeechWakeWordTests.StreamingKwsDecoderTests testLogAddExpStableAtInfinity]' started.
Test Case '-[SpeechWakeWordTests.StreamingKwsDecoderTests testLogAddExpStableAtInfinity]' passed (0.000 seconds).
Test Case '-[SpeechWakeWordTests.StreamingKwsDecoderTests testLogSoftmaxSumsToOne]' started.
Test Case '-[SpeechWakeWordTests.StreamingKwsDecoderTests testLogSoftmaxSumsToOne]' passed (0.000 seconds).
Test Suite 'StreamingKwsDecoderTests' passed at 2026-07-27 07:40:20.575.
	 Executed 5 tests, with 0 failures (0 unexpected) in 0.007 (0.007) seconds
Test Suite 'SupertonicTokenizerTests' started at 2026-07-27 07:40:20.575.
Test Case '-[SupertonicTTSTests.SupertonicTokenizerTests testAvailableLanguages]' started.
Test Case '-[SupertonicTTSTests.SupertonicTokenizerTests testAvailableLanguages]' passed (0.005 seconds).
Test Case '-[SupertonicTTSTests.SupertonicTokenizerTests testChunkingStaysWithinTextLength]' started.
Test Case '-[SupertonicTTSTests.SupertonicTokenizerTests testChunkingStaysWithinTextLength]' passed (0.005 seconds).
Test Case '-[SupertonicTTSTests.SupertonicTokenizerTests testLangWrapAndTerminalPunctuation]' started.
Test Case '-[SupertonicTTSTests.SupertonicTokenizerTests testLangWrapAndTerminalPunctuation]' passed (0.004 seconds).
Test Case '-[SupertonicTTSTests.SupertonicTokenizerTests testNFKDDecomposesUmlaut]' started.
Test Case '-[SupertonicTTSTests.SupertonicTokenizerTests testNFKDDecomposesUmlaut]' passed (0.004 seconds).
Test Case '-[SupertonicTTSTests.SupertonicTokenizerTests testUnknownCodepointIsMinusOne]' started.
Test Case '-[SupertonicTTSTests.SupertonicTokenizerTests testUnknownCodepointIsMinusOne]' passed (0.000 seconds).
Test Case '-[SupertonicTTSTests.SupertonicTokenizerTests testUnsupportedLanguageThrows]' started.
Test Case '-[SupertonicTTSTests.SupertonicTokenizerTests testUnsupportedLanguageThrows]' passed (0.005 seconds).
Test Suite 'SupertonicTokenizerTests' passed at 2026-07-27 07:40:20.599.
	 Executed 6 tests, with 0 failures (0 unexpected) in 0.024 (0.024) seconds
Test Suite 'SystemAudioTapTests' started at 2026-07-27 07:40:20.599.
Test Case '-[AudioCommonTests.SystemAudioTapTests testAggregateContainsOnlyTheTap]' started.
Test Case '-[AudioCommonTests.SystemAudioTapTests testAggregateContainsOnlyTheTap]' passed (0.000 seconds).
Test Case '-[AudioCommonTests.SystemAudioTapTests testDescribeOSStatusFallsBackToDecimal]' started.
Test Case '-[AudioCommonTests.SystemAudioTapTests testDescribeOSStatusFallsBackToDecimal]' passed (0.000 seconds).
Test Case '-[AudioCommonTests.SystemAudioTapTests testDescribeOSStatusRendersFourCharCode]' started.
Test Case '-[AudioCommonTests.SystemAudioTapTests testDescribeOSStatusRendersFourCharCode]' passed (0.000 seconds).
Test Case '-[AudioCommonTests.SystemAudioTapTests testEmptyInputsProduceEmptyMono]' started.
Test Case '-[AudioCommonTests.SystemAudioTapTests testEmptyInputsProduceEmptyMono]' passed (0.000 seconds).
Test Case '-[AudioCommonTests.SystemAudioTapTests testExplicitPIDsPrecedeOwnProcessAndDeduplicate]' started.
Test Case '-[AudioCommonTests.SystemAudioTapTests testExplicitPIDsPrecedeOwnProcessAndDeduplicate]' passed (0.000 seconds).
Test Case '-[AudioCommonTests.SystemAudioTapTests testInterleavedDropsTrailingPartialFrame]' started.
Test Case '-[AudioCommonTests.SystemAudioTapTests testInterleavedDropsTrailingPartialFrame]' passed (0.000 seconds).
Test Case '-[AudioCommonTests.SystemAudioTapTests testInterleavedMonoPassesThrough]' started.
Test Case '-[AudioCommonTests.SystemAudioTapTests testInterleavedMonoPassesThrough]' passed (0.000 seconds).
Test Case '-[AudioCommonTests.SystemAudioTapTests testInterleavedStereoMixdownAveragesFrames]' started.
Test Case '-[AudioCommonTests.SystemAudioTapTests testInterleavedStereoMixdownAveragesFrames]' passed (0.000 seconds).
Test Case '-[AudioCommonTests.SystemAudioTapTests testInvalidHostTimeIsNil]' started.
Test Case '-[AudioCommonTests.SystemAudioTapTests testInvalidHostTimeIsNil]' passed (0.000 seconds).
Test Case '-[AudioCommonTests.SystemAudioTapTests testNonSilentCountUsesThreshold]' started.
Test Case '-[AudioCommonTests.SystemAudioTapTests testNonSilentCountUsesThreshold]' passed (0.000 seconds).
Test Case '-[AudioCommonTests.SystemAudioTapTests testOptOutOfOwnProcessExclusion]' started.
Test Case '-[AudioCommonTests.SystemAudioTapTests testOptOutOfOwnProcessExclusion]' passed (0.000 seconds).
Test Case '-[AudioCommonTests.SystemAudioTapTests testOwnProcessExcludedByDefault]' started.
Test Case '-[AudioCommonTests.SystemAudioTapTests testOwnProcessExcludedByDefault]' passed (0.000 seconds).
Test Case '-[AudioCommonTests.SystemAudioTapTests testPlanarMixdownAveragesChannels]' started.
Test Case '-[AudioCommonTests.SystemAudioTapTests testPlanarMixdownAveragesChannels]' passed (0.000 seconds).
Test Case '-[AudioCommonTests.SystemAudioTapTests testPlanarMixdownToleratesLengthMismatch]' started.
Test Case '-[AudioCommonTests.SystemAudioTapTests testPlanarMixdownToleratesLengthMismatch]' passed (0.000 seconds).
Test Case '-[AudioCommonTests.SystemAudioTapTests testPlanarSingleChannelPassesThrough]' started.
Test Case '-[AudioCommonTests.SystemAudioTapTests testPlanarSingleChannelPassesThrough]' passed (0.000 seconds).
Test Case '-[AudioCommonTests.SystemAudioTapTests testStopWithoutStartIsIdempotent]' started.
Test Case '-[AudioCommonTests.SystemAudioTapTests testStopWithoutStartIsIdempotent]' passed (0.000 seconds).
Test Case '-[AudioCommonTests.SystemAudioTapTests testValidHostTimeIsPreserved]' started.
Test Case '-[AudioCommonTests.SystemAudioTapTests testValidHostTimeIsPreserved]' passed (0.000 seconds).
Test Suite 'SystemAudioTapTests' passed at 2026-07-27 07:40:20.601.
	 Executed 17 tests, with 0 failures (0 unexpected) in 0.001 (0.002) seconds
Test Suite 'T3Tests' started at 2026-07-27 07:40:20.601.
Test Case '-[ChatterboxTTSTests.T3Tests testT3MatchesOracle]' started.
/Users/ivan/repos/speech-swift-tts-download/Tests/ChatterboxTTSTests/T3Tests.swift:17: -[ChatterboxTTSTests.T3Tests testT3MatchesOracle] : Test skipped - missing /tmp/cbx-fp16/model.safetensors; run /tmp/cbx_t3_golden.py
Test Case '-[ChatterboxTTSTests.T3Tests testT3MatchesOracle]' skipped (0.000 seconds).
Test Suite 'T3Tests' passed at 2026-07-27 07:40:20.601.
	 Executed 1 test, with 1 test skipped and 0 failures (0 unexpected) in 0.000 (0.000) seconds
Test Suite 'TextChunkerTests' started at 2026-07-27 07:40:20.601.
Test Case '-[Qwen3TTSTests.TextChunkerTests testChunkAtComma]' started.
Test Case '-[Qwen3TTSTests.TextChunkerTests testChunkAtComma]' passed (0.000 seconds).
Test Case '-[Qwen3TTSTests.TextChunkerTests testEmptyText]' started.
Test Case '-[Qwen3TTSTests.TextChunkerTests testEmptyText]' passed (0.000 seconds).
Test Case '-[Qwen3TTSTests.TextChunkerTests testLongTextChunksAtSentence]' started.
Test Case '-[Qwen3TTSTests.TextChunkerTests testLongTextChunksAtSentence]' passed (0.000 seconds).
Test Case '-[Qwen3TTSTests.TextChunkerTests testMaxWordsRespected]' started.
Test Case '-[Qwen3TTSTests.TextChunkerTests testMaxWordsRespected]' passed (0.001 seconds).
Test Case '-[Qwen3TTSTests.TextChunkerTests testShortTextNoChunking]' started.
Test Case '-[Qwen3TTSTests.TextChunkerTests testShortTextNoChunking]' passed (0.000 seconds).
Test Suite 'TextChunkerTests' passed at 2026-07-27 07:40:20.603.
	 Executed 5 tests, with 0 failures (0 unexpected) in 0.002 (0.002) seconds
Test Suite 'TranscribeBatchCommandTests' started at 2026-07-27 07:40:20.603.
Test Case '-[AudioCLITests.TranscribeBatchCommandTests testDefaultBatchSizeIsOne]' started.
Test Case '-[AudioCLITests.TranscribeBatchCommandTests testDefaultBatchSizeIsOne]' passed (0.002 seconds).
Test Case '-[AudioCLITests.TranscribeBatchCommandTests testParsesBatchSize]' started.
Test Case '-[AudioCLITests.TranscribeBatchCommandTests testParsesBatchSize]' passed (0.002 seconds).
Test Case '-[AudioCLITests.TranscribeBatchCommandTests testParsesInputDirectory]' started.
Test Case '-[AudioCLITests.TranscribeBatchCommandTests testParsesInputDirectory]' passed (0.002 seconds).
Test Case '-[AudioCLITests.TranscribeBatchCommandTests testParsesQwen3Options]' started.
Test Case '-[AudioCLITests.TranscribeBatchCommandTests testParsesQwen3Options]' passed (0.002 seconds).
Test Suite 'TranscribeBatchCommandTests' passed at 2026-07-27 07:40:20.611.
	 Executed 4 tests, with 0 failures (0 unexpected) in 0.007 (0.007) seconds
Test Suite 'TranscribeCommandTests' started at 2026-07-27 07:40:20.611.
Test Case '-[AudioCLITests.TranscribeCommandTests testCohereAndVoxtralAcceptModelIDsAndLocalPaths]' started.
Test Case '-[AudioCLITests.TranscribeCommandTests testCohereAndVoxtralAcceptModelIDsAndLocalPaths]' passed (0.000 seconds).
Test Case '-[AudioCLITests.TranscribeCommandTests testCohereAndVoxtralRejectINT7]' started.
Test Case '-[AudioCLITests.TranscribeCommandTests testCohereAndVoxtralRejectINT7]' passed (0.000 seconds).
Test Case '-[AudioCLITests.TranscribeCommandTests testCohereAndVoxtralRejectStreaming]' started.
Test Case '-[AudioCLITests.TranscribeCommandTests testCohereAndVoxtralRejectStreaming]' passed (0.005 seconds).
Test Case '-[AudioCLITests.TranscribeCommandTests testCohereModelAliases]' started.
Test Case '-[AudioCLITests.TranscribeCommandTests testCohereModelAliases]' passed (0.000 seconds).
Test Case '-[AudioCLITests.TranscribeCommandTests testDefaultContextIsNil]' started.
Test Case '-[AudioCLITests.TranscribeCommandTests testDefaultContextIsNil]' passed (0.002 seconds).
Test Case '-[AudioCLITests.TranscribeCommandTests testDefaultLanguageIsNil]' started.
Test Case '-[AudioCLITests.TranscribeCommandTests testDefaultLanguageIsNil]' passed (0.002 seconds).
Test Case '-[AudioCLITests.TranscribeCommandTests testDefaultModel]' started.
Test Case '-[AudioCLITests.TranscribeCommandTests testDefaultModel]' passed (0.002 seconds).
Test Case '-[AudioCLITests.TranscribeCommandTests testHelpParsesSuccessfully]' started.
Test Case '-[AudioCLITests.TranscribeCommandTests testHelpParsesSuccessfully]' passed (0.002 seconds).
Test Case '-[AudioCLITests.TranscribeCommandTests testMissingAudioFileFails]' started.
Test Case '-[AudioCLITests.TranscribeCommandTests testMissingAudioFileFails]' passed (0.004 seconds).
Test Case '-[AudioCLITests.TranscribeCommandTests testMossAcceptsFullModelId]' started.
Test Case '-[AudioCLITests.TranscribeCommandTests testMossAcceptsFullModelId]' passed (0.000 seconds).
Test Case '-[AudioCLITests.TranscribeCommandTests testMossMLXOptionsAndAliases]' started.
Test Case '-[AudioCLITests.TranscribeCommandTests testMossMLXOptionsAndAliases]' passed (0.003 seconds).
Test Case '-[AudioCLITests.TranscribeCommandTests testMossMLXRejectsUnsupportedModelAndCache]' started.
Test Case '-[AudioCLITests.TranscribeCommandTests testMossMLXRejectsUnsupportedModelAndCache]' passed (0.007 seconds).
Test Case '-[AudioCLITests.TranscribeCommandTests testMossModelAliasesResolvePublishedBundles]' started.
Test Case '-[AudioCLITests.TranscribeCommandTests testMossModelAliasesResolvePublishedBundles]' passed (0.000 seconds).
Test Case '-[AudioCLITests.TranscribeCommandTests testMossRejectsStreamingAndNonPositiveTokenLimit]' started.
Test Case '-[AudioCLITests.TranscribeCommandTests testMossRejectsStreamingAndNonPositiveTokenLimit]' passed (0.005 seconds).
Test Case '-[AudioCLITests.TranscribeCommandTests testMossRejectsUnknownShortModelName]' started.
Test Case '-[AudioCLITests.TranscribeCommandTests testMossRejectsUnknownShortModelName]' passed (0.003 seconds).
Test Case '-[AudioCLITests.TranscribeCommandTests testOmnilingualDefaultBackendIsCoreML]' started.
Test Case '-[AudioCLITests.TranscribeCommandTests testOmnilingualDefaultBackendIsCoreML]' passed (0.002 seconds).
Test Case '-[AudioCLITests.TranscribeCommandTests testOmnilingualDefaultWindowIs10]' started.
Test Case '-[AudioCLITests.TranscribeCommandTests testOmnilingualDefaultWindowIs10]' passed (0.002 seconds).
Test Case '-[AudioCLITests.TranscribeCommandTests testOmnilingualMLXAcceptsAllVariants]' started.
Test Case '-[AudioCLITests.TranscribeCommandTests testOmnilingualMLXAcceptsAllVariants]' passed (0.010 seconds).
Test Case '-[AudioCLITests.TranscribeCommandTests testOmnilingualMLXRejectsBogusBits]' started.
Test Case '-[AudioCLITests.TranscribeCommandTests testOmnilingualMLXRejectsBogusBits]' passed (0.003 seconds).
Test Case '-[AudioCLITests.TranscribeCommandTests testOmnilingualMLXRejectsBogusVariant]' started.
Test Case '-[AudioCLITests.TranscribeCommandTests testOmnilingualMLXRejectsBogusVariant]' passed (0.003 seconds).
Test Case '-[AudioCLITests.TranscribeCommandTests testOmnilingualParses5sWindow]' started.
Test Case '-[AudioCLITests.TranscribeCommandTests testOmnilingualParses5sWindow]' passed (0.002 seconds).
Test Case '-[AudioCLITests.TranscribeCommandTests testOmnilingualParsesMLXBackend]' started.
Test Case '-[AudioCLITests.TranscribeCommandTests testOmnilingualParsesMLXBackend]' passed (0.002 seconds).
Test Case '-[AudioCLITests.TranscribeCommandTests testOmnilingualRejectsBogusBackend]' started.
Test Case '-[AudioCLITests.TranscribeCommandTests testOmnilingualRejectsBogusBackend]' passed (0.002 seconds).
Test Case '-[AudioCLITests.TranscribeCommandTests testOmnilingualRejectsInvalidWindow]' started.
Test Case '-[AudioCLITests.TranscribeCommandTests testOmnilingualRejectsInvalidWindow]' passed (0.002 seconds).
Test Case '-[AudioCLITests.TranscribeCommandTests testParsesAudioFile]' started.
Test Case '-[AudioCLITests.TranscribeCommandTests testParsesAudioFile]' passed (0.002 seconds).
Test Case '-[AudioCLITests.TranscribeCommandTests testParsesCohereAndVoxtralEngines]' started.
Test Case '-[AudioCLITests.TranscribeCommandTests testParsesCohereAndVoxtralEngines]' passed (0.005 seconds).
Test Case '-[AudioCLITests.TranscribeCommandTests testParsesContext]' started.
Test Case '-[AudioCLITests.TranscribeCommandTests testParsesContext]' passed (0.003 seconds).
Test Case '-[AudioCLITests.TranscribeCommandTests testParsesFullModelId]' started.
Test Case '-[AudioCLITests.TranscribeCommandTests testParsesFullModelId]' passed (0.003 seconds).
Test Case '-[AudioCLITests.TranscribeCommandTests testParsesLanguage]' started.
Test Case '-[AudioCLITests.TranscribeCommandTests testParsesLanguage]' passed (0.003 seconds).
Test Case '-[AudioCLITests.TranscribeCommandTests testParsesModelOption]' started.
Test Case '-[AudioCLITests.TranscribeCommandTests testParsesModelOption]' passed (0.002 seconds).
Test Case '-[AudioCLITests.TranscribeCommandTests testParsesModelShortFlag]' started.
Test Case '-[AudioCLITests.TranscribeCommandTests testParsesModelShortFlag]' passed (0.002 seconds).
Test Case '-[AudioCLITests.TranscribeCommandTests testParsesMossOptions]' started.
Test Case '-[AudioCLITests.TranscribeCommandTests testParsesMossOptions]' passed (0.002 seconds).
Test Case '-[AudioCLITests.TranscribeCommandTests testParsesOmnilingualEngine]' started.
Test Case '-[AudioCLITests.TranscribeCommandTests testParsesOmnilingualEngine]' passed (0.003 seconds).
Test Case '-[AudioCLITests.TranscribeCommandTests testParsesWhisperEngine]' started.
Test Case '-[AudioCLITests.TranscribeCommandTests testParsesWhisperEngine]' passed (0.002 seconds).
Test Case '-[AudioCLITests.TranscribeCommandTests testRejectsUnknownEngine]' started.
Test Case '-[AudioCLITests.TranscribeCommandTests testRejectsUnknownEngine]' passed (0.003 seconds).
Test Case '-[AudioCLITests.TranscribeCommandTests testVoxtralModelAliases]' started.
Test Case '-[AudioCLITests.TranscribeCommandTests testVoxtralModelAliases]' passed (0.000 seconds).
Test Case '-[AudioCLITests.TranscribeCommandTests testWhisperAcceptsFullModelId]' started.
Test Case '-[AudioCLITests.TranscribeCommandTests testWhisperAcceptsFullModelId]' passed (0.000 seconds).
Test Case '-[AudioCLITests.TranscribeCommandTests testWhisperModelAliasesResolveDefaultCoreMLRepo]' started.
Test Case '-[AudioCLITests.TranscribeCommandTests testWhisperModelAliasesResolveDefaultCoreMLRepo]' passed (0.000 seconds).
Test Case '-[AudioCLITests.TranscribeCommandTests testWhisperRejectsUnknownShortModelName]' started.
Test Case '-[AudioCLITests.TranscribeCommandTests testWhisperRejectsUnknownShortModelName]' passed (0.000 seconds).
Test Suite 'TranscribeCommandTests' passed at 2026-07-27 07:40:20.710.
	 Executed 39 tests, with 0 failures (0 unexpected) in 0.098 (0.100) seconds
Test Suite 'TranscriptionStoreTests' started at 2026-07-27 07:40:20.710.
Test Case '-[SpeechUITests.TranscriptionStoreTests testEmptyFinalIsIgnored]' started.
Test Case '-[SpeechUITests.TranscriptionStoreTests testEmptyFinalIsIgnored]' passed (0.000 seconds).
Test Case '-[SpeechUITests.TranscriptionStoreTests testEmptyPartialClearsPartialState]' started.
Test Case '-[SpeechUITests.TranscriptionStoreTests testEmptyPartialClearsPartialState]' passed (0.000 seconds).
Test Case '-[SpeechUITests.TranscriptionStoreTests testFinalCommitsAndClearsPartial]' started.
Test Case '-[SpeechUITests.TranscriptionStoreTests testFinalCommitsAndClearsPartial]' passed (0.000 seconds).
Test Case '-[SpeechUITests.TranscriptionStoreTests testInitiallyEmpty]' started.
Test Case '-[SpeechUITests.TranscriptionStoreTests testInitiallyEmpty]' passed (0.000 seconds).
Test Case '-[SpeechUITests.TranscriptionStoreTests testInterleavedPartialsAndFinals]' started.
Test Case '-[SpeechUITests.TranscriptionStoreTests testInterleavedPartialsAndFinals]' passed (0.000 seconds).
Test Case '-[SpeechUITests.TranscriptionStoreTests testMultipleFinalsAccumulate]' started.
Test Case '-[SpeechUITests.TranscriptionStoreTests testMultipleFinalsAccumulate]' passed (0.000 seconds).
Test Case '-[SpeechUITests.TranscriptionStoreTests testPartialUpdatesPartialOnly]' started.
Test Case '-[SpeechUITests.TranscriptionStoreTests testPartialUpdatesPartialOnly]' passed (0.000 seconds).
Test Case '-[SpeechUITests.TranscriptionStoreTests testReset]' started.
Test Case '-[SpeechUITests.TranscriptionStoreTests testReset]' passed (0.000 seconds).
Test Case '-[SpeechUITests.TranscriptionStoreTests testWhitespaceTrimming]' started.
Test Case '-[SpeechUITests.TranscriptionStoreTests testWhitespaceTrimming]' passed (0.000 seconds).
Test Suite 'TranscriptionStoreTests' passed at 2026-07-27 07:40:20.711.
	 Executed 9 tests, with 0 failures (0 unexpected) in 0.001 (0.001) seconds
Test Suite 'TranslationSamplingConfigTests' started at 2026-07-27 07:40:20.711.
Test Case '-[MADLADTranslationTests.TranslationSamplingConfigTests testGreedyDefault]' started.
Test Case '-[MADLADTranslationTests.TranslationSamplingConfigTests testGreedyDefault]' passed (0.000 seconds).
Test Case '-[MADLADTranslationTests.TranslationSamplingConfigTests testSamplingPreset]' started.
Test Case '-[MADLADTranslationTests.TranslationSamplingConfigTests testSamplingPreset]' passed (0.000 seconds).
Test Suite 'TranslationSamplingConfigTests' passed at 2026-07-27 07:40:20.712.
	 Executed 2 tests, with 0 failures (0 unexpected) in 0.000 (0.000) seconds
Test Suite 'UtilityTests' started at 2026-07-27 07:40:20.712.
Test Case '-[AudioCLITests.UtilityTests testFormatDuration]' started.
Test Case '-[AudioCLITests.UtilityTests testFormatDuration]' passed (0.000 seconds).
Test Case '-[AudioCLITests.UtilityTests testFormatDurationCustomSampleRate]' started.
Test Case '-[AudioCLITests.UtilityTests testFormatDurationCustomSampleRate]' passed (0.000 seconds).
Test Case '-[AudioCLITests.UtilityTests testResolveASRModelId_06B]' started.
Test Case '-[AudioCLITests.UtilityTests testResolveASRModelId_06B]' passed (0.000 seconds).
Test Case '-[AudioCLITests.UtilityTests testResolveASRModelId_17B]' started.
Test Case '-[AudioCLITests.UtilityTests testResolveASRModelId_17B]' passed (0.000 seconds).
Test Case '-[AudioCLITests.UtilityTests testResolveASRModelId_8bit]' started.
Test Case '-[AudioCLITests.UtilityTests testResolveASRModelId_8bit]' passed (0.000 seconds).
Test Case '-[AudioCLITests.UtilityTests testResolveASRModelId_passthrough]' started.
Test Case '-[AudioCLITests.UtilityTests testResolveASRModelId_passthrough]' passed (0.000 seconds).
Test Suite 'UtilityTests' passed at 2026-07-27 07:40:20.712.
	 Executed 6 tests, with 0 failures (0 unexpected) in 0.000 (0.001) seconds
Test Suite 'VibeVoiceConfigurationTests' started at 2026-07-27 07:40:20.712.
Test Case '-[VibeVoiceTTSTests.VibeVoiceConfigurationTests testQwen2DecodesFromHFJSON]' started.
Test Case '-[VibeVoiceTTSTests.VibeVoiceConfigurationTests testQwen2DecodesFromHFJSON]' passed (0.001 seconds).
Test Case '-[VibeVoiceTTSTests.VibeVoiceConfigurationTests testQwen2DefaultConfigIsRealtime05B]' started.
Test Case '-[VibeVoiceTTSTests.VibeVoiceConfigurationTests testQwen2DefaultConfigIsRealtime05B]' passed (0.000 seconds).
Test Case '-[VibeVoiceTTSTests.VibeVoiceConfigurationTests testQwen2HeadDim]' started.
Test Case '-[VibeVoiceTTSTests.VibeVoiceConfigurationTests testQwen2HeadDim]' passed (0.000 seconds).
Test Case '-[VibeVoiceTTSTests.VibeVoiceConfigurationTests testVibeVoiceConfigurationDecodesFromHFJSON]' started.
Test Case '-[VibeVoiceTTSTests.VibeVoiceConfigurationTests testVibeVoiceConfigurationDecodesFromHFJSON]' passed (0.001 seconds).
Test Case '-[VibeVoiceTTSTests.VibeVoiceConfigurationTests testVibeVoiceConfigurationInfersTTSLayersWhenAbsent]' started.
Test Case '-[VibeVoiceTTSTests.VibeVoiceConfigurationTests testVibeVoiceConfigurationInfersTTSLayersWhenAbsent]' passed (0.000 seconds).
Test Suite 'VibeVoiceConfigurationTests' passed at 2026-07-27 07:40:20.714.
	 Executed 5 tests, with 0 failures (0 unexpected) in 0.002 (0.002) seconds
Test Suite 'VibeVoiceConstantsTests' started at 2026-07-27 07:40:20.714.
Test Case '-[VibeVoiceTTSTests.VibeVoiceConstantsTests testAudioConstantsIs24kHz]' started.
Test Case '-[VibeVoiceTTSTests.VibeVoiceConstantsTests testAudioConstantsIs24kHz]' passed (0.000 seconds).
Test Case '-[VibeVoiceTTSTests.VibeVoiceConstantsTests testTokenConstants]' started.
Test Case '-[VibeVoiceTTSTests.VibeVoiceConstantsTests testTokenConstants]' passed (0.000 seconds).
Test Case '-[VibeVoiceTTSTests.VibeVoiceConstantsTests testTTSWindowConstants]' started.
Test Case '-[VibeVoiceTTSTests.VibeVoiceConstantsTests testTTSWindowConstants]' passed (0.000 seconds).
Test Suite 'VibeVoiceConstantsTests' passed at 2026-07-27 07:40:20.714.
	 Executed 3 tests, with 0 failures (0 unexpected) in 0.000 (0.000) seconds
Test Suite 'VibeVoiceDiffusionHeadTests' started at 2026-07-27 07:40:20.714.
Test Case '-[VibeVoiceTTSTests.VibeVoiceDiffusionHeadTests testDiffusionHeadForwardShape]' started.
Test Case '-[VibeVoiceTTSTests.VibeVoiceDiffusionHeadTests testDiffusionHeadForwardShape]' passed (0.058 seconds).
Test Suite 'VibeVoiceDiffusionHeadTests' passed at 2026-07-27 07:40:20.773.
	 Executed 1 test, with 0 failures (0 unexpected) in 0.058 (0.058) seconds
Test Suite 'VibeVoiceEOSClassifierTests' started at 2026-07-27 07:40:20.773.
Test Case '-[VibeVoiceTTSTests.VibeVoiceEOSClassifierTests testEOSClassifierOutputShape]' started.
Test Case '-[VibeVoiceTTSTests.VibeVoiceEOSClassifierTests testEOSClassifierOutputShape]' passed (0.001 seconds).
Test Suite 'VibeVoiceEOSClassifierTests' passed at 2026-07-27 07:40:20.774.
	 Executed 1 test, with 0 failures (0 unexpected) in 0.001 (0.001) seconds
Test Suite 'VibeVoiceKVCacheTests' started at 2026-07-27 07:40:20.774.
Test Case '-[VibeVoiceTTSTests.VibeVoiceKVCacheTests testInitializeAndRetrieve]' started.
Test Case '-[VibeVoiceTTSTests.VibeVoiceKVCacheTests testInitializeAndRetrieve]' passed (0.000 seconds).
Test Suite 'VibeVoiceKVCacheTests' passed at 2026-07-27 07:40:20.774.
	 Executed 1 test, with 0 failures (0 unexpected) in 0.000 (0.000) seconds
Test Suite 'VibeVoiceQuantizationManifestTests' started at 2026-07-27 07:40:20.774.
Test Case '-[VibeVoiceTTSTests.VibeVoiceQuantizationManifestTests testDecodesInt4AffineManifest]' started.
Test Case '-[VibeVoiceTTSTests.VibeVoiceQuantizationManifestTests testDecodesInt4AffineManifest]' passed (0.000 seconds).
Test Case '-[VibeVoiceTTSTests.VibeVoiceQuantizationManifestTests testQuantizationSpecDefaults]' started.
Test Case '-[VibeVoiceTTSTests.VibeVoiceQuantizationManifestTests testQuantizationSpecDefaults]' passed (0.000 seconds).
Test Case '-[VibeVoiceTTSTests.VibeVoiceQuantizationManifestTests testSupportedGroupSizesAndBits]' started.
Test Case '-[VibeVoiceTTSTests.VibeVoiceQuantizationManifestTests testSupportedGroupSizesAndBits]' passed (0.000 seconds).
Test Suite 'VibeVoiceQuantizationManifestTests' passed at 2026-07-27 07:40:20.775.
	 Executed 3 tests, with 0 failures (0 unexpected) in 0.001 (0.001) seconds
Test Suite 'VoiceCloningTests' started at 2026-07-27 07:40:20.775.
Test Case '-[CosyVoiceTTSTests.VoiceCloningTests testInstructionFramingAndStyleDetection]' started.
Test Case '-[CosyVoiceTTSTests.VoiceCloningTests testInstructionFramingAndStyleDetection]' passed (0.000 seconds).
Test Case '-[CosyVoiceTTSTests.VoiceCloningTests testStyleInstructionSelectsInstruct2CloneLayout]' started.
Test Case '-[CosyVoiceTTSTests.VoiceCloningTests testStyleInstructionSelectsInstruct2CloneLayout]' passed (0.000 seconds).
Test Case '-[CosyVoiceTTSTests.VoiceCloningTests testTokenizeTextCustomInstructionGetsAssistantPrefixPrepended]' started.
Loaded 3 added tokens from tokenizer_config.json
Loaded tokenizer with 151646 tokens, 134839 merges
Test Case '-[CosyVoiceTTSTests.VoiceCloningTests testTokenizeTextCustomInstructionGetsAssistantPrefixPrepended]' passed (167.351 seconds).
Test Case '-[CosyVoiceTTSTests.VoiceCloningTests testTokenizeTextDefaultInstructionPreservesAssistantPrefix]' started.
Loaded 3 added tokens from tokenizer_config.json
Loaded tokenizer with 151646 tokens, 134839 merges
Test Case '-[CosyVoiceTTSTests.VoiceCloningTests testTokenizeTextDefaultInstructionPreservesAssistantPrefix]' passed (0.542 seconds).
Test Case '-[CosyVoiceTTSTests.VoiceCloningTests testTokenizeTextEmptyInstructionFallsBackToAssistantPrefix]' started.
Loaded 3 added tokens from tokenizer_config.json
Loaded tokenizer with 151646 tokens, 134839 merges
Test Case '-[CosyVoiceTTSTests.VoiceCloningTests testTokenizeTextEmptyInstructionFallsBackToAssistantPrefix]' passed (0.598 seconds).
Test Case '-[CosyVoiceTTSTests.VoiceCloningTests testVoiceProfileDefaultsToAllNil]' started.
Test Case '-[CosyVoiceTTSTests.VoiceCloningTests testVoiceProfileDefaultsToAllNil]' passed (0.000 seconds).
Test Case '-[CosyVoiceTTSTests.VoiceCloningTests testVoiceProfileRoundTripsAllFields]' started.
Test Case '-[CosyVoiceTTSTests.VoiceCloningTests testVoiceProfileRoundTripsAllFields]' passed (0.000 seconds).
Test Suite 'VoiceCloningTests' passed at 2026-07-27 07:43:09.267.
	 Executed 7 tests, with 0 failures (0 unexpected) in 168.492 (168.492) seconds
Test Suite 'VoiceEncoderTests' started at 2026-07-27 07:43:09.267.
Test Case '-[ChatterboxTTSTests.VoiceEncoderTests testEmbeddingMatchesOracle]' started.
/Users/ivan/repos/speech-swift-tts-download/Tests/ChatterboxTTSTests/VoiceEncoderTests.swift:24: -[ChatterboxTTSTests.VoiceEncoderTests testEmbeddingMatchesOracle] : Test skipped - golden /tmp/cbx_ve.safetensors not present; run /tmp/cbx_ve_golden.py
Test Case '-[ChatterboxTTSTests.VoiceEncoderTests testEmbeddingMatchesOracle]' skipped (0.000 seconds).
Test Suite 'VoiceEncoderTests' passed at 2026-07-27 07:43:09.268.
	 Executed 1 test, with 1 test skipped and 0 failures (0 unexpected) in 0.000 (0.000) seconds
Test Suite 'VoxCPM2TTSConfigTests' started at 2026-07-27 07:43:09.268.
Test Case '-[VoxCPM2TTSTests.VoxCPM2TTSConfigTests testAudioVAECastPromotesParametersToFloat32]' started.
Test Case '-[VoxCPM2TTSTests.VoxCPM2TTSConfigTests testAudioVAECastPromotesParametersToFloat32]' passed (0.012 seconds).
Test Case '-[VoxCPM2TTSTests.VoxCPM2TTSConfigTests testAudioVAEConfigDefaults]' started.
Test Case '-[VoxCPM2TTSTests.VoxCPM2TTSConfigTests testAudioVAEConfigDefaults]' passed (0.000 seconds).
Test Case '-[VoxCPM2TTSTests.VoxCPM2TTSConfigTests testMiniCPMLongRoPEUsesLongFactorForOfficialVoxCPM2Config]' started.
Test Case '-[VoxCPM2TTSTests.VoxCPM2TTSConfigTests testMiniCPMLongRoPEUsesLongFactorForOfficialVoxCPM2Config]' passed (0.002 seconds).
Test Case '-[VoxCPM2TTSTests.VoxCPM2TTSConfigTests testModelArgsLoadsOfficialStyleConfigWithoutLegacyLmKeys]' started.
Test Case '-[VoxCPM2TTSTests.VoxCPM2TTSConfigTests testModelArgsLoadsOfficialStyleConfigWithoutLegacyLmKeys]' passed (0.000 seconds).
Test Case '-[VoxCPM2TTSTests.VoxCPM2TTSConfigTests testModelArgsRoundTripAndLoad]' started.
Test Case '-[VoxCPM2TTSTests.VoxCPM2TTSConfigTests testModelArgsRoundTripAndLoad]' passed (0.001 seconds).
Test Case '-[VoxCPM2TTSTests.VoxCPM2TTSConfigTests testRopeScalingCodableSnakeCase]' started.
Test Case '-[VoxCPM2TTSTests.VoxCPM2TTSConfigTests testRopeScalingCodableSnakeCase]' passed (0.000 seconds).
Test Case '-[VoxCPM2TTSTests.VoxCPM2TTSConfigTests testTokenizeMatchesWrappedTokenizerLikeUpstream]' started.
Test Case '-[VoxCPM2TTSTests.VoxCPM2TTSConfigTests testTokenizeMatchesWrappedTokenizerLikeUpstream]' passed (0.049 seconds).
Test Case '-[VoxCPM2TTSTests.VoxCPM2TTSConfigTests testTokenizePreservesCJKSplitMapWithLlamaStyleTokens]' started.
Test Case '-[VoxCPM2TTSTests.VoxCPM2TTSConfigTests testTokenizePreservesCJKSplitMapWithLlamaStyleTokens]' passed (0.048 seconds).
Test Case '-[VoxCPM2TTSTests.VoxCPM2TTSConfigTests testTokenizerConfigOverlayRewritesTokenizerClassToLlamaTokenizer]' started.
Test Case '-[VoxCPM2TTSTests.VoxCPM2TTSConfigTests testTokenizerConfigOverlayRewritesTokenizerClassToLlamaTokenizer]' passed (0.001 seconds).
Test Case '-[VoxCPM2TTSTests.VoxCPM2TTSConfigTests testUnifiedCFMTimeSpanMatchesUpstreamSwaySchedule]' started.
Test Case '-[VoxCPM2TTSTests.VoxCPM2TTSConfigTests testUnifiedCFMTimeSpanMatchesUpstreamSwaySchedule]' passed (0.000 seconds).
Test Case '-[VoxCPM2TTSTests.VoxCPM2TTSConfigTests testVoxCPM2ChineseTokenSplitMapExpandsMultiCharTokens]' started.
Test Case '-[VoxCPM2TTSTests.VoxCPM2TTSConfigTests testVoxCPM2ChineseTokenSplitMapExpandsMultiCharTokens]' passed (0.000 seconds).
Test Case '-[VoxCPM2TTSTests.VoxCPM2TTSConfigTests testVoxCPM2TokenizerCompatibilityPathPromotesTokenizerClassToLlamaTokenizer]' started.
Test Case '-[VoxCPM2TTSTests.VoxCPM2TTSConfigTests testVoxCPM2TokenizerCompatibilityPathPromotesTokenizerClassToLlamaTokenizer]' passed (0.001 seconds).
Test Suite 'VoxCPM2TTSConfigTests' passed at 2026-07-27 07:43:09.384.
	 Executed 12 tests, with 0 failures (0 unexpected) in 0.115 (0.116) seconds
Test Suite 'VoxCPM2TTSLayerTests' started at 2026-07-27 07:43:09.384.
Test Case '-[VoxCPM2TTSTests.VoxCPM2TTSLayerTests testScalarQuantizationLayerInitializes]' started.
Test Case '-[VoxCPM2TTSTests.VoxCPM2TTSLayerTests testScalarQuantizationLayerInitializes]' passed (0.000 seconds).
Test Suite 'VoxCPM2TTSLayerTests' passed at 2026-07-27 07:43:09.384.
	 Executed 1 test, with 0 failures (0 unexpected) in 0.000 (0.000) seconds
Test Suite 'VoxCPM2TTSQuantizationTests' started at 2026-07-27 07:43:09.384.
Test Case '-[VoxCPM2TTSTests.VoxCPM2TTSQuantizationTests testFloat32PromotionSkipsQuantizedModules]' started.
Test Case '-[VoxCPM2TTSTests.VoxCPM2TTSQuantizationTests testFloat32PromotionSkipsQuantizedModules]' passed (0.000 seconds).
Test Suite 'VoxCPM2TTSQuantizationTests' passed at 2026-07-27 07:43:09.384.
	 Executed 1 test, with 0 failures (0 unexpected) in 0.000 (0.000) seconds
Test Suite 'VoxtralASRTests' started at 2026-07-27 07:43:09.384.
Test Case '-[VoxtralASRTests.VoxtralASRTests testDecodesPublishedConfiguration]' started.
Test Case '-[VoxtralASRTests.VoxtralASRTests testDecodesPublishedConfiguration]' passed (0.001 seconds).
Test Case '-[VoxtralASRTests.VoxtralASRTests testInt5BundleRoundTripsThroughPublishedLoader]' started.
Test Case '-[VoxtralASRTests.VoxtralASRTests testInt5BundleRoundTripsThroughPublishedLoader]' passed (0.045 seconds).
Test Case '-[VoxtralASRTests.VoxtralASRTests testLastStateProjectionMatchesFullSequenceLastRow]' started.
Test Case '-[VoxtralASRTests.VoxtralASRTests testLastStateProjectionMatchesFullSequenceLastRow]' passed (0.003 seconds).
Test Case '-[VoxtralASRTests.VoxtralASRTests testOfficialLanguagePromptTokenIDs]' started.
Test Case '-[VoxtralASRTests.VoxtralASRTests testOfficialLanguagePromptTokenIDs]' passed (0.000 seconds).
Test Case '-[VoxtralASRTests.VoxtralASRTests testPublishedDownloadFilesContainOnlyRuntimeInputs]' started.
Test Case '-[VoxtralASRTests.VoxtralASRTests testPublishedDownloadFilesContainOnlyRuntimeInputs]' passed (0.000 seconds).
Test Case '-[VoxtralASRTests.VoxtralASRTests testPublishedVariantsUseSupportedFormats]' started.
Test Case '-[VoxtralASRTests.VoxtralASRTests testPublishedVariantsUseSupportedFormats]' passed (0.000 seconds).
Test Case '-[VoxtralASRTests.VoxtralASRTests testQuantizationContractRejectsInt7]' started.
Test Case '-[VoxtralASRTests.VoxtralASRTests testQuantizationContractRejectsInt7]' passed (0.000 seconds).
Test Case '-[VoxtralASRTests.VoxtralASRTests testTekkenPromptAndByteDecode]' started.
Test Case '-[VoxtralASRTests.VoxtralASRTests testTekkenPromptAndByteDecode]' passed (0.000 seconds).
Test Case '-[VoxtralASRTests.VoxtralASRTests testThirtySecondPackingGeometry]' started.
Test Case '-[VoxtralASRTests.VoxtralASRTests testThirtySecondPackingGeometry]' passed (0.000 seconds).
Test Case '-[VoxtralASRTests.VoxtralASRTests testTinyModelParameterTreeMatchesConvertedKeys]' started.
Test Case '-[VoxtralASRTests.VoxtralASRTests testTinyModelParameterTreeMatchesConvertedKeys]' passed (0.002 seconds).
Test Suite 'VoxtralASRTests' passed at 2026-07-27 07:43:09.436.
	 Executed 10 tests, with 0 failures (0 unexpected) in 0.051 (0.052) seconds
Test Suite 'WAVParsingSecurityTests' started at 2026-07-27 07:43:09.436.
Test Case '-[Qwen3ASRTests.WAVParsingSecurityTests testExtraChunkWithHugeSize]' started.
Test Case '-[Qwen3ASRTests.WAVParsingSecurityTests testExtraChunkWithHugeSize]' passed (0.001 seconds).
Test Case '-[Qwen3ASRTests.WAVParsingSecurityTests testMissingRIFFHeader]' started.
Test Case '-[Qwen3ASRTests.WAVParsingSecurityTests testMissingRIFFHeader]' passed (0.000 seconds).
Test Case '-[Qwen3ASRTests.WAVParsingSecurityTests testMissingWAVEFormat]' started.
Test Case '-[Qwen3ASRTests.WAVParsingSecurityTests testMissingWAVEFormat]' passed (0.000 seconds).
Test Case '-[Qwen3ASRTests.WAVParsingSecurityTests testNoDataChunk]' started.
Test Case '-[Qwen3ASRTests.WAVParsingSecurityTests testNoDataChunk]' passed (0.000 seconds).
Test Case '-[Qwen3ASRTests.WAVParsingSecurityTests testOversizedDataChunkSize]' started.
Test Case '-[Qwen3ASRTests.WAVParsingSecurityTests testOversizedDataChunkSize]' passed (0.000 seconds).
Test Case '-[Qwen3ASRTests.WAVParsingSecurityTests testSamplesConstrainedToChunkSize]' started.
Test Case '-[Qwen3ASRTests.WAVParsingSecurityTests testSamplesConstrainedToChunkSize]' passed (0.000 seconds).
Test Case '-[Qwen3ASRTests.WAVParsingSecurityTests testTooSmallFile]' started.
Test Case '-[Qwen3ASRTests.WAVParsingSecurityTests testTooSmallFile]' passed (0.000 seconds).
Test Case '-[Qwen3ASRTests.WAVParsingSecurityTests testValidMonoWAV]' started.
Test Case '-[Qwen3ASRTests.WAVParsingSecurityTests testValidMonoWAV]' passed (0.000 seconds).
Test Case '-[Qwen3ASRTests.WAVParsingSecurityTests testValidStereoWAV]' started.
Test Case '-[Qwen3ASRTests.WAVParsingSecurityTests testValidStereoWAV]' passed (0.000 seconds).
Test Case '-[Qwen3ASRTests.WAVParsingSecurityTests testZeroChannelsRejected]' started.
Test Case '-[Qwen3ASRTests.WAVParsingSecurityTests testZeroChannelsRejected]' passed (0.000 seconds).
Test Suite 'WAVParsingSecurityTests' passed at 2026-07-27 07:43:09.440.
	 Executed 10 tests, with 0 failures (0 unexpected) in 0.004 (0.004) seconds
Test Suite 'WAVWriterTests' started at 2026-07-27 07:43:09.440.
Test Case '-[AudioCommonTests.WAVWriterTests testDifferentSampleRates]' started.
Test Case '-[AudioCommonTests.WAVWriterTests testDifferentSampleRates]' passed (0.002 seconds).
Test Case '-[AudioCommonTests.WAVWriterTests testRoundTripPreservesLength]' started.
Test Case '-[AudioCommonTests.WAVWriterTests testRoundTripPreservesLength]' passed (0.001 seconds).
Test Case '-[AudioCommonTests.WAVWriterTests testWriteAndReadBack]' started.
Test Case '-[AudioCommonTests.WAVWriterTests testWriteAndReadBack]' passed (0.000 seconds).
Test Case '-[AudioCommonTests.WAVWriterTests testWriteEmptySamples]' started.
Test Case '-[AudioCommonTests.WAVWriterTests testWriteEmptySamples]' passed (0.000 seconds).
Test Suite 'WAVWriterTests' passed at 2026-07-27 07:43:09.444.
	 Executed 4 tests, with 0 failures (0 unexpected) in 0.003 (0.003) seconds
Test Suite 'Wav2Vec2FrontendShapesTests' started at 2026-07-27 07:43:09.444.
Test Case '-[OmnilingualASRTests.Wav2Vec2FrontendShapesTests testFeatureExtractorOutputLength10s]' started.
Test Case '-[OmnilingualASRTests.Wav2Vec2FrontendShapesTests testFeatureExtractorOutputLength10s]' passed (0.001 seconds).
Test Case '-[OmnilingualASRTests.Wav2Vec2FrontendShapesTests testFeatureExtractorOutputLength5s]' started.
Test Case '-[OmnilingualASRTests.Wav2Vec2FrontendShapesTests testFeatureExtractorOutputLength5s]' passed (0.000 seconds).
Test Case '-[OmnilingualASRTests.Wav2Vec2FrontendShapesTests testFeatureExtractorRejectsTooShortInput]' started.
Test Case '-[OmnilingualASRTests.Wav2Vec2FrontendShapesTests testFeatureExtractorRejectsTooShortInput]' passed (0.000 seconds).
Test Suite 'Wav2Vec2FrontendShapesTests' passed at 2026-07-27 07:43:09.445.
	 Executed 3 tests, with 0 failures (0 unexpected) in 0.002 (0.002) seconds
Test Suite 'WeSpeakerTests' started at 2026-07-27 07:43:09.445.
Test Case '-[SpeechVADTests.WeSpeakerTests testBasicBlockDownsample]' started.
Test Case '-[SpeechVADTests.WeSpeakerTests testBasicBlockDownsample]' passed (0.002 seconds).
Test Case '-[SpeechVADTests.WeSpeakerTests testBasicBlockSameChannels]' started.
Test Case '-[SpeechVADTests.WeSpeakerTests testBasicBlockSameChannels]' passed (0.002 seconds).
Test Case '-[SpeechVADTests.WeSpeakerTests testCosineSimilarityOpposite]' started.
Test Case '-[SpeechVADTests.WeSpeakerTests testCosineSimilarityOpposite]' passed (0.000 seconds).
Test Case '-[SpeechVADTests.WeSpeakerTests testCosineSimilarityOrthogonal]' started.
Test Case '-[SpeechVADTests.WeSpeakerTests testCosineSimilarityOrthogonal]' passed (0.000 seconds).
Test Case '-[SpeechVADTests.WeSpeakerTests testCosineSimilaritySame]' started.
Test Case '-[SpeechVADTests.WeSpeakerTests testCosineSimilaritySame]' passed (0.000 seconds).
Test Case '-[SpeechVADTests.WeSpeakerTests testDiarizationConfigDefault]' started.
Test Case '-[SpeechVADTests.WeSpeakerTests testDiarizationConfigDefault]' passed (0.000 seconds).
Test Case '-[SpeechVADTests.WeSpeakerTests testDiarizationResultInit]' started.
Test Case '-[SpeechVADTests.WeSpeakerTests testDiarizationResultInit]' passed (0.000 seconds).
Test Case '-[SpeechVADTests.WeSpeakerTests testDiarizedSegmentDuration]' started.
Test Case '-[SpeechVADTests.WeSpeakerTests testDiarizedSegmentDuration]' passed (0.000 seconds).
Test Case '-[SpeechVADTests.WeSpeakerTests testMelExtractorCMN]' started.
Test Case '-[SpeechVADTests.WeSpeakerTests testMelExtractorCMN]' passed (0.026 seconds).
Test Case '-[SpeechVADTests.WeSpeakerTests testMelExtractorHammingWindow]' started.
Test Case '-[SpeechVADTests.WeSpeakerTests testMelExtractorHammingWindow]' passed (0.015 seconds).
Test Case '-[SpeechVADTests.WeSpeakerTests testMelExtractorNonZero]' started.
Test Case '-[SpeechVADTests.WeSpeakerTests testMelExtractorNonZero]' passed (0.018 seconds).
Test Case '-[SpeechVADTests.WeSpeakerTests testMelExtractorShape]' started.
Test Case '-[SpeechVADTests.WeSpeakerTests testMelExtractorShape]' passed (0.014 seconds).
Test Case '-[SpeechVADTests.WeSpeakerTests testPowersetBinarize]' started.
Test Case '-[SpeechVADTests.WeSpeakerTests testPowersetBinarize]' passed (0.000 seconds).
Test Case '-[SpeechVADTests.WeSpeakerTests testPowersetDecoderOverlap]' started.
Test Case '-[SpeechVADTests.WeSpeakerTests testPowersetDecoderOverlap]' passed (0.001 seconds).
Test Case '-[SpeechVADTests.WeSpeakerTests testPowersetDecoderShape]' started.
Test Case '-[SpeechVADTests.WeSpeakerTests testPowersetDecoderShape]' passed (0.001 seconds).
Test Case '-[SpeechVADTests.WeSpeakerTests testPowersetDecoderValues]' started.
Test Case '-[SpeechVADTests.WeSpeakerTests testPowersetDecoderValues]' passed (0.001 seconds).
Test Case '-[SpeechVADTests.WeSpeakerTests testResNet34L2Normalized]' started.
Test Case '-[SpeechVADTests.WeSpeakerTests testResNet34L2Normalized]' passed (0.011 seconds).
Test Case '-[SpeechVADTests.WeSpeakerTests testResNet34OutputShape]' started.
Test Case '-[SpeechVADTests.WeSpeakerTests testResNet34OutputShape]' passed (0.009 seconds).
Test Suite 'WeSpeakerTests' passed at 2026-07-27 07:43:09.545.
	 Executed 18 tests, with 0 failures (0 unexpected) in 0.098 (0.099) seconds
Test Suite 'WhisperBundleCacheTests' started at 2026-07-27 07:43:09.545.
Test Case '-[WhisperASRTests.WhisperBundleCacheTests testCompleteBundleIsAccepted]' started.
Test Case '-[WhisperASRTests.WhisperBundleCacheTests testCompleteBundleIsAccepted]' passed (0.004 seconds).
Test Case '-[WhisperASRTests.WhisperBundleCacheTests testEmptyPayloadIsRejected]' started.
Test Case '-[WhisperASRTests.WhisperBundleCacheTests testEmptyPayloadIsRejected]' passed (0.003 seconds).
Test Case '-[WhisperASRTests.WhisperBundleCacheTests testMissingPayloadIsRejected]' started.
Test Case '-[WhisperASRTests.WhisperBundleCacheTests testMissingPayloadIsRejected]' passed (0.003 seconds).
Test Suite 'WhisperBundleCacheTests' passed at 2026-07-27 07:43:09.555.
	 Executed 3 tests, with 0 failures (0 unexpected) in 0.011 (0.011) seconds
Test Suite 'WienerFilterMLXTests' started at 2026-07-27 07:43:09.555.
Test Case '-[SourceSeparationTests.WienerFilterMLXTests testMLXMatchesSwiftWiener]' started.
Test Case '-[SourceSeparationTests.WienerFilterMLXTests testMLXMatchesSwiftWiener]' passed (0.013 seconds).
Test Suite 'WienerFilterMLXTests' passed at 2026-07-27 07:43:09.569.
	 Executed 1 test, with 0 failures (0 unexpected) in 0.013 (0.013) seconds
Test Suite 'WordBoostingSelectionTests' started at 2026-07-27 07:43:09.569.
Test Case '-[NemotronStreamingASRTests.WordBoostingSelectionTests testBlankTokenWinsBeforeBoostingIsApplied]' started.
Test Case '-[NemotronStreamingASRTests.WordBoostingSelectionTests testBlankTokenWinsBeforeBoostingIsApplied]' passed (0.001 seconds).
Test Case '-[NemotronStreamingASRTests.WordBoostingSelectionTests testBoostedTokenWinsOnlyWhenCloseEnough]' started.
Test Case '-[NemotronStreamingASRTests.WordBoostingSelectionTests testBoostedTokenWinsOnlyWhenCloseEnough]' passed (0.000 seconds).
Test Case '-[NemotronStreamingASRTests.WordBoostingSelectionTests testConfiguredBoostCanOverrideRawLogitGap]' started.
Test Case '-[NemotronStreamingASRTests.WordBoostingSelectionTests testConfiguredBoostCanOverrideRawLogitGap]' passed (0.000 seconds).
Test Case '-[NemotronStreamingASRTests.WordBoostingSelectionTests testDivergentTokenResetsPhraseState]' started.
Test Case '-[NemotronStreamingASRTests.WordBoostingSelectionTests testDivergentTokenResetsPhraseState]' passed (0.000 seconds).
Test Case '-[NemotronStreamingASRTests.WordBoostingSelectionTests testFallbackWordBoostingUsesGreedyPathOnly]' started.
Test Case '-[NemotronStreamingASRTests.WordBoostingSelectionTests testFallbackWordBoostingUsesGreedyPathOnly]' passed (0.000 seconds).
Test Case '-[NemotronStreamingASRTests.WordBoostingSelectionTests testSelectedBoostedTokenAdvancesPhraseState]' started.
Test Case '-[NemotronStreamingASRTests.WordBoostingSelectionTests testSelectedBoostedTokenAdvancesPhraseState]' passed (0.000 seconds).
Test Case '-[NemotronStreamingASRTests.WordBoostingSelectionTests testWordBoostingSuggestionReportsUnencodablePhrase]' started.
Test Case '-[NemotronStreamingASRTests.WordBoostingSelectionTests testWordBoostingSuggestionReportsUnencodablePhrase]' passed (0.000 seconds).
Test Case '-[NemotronStreamingASRTests.WordBoostingSelectionTests testWordBoostingSuggestionsAreBatchComputed]' started.
Test Case '-[NemotronStreamingASRTests.WordBoostingSelectionTests testWordBoostingSuggestionsAreBatchComputed]' passed (0.000 seconds).
Test Case '-[NemotronStreamingASRTests.WordBoostingSelectionTests testWordBoostingSupportsPerPhraseBoosts]' started.
Test Case '-[NemotronStreamingASRTests.WordBoostingSelectionTests testWordBoostingSupportsPerPhraseBoosts]' passed (0.000 seconds).
Test Case '-[NemotronStreamingASRTests.WordBoostingSelectionTests testWordBoostingUsesExactCasingForFallback]' started.
Test Case '-[NemotronStreamingASRTests.WordBoostingSelectionTests testWordBoostingUsesExactCasingForFallback]' passed (0.000 seconds).
Test Case '-[NemotronStreamingASRTests.WordBoostingSelectionTests testZeroBoostDisablesWordBoostingContext]' started.
Test Case '-[NemotronStreamingASRTests.WordBoostingSelectionTests testZeroBoostDisablesWordBoostingContext]' passed (0.000 seconds).
Test Suite 'WordBoostingSelectionTests' passed at 2026-07-27 07:43:09.571.
	 Executed 11 tests, with 0 failures (0 unexpected) in 0.002 (0.002) seconds
Test Suite 'WordBoostingTokenizerTests' started at 2026-07-27 07:43:09.571.
Test Case '-[NemotronStreamingASRTests.WordBoostingTokenizerTests testSentencePieceTokenizerMatchesCachedNemotronModelWhenAvailable]' started.
/Users/ivan/repos/speech-swift-tts-download/Tests/NemotronStreamingASRTests/WordBoostingTests.swift:74: -[NemotronStreamingASRTests.WordBoostingTokenizerTests testSentencePieceTokenizerMatchesCachedNemotronModelWhenAvailable] : Test skipped - Cached Nemotron tokenizer.model is not available
Test Case '-[NemotronStreamingASRTests.WordBoostingTokenizerTests testSentencePieceTokenizerMatchesCachedNemotronModelWhenAvailable]' skipped (0.000 seconds).
Test Case '-[NemotronStreamingASRTests.WordBoostingTokenizerTests testSentencePieceUnigramChoosesHighestScoringPath]' started.
Test Case '-[NemotronStreamingASRTests.WordBoostingTokenizerTests testSentencePieceUnigramChoosesHighestScoringPath]' passed (0.000 seconds).
Test Case '-[NemotronStreamingASRTests.WordBoostingTokenizerTests testSuggestionTreatsShortSinglePieceTermAsEasy]' started.
Test Case '-[NemotronStreamingASRTests.WordBoostingTokenizerTests testSuggestionTreatsShortSinglePieceTermAsEasy]' passed (0.000 seconds).
Test Suite 'WordBoostingTokenizerTests' passed at 2026-07-27 07:43:09.572.
	 Executed 3 tests, with 1 test skipped and 0 failures (0 unexpected) in 0.001 (0.001) seconds
Test Suite 'WordBoostingTreeTests' started at 2026-07-27 07:43:09.572.
Test Case '-[NemotronStreamingASRTests.WordBoostingTreeTests testTreeFallsBackToOverlappingPhrasePrefix]' started.
Test Case '-[NemotronStreamingASRTests.WordBoostingTreeTests testTreeFallsBackToOverlappingPhrasePrefix]' passed (0.000 seconds).
Test Case '-[NemotronStreamingASRTests.WordBoostingTreeTests testTreeRecomputesSharedPrefixScoresForHigherLaterBoost]' started.
Test Case '-[NemotronStreamingASRTests.WordBoostingTreeTests testTreeRecomputesSharedPrefixScoresForHigherLaterBoost]' passed (0.000 seconds).
Test Case '-[NemotronStreamingASRTests.WordBoostingTreeTests testTreeReturnsDepthScaledScoresForPhrasePrefix]' started.
Test Case '-[NemotronStreamingASRTests.WordBoostingTreeTests testTreeReturnsDepthScaledScoresForPhrasePrefix]' passed (0.000 seconds).
Test Suite 'WordBoostingTreeTests' passed at 2026-07-27 07:43:09.572.
	 Executed 3 tests, with 0 failures (0 unexpected) in 0.000 (0.000) seconds
Test Suite 'WordBoostingVocabularyTests' started at 2026-07-27 07:43:09.572.
Test Case '-[NemotronStreamingASRTests.WordBoostingVocabularyTests testEncodeForWordBoostingReturnsNilForUnsegmentablePhrase]' started.
Test Case '-[NemotronStreamingASRTests.WordBoostingVocabularyTests testEncodeForWordBoostingReturnsNilForUnsegmentablePhrase]' passed (0.000 seconds).
Test Case '-[NemotronStreamingASRTests.WordBoostingVocabularyTests testEncodeForWordBoostingUsesSentencePieceBoundaries]' started.
Test Case '-[NemotronStreamingASRTests.WordBoostingVocabularyTests testEncodeForWordBoostingUsesSentencePieceBoundaries]' passed (0.000 seconds).
Test Case '-[NemotronStreamingASRTests.WordBoostingVocabularyTests testEncodingsForWordBoostingIncludesAlternativeSegmentations]' started.
Test Case '-[NemotronStreamingASRTests.WordBoostingVocabularyTests testEncodingsForWordBoostingIncludesAlternativeSegmentations]' passed (0.000 seconds).
Test Suite 'WordBoostingVocabularyTests' passed at 2026-07-27 07:43:09.572.
	 Executed 3 tests, with 0 failures (0 unexpected) in 0.000 (0.000) seconds
Test Suite 'Qwen3SpeechPackageTests.xctest' passed at 2026-07-27 07:43:09.572.
	 Executed 1558 tests, with 48 tests skipped and 0 failures (0 unexpected) in 502.331 (510.430) seconds
Test Suite 'Selected tests' passed at 2026-07-27 07:43:09.573.
	 Executed 1558 tests, with 48 tests skipped and 0 failures (0 unexpected) in 502.331 (510.435) seconds
Loading: model.safetensors
Audio tower: 397, Text decoder: 704, Classify head: 1
Applied audio encoder weights (24 layers)
Applied quantized text decoder weights (28 layers)
Applied classify head weights
Audio: 20.0s (480000 samples at 24000Hz)
Audio encoder: 208ms (mel + 24L transformer + projector)
  Audio tokens: 260
Run 1: 210ms (11 words)
Run 2: 210ms (11 words)
Run 3: 211ms (11 words)

Summary (debug build):
  Encoder: 208ms
  Full align avg: 210ms (best: 210ms)
  Audio duration: 20.0s
  RTF: 0.010
Pre-allocated: 0.124s, Concat: 0.176s, Speedup: 1.4x
fbank parity: max|Δ|=0.0002529621, mean|Δ|=4.018316e-06
[PROBE] qProj+RMSNorm+RoPE T=1: row0–row1 maxDiff = 5.446372
[PROBE] qProj+RMSNorm T=1: row0–row1 maxDiff = 0.0
[PROBE] quantizedMatmul T=1: row0–row1 maxDiff = 0.0
[PROBE] quantizedMatmul T=148: row0–row1 maxDiff = 0.0
[PROBE] RoPE T=1 B=1 offset=148 (twice): maxDiff = 0.0
[PROBE] RoPE T=1 B=2 offset=0: row0–row1 maxDiff = 4.8265014
[PROBE] RoPE T=1 B=2 offset=148: row0–row1 maxDiff = 5.853364
[PROBE] RoPE T=2 B=2 offset=148: row0–row1 maxDiff = 0.0
Loaded 480000 samples at 24000Hz (20.0s)
[dense-gen] «What is the capital of France?» → «The capital of France is Paris.»
[dense-gen] «Say hello in one short sentence.» → «Hello! 😊»
[dense-parity] argmax=358 logit=11.3125 top5=(358, 11.312) (220, 9.875) (320, 9.875) (1096, 9.875) (11162, 9.812)
[0%] Downloading model...
[13%] Downloading weights...
[26%] Downloading weights...
[40%] Downloading weights...
[53%] Downloading weights...
[66%] Downloading weights...
[80%] Downloading weights...
[80%] Downloading weights...
[80%] Loading tokenizer...
[85%] Loading audio encoder weights...
Found 1 safetensor files
Loading: model.safetensors
Applied weights to audio encoder (18 layers, 301 tensors)
[92%] Loading text decoder weights...
Applied weights to text decoder (28 layers, 704 tensors)
[100%] Ready
[0%] Downloading model...
[40%] Downloading weights...
[80%] Downloading weights...
[80%] Downloading weights...
[80%] Loading model...
[100%] Ready
[force-split] [5.18s-6.21s] [FINAL] Can you guarantee the?
[force-split] [6.21s-7.23s] [FINAL] The replacement part.
[force-split] [7.23s-8.26s] [FINAL] It will be shipped tomorrow.
[force-split] [5.18s-8.42s] [FINAL] Oh.
Loaded audio: 320000 samples (20.00s)
[0%] Downloading model...
[80%] Downloading weights...
[80%] Loading tokenizer...
[85%] Loading audio encoder weights...
Found 1 safetensor files
Loading: model.safetensors
Applied weights to audio encoder (18 layers, 301 tensors)
[92%] Loading text decoder weights...
Applied weights to text decoder (28 layers, 704 tensors)
[100%] Ready
[0%] Downloading model...
[80%] Downloading weights...
[80%] Loading model...
[100%] Ready
[5.18s-8.42s] [FINAL] Can you guarantee that the replacement part will be shipped tomorrow?
Full transcription: Can you guarantee that the replacement part will be shipped tomorrow?
[0%] Downloading model...
[80%] Downloading weights...
[80%] Loading tokenizer...
[85%] Loading audio encoder weights...
Found 1 safetensor files
Loading: model.safetensors
Applied weights to audio encoder (18 layers, 301 tensors)
[92%] Loading text decoder weights...
Applied weights to text decoder (28 layers, 704 tensors)
[100%] Ready
[0%] Downloading model...
[80%] Downloading weights...
[80%] Loading model...
[100%] Ready
[5.18s-5.70s] [partial] Can you guarantee?
[5.18s-6.21s] [partial] Can you guarantee the?
[5.18s-6.72s] [partial] Can you guarantee that the replace?
[5.18s-7.23s] [partial] Can you guarantee that the replacement part?
[5.18s-7.74s] [partial] Can you guarantee that the replacement part will be shipped?
[5.18s-8.26s] [partial] Can you guarantee that the replacement part will be shipped tomorrow?
[5.18s-8.42s] [FINAL] Can you guarantee that the replacement part will be shipped tomorrow?
Partial segments: 6, Final segments: 1
  Bundle: unquantised (bf16) — LLM + DiT stay in plain Linear form
  Fixed flow noise: flow_noise.bin [1, 80, 15000]
  Bundle: unquantised (bf16) — LLM + DiT stay in plain Linear form
  Fixed flow noise: flow_noise.bin [1, 80, 15000]
  Bundle: unquantised (bf16) — LLM + DiT stay in plain Linear form
  Fixed flow noise: flow_noise.bin [1, 80, 15000]
◇ Test run started.
↳ Testing Library Version: 1902
↳ Target Platform: arm64e-apple-macos14.0
✔ Test run with 0 tests in 0 suites passed after 0.001 seconds.
